"","SA2_CODE","Bicycle ","Bus ","Car, as driver ","Car, as passenger ","Ferry ","Motorbike/scooter ","Taxi ","Train ","Tram ","Truck ","Walked only "
"1","101021007",5,11,932,70,0,5,0,3,0,45,114
"2","101021008",19,37,3126,290,4,45,7,0,3,38,62
"3","101021009",54,112,4007,360,3,67,20,3,0,41,239
"4","101021010",20,41,1878,160,0,22,8,0,0,26,101
"5","101021011",24,37,6293,448,0,56,4,4,0,140,153
"6","101021012",42,40,5469,407,3,77,10,3,0,44,69
"7","101031013",0,3,674,46,0,4,0,0,0,29,61
"8","101031014",22,8,1899,193,0,13,9,3,0,34,203
"9","101031015",0,7,938,79,3,6,0,0,0,28,77
"10","101031016",29,30,2155,226,0,5,3,21,0,29,399
"11","101041017",14,6,1745,159,0,14,0,0,0,30,97
"12","101041018",16,25,1958,168,0,10,3,3,0,45,71
"13","101041019",25,12,2273,170,0,17,0,4,0,52,216
"14","101041020",9,22,2345,114,0,23,0,0,0,54,129
"15","101041021",22,3,851,57,0,7,0,0,0,24,41
"16","101041022",0,0,3,0,0,0,0,0,0,0,0
"17","101041023",3,4,759,54,0,0,3,0,0,19,73
"18","101041024",5,5,898,47,0,7,0,0,0,29,59
"19","101041025",16,12,2735,175,0,16,0,3,0,37,197
"20","101041026",20,20,1954,137,0,11,3,0,0,56,104
"21","101041027",11,8,1785,104,0,16,0,3,0,52,139
"22","101051539",26,53,6897,674,0,43,36,15,0,117,332
"23","101051540",9,14,3467,234,8,44,3,8,0,151,198
"24","101061541",4,37,1958,176,0,6,3,0,0,58,115
"25","101061542",9,40,3805,311,0,52,4,4,0,133,189
"26","101061543",7,6,2899,242,0,11,10,3,0,78,180
"27","101061544",5,13,1763,123,0,18,3,3,0,96,225
"28","102011028",5,18,2357,118,5,17,3,73,0,31,37
"29","102011029",11,17,2812,150,6,19,4,246,0,49,41
"30","102011030",0,3,1188,68,0,16,0,30,0,55,144
"31","102011031",23,37,3564,256,0,23,4,179,0,57,123
"32","102011032",32,157,5067,378,0,45,9,671,0,45,309
"33","102011033",9,29,2134,167,0,16,3,66,0,34,28
"34","102011034",9,23,1975,106,0,11,0,69,0,24,50
"35","102011035",6,33,2076,157,0,16,11,247,0,26,11
"36","102011036",8,19,2520,194,0,21,0,259,0,41,51
"37","102011037",17,32,1535,115,0,11,5,391,0,12,30
"38","102011038",5,37,2234,117,0,11,0,55,0,34,31
"39","102011039",17,58,4381,283,0,15,4,180,0,68,116
"40","102011040",41,128,5018,423,8,43,8,705,3,71,199
"41","102011041",13,41,3154,188,0,15,0,72,0,50,37
"42","102011042",26,56,2685,238,0,13,4,656,0,47,133
"43","102011043",10,71,2970,209,0,28,9,261,0,33,76
"44","102021044",27,125,6618,423,0,36,4,101,0,113,130
"45","102021045",3,40,3296,292,0,23,0,56,0,55,24
"46","102021046",8,27,2561,157,0,20,0,27,0,54,53
"47","102021047",34,51,5142,348,0,21,7,153,0,88,64
"48","102021048",24,103,5634,446,3,44,3,128,4,135,135
"49","102021049",0,3,1089,63,0,5,0,27,0,26,30
"50","102021050",3,24,2891,170,0,10,0,32,3,52,53
"51","102021051",5,9,1661,98,0,10,0,98,0,20,30
"52","102021052",0,19,1764,105,0,3,0,11,0,26,28
"53","102021053",22,144,3983,245,0,23,3,60,0,63,130
"54","102021054",5,27,2419,171,3,13,4,35,0,47,64
"55","102021055",8,17,1574,124,0,11,0,120,0,24,79
"56","102021056",12,55,4633,383,0,16,0,172,0,67,58
"57","102021057",7,24,2138,194,0,5,7,161,0,37,68
"58","103011058",58,28,7358,579,0,36,30,17,0,75,526
"59","103011059",23,19,3607,274,3,15,5,3,0,66,88
"60","103011060",3,9,2064,125,0,14,0,0,0,77,81
"61","103011061",4,3,1290,72,0,5,0,0,0,48,83
"62","103021062",6,27,1565,139,0,19,0,0,0,53,226
"63","103021063",12,3,2307,224,0,14,4,0,0,64,170
"64","103021064",5,3,1349,83,0,24,0,0,0,55,105
"65","103021065",14,22,2767,208,0,17,9,0,0,67,199
"66","103021066",6,10,765,56,0,9,0,0,0,25,105
"67","103021067",17,13,3027,297,0,17,25,0,0,51,202
"68","103021068",3,3,708,52,0,8,0,0,0,30,108
"69","103021069",12,61,1345,152,0,4,0,3,0,55,142
"70","103031070",25,12,3127,224,0,7,15,41,0,45,240
"71","103031071",4,13,2247,109,0,6,6,19,0,66,124
"72","103031072",22,6,3460,370,0,18,6,0,0,64,222
"73","103031073",0,7,650,49,0,7,0,0,0,19,57
"74","103031074",3,5,2515,153,0,33,0,9,0,85,190
"75","103031075",0,0,0,0,0,0,0,0,0,0,0
"76","103041076",3,14,2167,112,0,18,0,4,3,62,137
"77","103041077",57,44,5290,509,6,44,33,11,0,62,383
"78","103041078",32,26,6956,574,0,20,19,11,0,88,169
"79","103041079",5,12,3708,213,3,20,0,3,0,84,212
"80","104011080",120,22,4432,379,0,37,11,5,0,85,315
"81","104011081",8,25,3770,251,0,35,0,0,0,115,156
"82","104011082",51,24,3444,230,0,22,3,3,0,70,289
"83","104021083",20,3,1360,109,0,7,4,0,0,21,131
"84","104021084",73,37,4768,447,5,65,12,0,0,66,217
"85","104021085",52,31,2667,266,0,25,6,0,0,43,227
"86","104021086",3,3,1187,65,0,8,0,3,0,40,34
"87","104021087",4,10,629,52,0,7,0,0,0,27,91
"88","104021088",7,11,2919,183,0,17,3,5,0,54,69
"89","104021089",74,37,5731,452,0,63,9,3,0,80,182
"90","104021090",7,3,1215,71,0,10,0,0,0,25,53
"91","104021091",12,23,3399,394,3,28,0,0,0,68,128
"92","105011092",15,7,740,95,0,23,4,0,0,35,252
"93","105011093",18,9,1233,117,0,19,3,0,0,25,135
"94","105011094",4,7,892,67,0,13,0,0,0,16,113
"95","105011095",16,55,1249,87,0,15,0,0,0,40,159
"96","105011096",12,7,1182,131,0,10,0,0,0,41,263
"97","105021097",34,31,4836,415,5,48,9,3,0,36,321
"98","105021098",3,6,325,37,0,23,0,0,0,7,174
"99","105031099",5,17,1585,124,0,34,0,0,0,75,245
"100","105031100",20,20,3556,307,0,22,9,0,0,61,107
"101","105031101",57,30,5870,554,0,60,26,4,0,72,309
"102","105031102",17,16,2860,268,0,27,10,0,0,45,79
"103","105031103",3,7,1915,85,0,14,0,0,0,59,59
"104","105031104",4,3,1057,78,0,12,0,0,0,29,135
"105","105031105",13,9,1665,106,0,11,3,0,0,56,161
"106","105031106",4,14,1820,161,0,22,5,3,0,60,167
"107","106011107",4,12,3313,161,0,20,0,3,0,58,117
"108","106011108",19,27,5513,468,3,26,11,3,0,70,162
"109","106011109",0,9,2277,121,0,9,0,8,0,61,47
"110","106011110",7,8,2597,141,0,13,7,6,0,76,141
"111","106011111",10,34,5062,379,3,37,4,11,0,93,96
"112","106011112",26,24,5462,374,0,45,12,6,0,74,304
"113","106011113",0,4,1420,68,0,26,3,4,0,34,51
"114","106021114",11,17,2162,117,0,12,6,19,0,25,88
"115","106021115",40,56,8837,602,0,46,7,86,0,88,171
"116","106021116",19,13,2754,137,0,17,3,14,0,39,56
"117","106021117",19,61,7167,542,4,40,17,33,0,91,124
"118","106021118",12,17,3814,196,0,26,0,36,0,46,54
"119","106031119",5,30,1662,126,0,8,0,0,0,32,75
"120","106031120",9,24,1604,90,0,17,3,0,0,24,32
"121","106031121",38,73,5296,388,3,33,4,13,0,58,251
"122","106031122",14,54,3924,284,3,39,3,3,0,56,114
"123","106031123",0,3,1966,89,0,15,0,4,0,68,26
"124","106031124",9,4,921,63,0,6,0,0,0,19,73
"125","106031125",35,32,4270,236,3,40,0,0,0,87,151
"126","106041126",13,13,3621,251,4,39,4,9,0,35,122
"127","106041127",0,4,1234,74,0,16,0,0,0,24,79
"128","106041128",12,6,1821,164,0,8,0,3,0,24,121
"129","106041129",8,17,2279,155,0,26,0,3,0,53,222
"130","107011131",16,100,6962,469,0,39,6,189,5,98,92
"131","107011132",13,38,3126,207,0,20,6,78,0,36,30
"132","107011133",0,0,0,0,0,0,0,0,0,0,0
"133","107011134",34,81,5055,364,0,41,3,134,0,45,58
"134","107011545",11,87,3516,302,0,35,15,70,0,45,63
"135","107011546",17,56,2122,191,0,11,3,51,3,21,73
"136","107011547",7,31,1138,79,0,8,3,12,0,19,21
"137","107021135",0,0,3,0,0,0,0,0,0,0,0
"138","107031136",10,30,5170,311,0,23,5,56,0,82,73
"139","107031137",13,18,2116,149,0,14,0,62,0,37,22
"140","107031138",8,8,2204,120,0,12,0,56,0,23,120
"141","107031139",5,12,1937,116,0,9,0,38,0,25,51
"142","107031140",13,12,2298,114,0,12,0,27,0,29,108
"143","107031141",18,59,6004,359,3,19,5,114,0,68,76
"144","107031142",11,35,3175,233,3,16,3,46,0,39,95
"145","107031143",30,100,5310,409,0,34,11,69,0,78,125
"146","107041144",78,249,5974,493,0,33,16,230,0,90,202
"147","107041145",51,92,4473,323,3,31,8,213,0,70,134
"148","107041146",68,174,6163,543,0,53,19,202,0,53,218
"149","107041147",12,6,2832,158,0,18,3,431,0,50,99
"150","107041148",33,60,3326,175,0,17,7,468,0,34,127
"151","107041150",75,98,6127,361,0,43,3,367,0,66,149
"152","107041548",90,261,3427,240,0,40,18,237,0,17,846
"153","107041549",69,247,4301,392,0,42,17,300,0,25,515
"154","108011151",6,10,1160,83,0,6,0,5,0,41,92
"155","108011152",46,20,3044,307,0,17,5,5,0,42,170
"156","108011153",4,9,1296,80,0,5,0,0,3,49,85
"157","108011154",17,9,1054,75,0,5,3,0,0,19,111
"158","108021155",13,19,3118,299,0,25,4,0,0,91,123
"159","108021156",19,17,2176,118,3,9,0,0,0,63,171
"160","108021157",6,10,1062,65,0,8,5,5,0,38,71
"161","108021158",0,14,1245,103,0,11,3,5,0,24,74
"162","108021159",0,12,1843,97,0,23,0,0,0,67,77
"163","108021160",7,10,1024,94,0,9,0,0,0,10,86
"164","108031161",54,0,45,7,0,9,0,0,0,3,51
"165","108041162",13,20,3861,228,4,16,0,3,0,82,180
"166","108041163",71,44,8315,657,3,114,23,3,0,83,269
"167","108041164",52,37,4220,362,0,45,16,3,0,56,278
"168","108041165",3,7,1444,77,0,16,0,0,0,51,64
"169","108041166",9,8,3007,211,0,27,8,0,0,76,108
"170","108051167",9,6,1091,79,0,11,0,4,0,35,100
"171","108051168",8,20,2669,144,0,22,0,3,0,50,94
"172","108051169",40,32,4615,443,0,43,14,5,0,87,231
"173","108051170",6,17,2722,141,3,30,3,5,0,86,141
"174","108051171",3,12,1324,97,0,15,5,0,0,35,55
"175","109011172",54,20,5661,336,0,45,0,0,3,33,198
"176","109011173",39,34,3168,220,4,25,5,3,3,32,94
"177","109011174",72,23,3215,192,0,16,16,5,0,19,326
"178","109011175",19,16,3411,161,0,19,0,4,0,101,228
"179","109011176",42,42,4382,329,0,27,12,0,0,34,124
"180","109021177",8,0,778,77,4,9,0,0,0,28,104
"181","109021178",8,17,1617,107,0,5,0,0,0,23,125
"182","109021179",11,8,920,75,0,7,0,0,0,15,151
"183","109031180",11,3,1545,101,0,3,3,0,0,13,85
"184","109031181",14,3,1765,115,0,8,0,3,0,40,123
"185","109031182",27,3,2219,166,0,5,0,0,0,40,155
"186","109031183",12,19,1697,83,0,24,0,0,0,37,229
"187","109031184",19,7,1776,108,0,3,0,4,0,22,54
"188","109031185",30,15,2391,139,0,17,0,3,3,65,258
"189","110011186",109,47,6351,683,0,67,35,3,3,94,535
"190","110011187",9,6,1168,93,0,27,0,0,0,52,106
"191","110011188",15,3,1796,109,0,26,0,3,0,47,112
"192","110011189",0,3,738,60,0,26,0,3,0,37,104
"193","110021190",14,10,1914,173,3,19,8,4,0,75,217
"194","110021191",22,14,3130,323,0,24,8,0,0,62,154
"195","110021192",0,7,1038,77,0,26,0,0,0,27,92
"196","110021193",4,9,1320,80,0,14,0,0,0,70,165
"197","110021194",7,16,1316,86,0,16,0,0,0,70,134
"198","110031195",16,5,2396,207,0,15,10,0,0,64,154
"199","110031196",9,5,1450,74,0,10,0,0,0,58,200
"200","110031197",13,43,2163,200,0,9,3,0,0,49,129
"201","110031198",0,9,1258,70,0,6,0,0,0,61,135
"202","110041199",10,73,2645,305,0,7,12,0,0,66,124
"203","110041200",3,21,1126,64,0,4,0,3,0,47,118
"204","110041201",0,8,1833,110,0,9,4,0,0,80,200
"205","110041202",49,46,6645,585,0,65,19,9,0,120,251
"206","110041203",23,26,4835,400,5,38,16,3,0,77,252
"207","110041204",9,10,1348,154,3,22,3,0,0,36,74
"208","110041205",13,31,5490,323,0,52,4,0,0,202,295
"209","111011206",25,89,5587,333,0,39,6,6,0,72,131
"210","111011207",7,45,1642,105,0,7,0,0,0,27,33
"211","111011208",89,175,7972,479,0,83,18,32,0,93,229
"212","111011209",63,143,7995,488,0,82,5,54,3,87,129
"213","111011210",7,46,2348,188,0,23,7,9,0,27,49
"214","111011211",19,18,1084,55,0,13,0,4,0,15,22
"215","111011212",13,51,3329,210,0,13,0,13,0,55,78
"216","111011213",23,34,4142,235,0,28,3,16,0,48,47
"217","111011214",22,52,4484,274,0,38,9,21,0,47,90
"218","111021215",7,18,2446,162,0,36,0,33,0,29,29
"219","111021216",3,15,2552,154,0,13,0,57,0,62,23
"220","111021217",10,41,5156,311,0,32,3,17,0,53,58
"221","111021218",15,13,3833,237,0,30,3,107,3,131,119
"222","111021219",11,41,3724,217,0,33,0,47,0,52,114
"223","111021220",5,11,2748,150,0,12,0,36,0,42,34
"224","111021221",4,15,2340,121,0,25,0,7,0,41,25
"225","111031222",102,149,5390,342,0,60,6,50,0,36,166
"226","111031223",12,17,2281,184,0,28,0,34,0,46,54
"227","111031224",189,210,3482,261,0,51,8,66,0,27,325
"228","111031225",133,161,5436,397,0,51,10,42,0,37,233
"229","111031226",27,63,5135,289,0,43,3,11,0,32,42
"230","111031227",121,194,4651,358,0,69,13,51,0,35,238
"231","111031228",213,72,4951,311,0,59,12,25,0,29,261
"232","111031229",163,190,3454,243,3,44,10,47,0,15,783
"233","111031230",0,0,4,0,0,0,0,0,0,0,0
"234","111031231",36,168,2697,221,0,43,11,21,0,31,167
"235","111031232",27,13,1855,95,71,9,0,6,0,30,93
"236","111031233",42,163,5958,420,0,68,18,18,0,59,154
"237","111031234",76,140,3665,277,0,57,7,35,0,36,172
"238","111031235",216,136,2662,183,3,41,15,24,0,12,220
"239","112011236",144,42,4357,315,0,34,9,4,0,71,239
"240","112011237",28,35,4962,308,0,45,3,6,0,98,189
"241","112011238",7,15,1503,73,0,9,5,3,0,26,127
"242","112011239",35,19,2242,134,0,18,4,0,0,35,83
"243","112011240",238,17,2425,166,0,44,10,5,0,20,235
"244","112011241",26,7,1248,94,0,8,0,0,0,32,95
"245","112011242",36,20,2595,162,0,25,0,3,0,34,117
"246","112011243",54,16,1841,100,0,20,4,0,0,44,126
"247","112021244",28,10,2948,277,0,27,7,0,0,57,170
"248","112021245",0,14,1700,111,0,10,0,0,0,53,107
"249","112021246",10,27,4079,365,0,41,3,0,0,60,93
"250","112021247",7,10,1625,102,0,16,0,5,0,41,148
"251","112021248",75,31,4117,378,3,48,18,3,0,63,354
"252","112021249",19,38,4520,244,0,33,0,3,0,101,184
"253","112031250",60,50,3716,220,3,27,0,9,4,35,169
"254","112031251",26,12,2223,149,0,22,11,3,0,51,143
"255","112031252",10,15,2448,126,0,22,8,4,0,90,121
"256","112031253",38,45,3818,211,4,21,5,6,3,71,166
"257","112031254",83,84,4996,338,5,49,11,11,0,68,239
"258","112031550",48,53,4502,336,0,43,7,0,0,59,64
"259","112031551",3,13,1078,61,0,12,3,0,0,25,17
"260","112031552",38,41,1725,153,0,20,6,4,0,22,79
"261","113011256",44,15,6308,784,0,32,20,8,0,69,213
"262","113011257",21,25,4061,285,0,24,0,0,0,76,358
"263","113011258",26,7,3121,258,0,13,4,4,0,28,178
"264","113011259",11,7,1545,108,0,8,0,0,0,32,164
"265","113021260",0,3,844,65,0,10,0,4,0,25,94
"266","113021261",12,3,1801,151,0,4,3,4,0,25,106
"267","113021262",3,0,1363,95,0,3,0,4,0,44,87
"268","113031263",20,16,1890,163,0,21,3,0,0,42,143
"269","113031264",0,8,1011,93,3,14,0,0,0,31,95
"270","113031265",5,6,1439,169,0,11,0,3,0,35,97
"271","113031266",16,13,1666,118,0,13,3,0,0,43,203
"272","113031267",43,28,6000,471,0,30,22,7,0,62,131
"273","113031268",16,8,1638,112,0,12,0,0,0,16,45
"274","113031269",40,36,7556,647,3,58,25,3,3,73,206
"275","113031270",65,27,3556,345,0,31,20,0,0,29,631
"276","113031271",20,19,4332,252,3,36,0,4,0,109,523
"277","114011272",16,10,2177,104,0,12,3,24,3,40,163
"278","114011273",8,8,891,54,0,10,0,3,0,18,31
"279","114011274",8,5,1200,69,3,8,3,3,0,24,52
"280","114011275",0,0,13,0,0,0,0,0,0,0,0
"281","114011276",20,3,1104,77,0,7,0,5,0,11,50
"282","114011277",64,23,4563,329,0,47,5,26,0,61,166
"283","114011278",67,20,4987,446,0,63,12,17,0,65,257
"284","114011279",20,18,3231,237,0,26,5,5,0,70,83
"285","114011280",14,4,799,55,0,3,0,7,0,22,34
"286","114011281",8,0,1087,68,0,3,0,5,0,39,38
"287","114011282",28,17,3590,256,0,29,8,6,0,74,199
"288","114011283",3,3,1181,71,0,6,0,0,0,41,62
"289","114021284",25,22,3052,232,0,15,9,92,0,49,190
"290","114021285",3,14,2122,150,0,4,0,29,0,71,31
"291","114021286",8,14,2618,209,0,16,3,60,3,63,119
"292","114021287",15,19,2942,209,0,9,5,46,3,61,147
"293","114021288",0,3,991,52,0,8,0,6,0,31,66
"294","114021289",10,20,1768,90,0,8,0,32,0,77,114
"295","115011290",31,1834,6679,371,0,46,10,89,3,74,102
"296","115011291",23,1034,6504,381,3,38,11,213,0,51,171
"297","115011294",3,135,2008,86,0,13,8,28,0,25,27
"298","115011296",19,903,3697,236,0,28,7,141,0,28,30
"299","115011553",8,573,2296,122,0,16,0,26,0,21,85
"300","115011554",3,245,1321,74,0,3,3,50,0,7,22
"301","115011555",13,620,3649,216,0,20,6,36,3,31,114
"302","115011556",12,647,2853,175,0,23,3,19,0,22,88
"303","115011557",0,328,1698,100,0,11,3,19,0,13,19
"304","115011558",18,1329,5107,302,0,39,6,292,0,29,92
"305","115011559",24,1199,7966,449,0,37,16,108,0,83,79
"306","115021297",16,288,6724,365,3,53,0,98,3,252,269
"307","115021298",3,21,1559,84,0,16,3,51,0,47,69
"308","115031299",0,3,771,51,0,7,0,4,0,28,41
"309","115031300",8,29,8007,397,0,45,3,163,0,383,120
"310","115041301",12,25,3804,194,0,20,4,135,0,207,106
"311","115041302",22,1006,7647,501,0,44,3,132,0,141,110
"312","116011303",19,283,4211,319,0,28,22,1163,3,80,210
"313","116011304",19,184,4823,377,0,41,8,822,0,94,78
"314","116011306",9,195,5825,534,0,34,21,1529,0,71,69
"315","116011307",31,495,7210,522,3,70,16,888,0,118,100
"316","116011308",29,182,6543,498,0,56,22,1474,3,104,141
"317","116011560",12,111,3427,312,0,19,19,401,0,58,87
"318","116011561",15,178,4301,388,3,35,18,715,0,80,103
"319","116021309",19,1135,5012,352,0,38,20,164,0,35,89
"320","116021310",25,1558,9985,577,0,55,26,612,0,72,134
"321","116021312",23,118,5300,347,0,30,15,707,0,184,124
"322","116021562",0,115,1329,73,0,8,5,120,0,13,15
"323","116021563",26,205,7216,475,0,44,21,1557,0,86,78
"324","116031313",17,117,3600,489,0,31,16,296,0,79,69
"325","116031314",10,91,2572,207,0,11,7,220,0,50,36
"326","116031315",18,143,6307,623,0,43,15,729,0,80,78
"327","116031316",12,109,4393,519,0,36,19,488,0,68,54
"328","116031317",6,101,4492,508,0,28,15,1069,4,88,170
"329","116031318",0,0,6,4,0,0,0,0,0,4,3
"330","116031319",12,71,6008,585,0,22,13,1201,0,124,95
"331","117011320",0,0,4,0,0,0,0,0,0,0,3
"332","117011321",56,479,3352,264,0,82,14,62,0,39,163
"333","117011322",138,1222,5009,559,3,117,53,2116,4,44,751
"334","117011323",61,767,2727,255,0,50,19,38,0,39,216
"335","117011324",0,0,3,0,0,0,0,0,0,0,0
"336","117011325",0,0,10,0,0,0,0,0,0,0,3
"337","117021326",416,1071,4863,391,0,173,35,3303,80,50,646
"338","117021327",405,1000,3646,252,0,136,39,3229,27,27,750
"339","117021328",126,196,1584,105,0,61,7,1406,3,23,216
"340","117031329",178,806,1179,110,0,97,82,1076,8,3,2520
"341","117031330",528,444,2952,255,3,165,49,3575,7,24,989
"342","117031331",425,2196,2767,317,9,160,84,212,243,15,1766
"343","117031332",682,1458,3018,274,0,184,60,3829,8,20,2015
"344","117031333",209,731,1916,225,7,150,200,2944,5,11,3364
"345","117031334",216,1244,2034,272,24,110,122,840,199,5,4236
"346","117031335",520,1336,2020,187,3,141,110,2616,33,10,2461
"347","117031336",296,1255,1452,172,3,112,120,1845,65,6,3262
"348","117031337",102,1624,1391,230,26,55,106,2660,122,0,6307
"349","117031338",567,3223,5420,600,4,288,117,2225,6,56,1374
"350","118011339",329,873,3761,322,14,317,49,806,8,39,551
"351","118011340",263,1102,4315,380,129,426,66,302,9,47,658
"352","118011341",218,663,2401,216,3,131,41,2222,3,22,766
"353","118011342",0,0,0,0,0,0,0,0,0,0,0
"354","118011343",140,531,4901,414,387,171,108,1976,3,23,855
"355","118011344",24,324,2973,196,159,107,19,96,0,13,163
"356","118011345",231,1901,2464,271,10,140,99,521,3,18,1572
"357","118011346",25,292,2646,208,351,75,23,72,0,14,226
"358","118011347",52,336,1309,158,6,36,37,865,3,3,338
"359","118021348",363,3315,5948,469,5,281,42,126,5,72,653
"360","118021350",95,1242,6129,467,0,126,19,28,0,86,227
"361","118021564",175,1685,2116,233,0,83,22,73,4,13,648
"362","118021565",108,1642,2361,246,0,73,11,43,0,24,653
"363","118021566",74,866,2472,188,0,78,11,25,0,30,112
"364","118021567",87,940,2560,179,0,103,4,20,0,26,115
"365","118021568",33,1194,2004,205,0,72,11,21,0,32,223
"366","118021569",319,2158,3595,268,0,154,37,138,0,40,784
"367","118021570",167,1782,2304,195,3,96,28,54,0,25,911
"368","119011354",16,108,5174,430,4,20,13,357,3,131,93
"369","119011355",4,0,246,23,0,0,0,86,0,3,5
"370","119011356",7,49,2814,257,0,12,4,278,0,91,65
"371","119011357",11,139,5680,521,0,19,35,467,3,164,149
"372","119011358",12,130,4337,259,0,22,10,1238,0,69,99
"373","119011359",27,74,7501,435,0,37,11,1619,0,155,154
"374","119011360",22,94,4185,289,0,23,9,1234,0,70,137
"375","119011361",11,119,4674,374,0,26,14,862,0,100,105
"376","119011571",11,138,3335,271,0,8,22,966,0,50,193
"377","119011572",13,124,3217,326,3,17,16,717,3,56,211
"378","119021362",19,140,4536,362,3,36,17,1138,5,95,171
"379","119021363",36,603,6277,661,0,73,50,2876,13,93,486
"380","119021364",96,346,5907,431,0,89,26,1399,22,115,152
"381","119021366",18,91,4234,427,0,23,32,961,0,117,125
"382","119021367",5,77,3548,238,0,20,10,645,0,55,82
"383","119021573",7,61,2930,256,0,21,58,1112,0,23,215
"384","119021574",3,16,1957,151,0,9,41,745,0,28,73
"385","119031368",14,181,4161,440,6,25,8,3090,6,45,555
"386","119031369",35,182,5618,399,3,51,15,3161,7,72,274
"387","119031370",7,68,3043,208,6,22,5,1435,0,44,119
"388","119031371",21,40,3032,204,0,20,10,1489,0,39,124
"389","119031372",17,79,4892,276,0,25,14,870,0,97,82
"390","119031373",3,91,2006,186,0,23,5,1139,4,36,107
"391","119031374",16,169,5624,438,0,31,12,2111,0,55,352
"392","119041375",74,145,3995,385,0,52,22,3972,3,89,242
"393","119041376",41,213,5935,512,4,51,21,2535,3,111,372
"394","119041377",18,113,2936,236,0,29,5,1262,3,46,100
"395","119041378",18,84,2084,183,0,31,13,1690,3,17,568
"396","119041379",16,75,3871,288,0,22,16,1961,0,38,223
"397","119041380",20,202,3828,279,0,41,18,419,0,53,176
"398","119041381",26,343,3780,377,0,57,17,3240,0,58,298
"399","119041382",19,206,4713,279,0,46,18,338,0,57,132
"400","120011383",71,244,6069,370,342,66,27,894,5,81,243
"401","120011384",80,166,4995,347,10,50,26,4118,4,47,580
"402","120011385",135,1698,4789,276,239,104,36,44,9,56,235
"403","120011386",110,1323,5602,357,342,120,24,128,26,58,209
"404","120021387",193,1531,3009,222,682,107,45,44,3,20,453
"405","120021388",465,2397,5665,424,5,234,92,537,551,49,815
"406","120021389",226,1694,3082,254,38,116,50,58,124,32,420
"407","120031390",112,453,4132,343,0,95,27,4192,34,45,557
"408","120031391",56,317,3814,313,4,54,18,3705,17,53,690
"409","120031392",58,181,2383,184,5,40,8,1238,25,36,89
"410","120031393",58,332,4377,349,0,58,16,823,8,95,171
"411","120031394",182,552,3523,209,0,103,19,1952,421,26,244
"412","120031395",146,368,2835,196,3,56,24,1621,170,35,250
"413","120031396",44,105,3145,252,0,37,16,2698,0,24,312
"414","120031575",29,352,4759,492,3,35,13,3754,5,56,436
"415","120031576",0,55,948,70,0,10,3,113,0,14,22
"416","121011398",92,755,3893,358,3,55,22,4438,6,18,1490
"417","121011399",131,1673,4498,359,0,120,20,1511,0,34,707
"418","121011400",144,2300,6145,450,158,138,42,752,0,33,589
"419","121011401",62,652,1748,147,0,54,29,1768,3,8,700
"420","121011402",133,2432,5524,428,0,105,39,182,3,29,415
"421","121021403",34,82,5037,288,0,55,8,1373,0,79,122
"422","121021404",14,20,3302,186,3,45,5,795,0,50,119
"423","121021406",34,55,4430,286,0,47,6,1768,0,43,180
"424","121021577",14,47,2083,194,0,21,10,2195,3,13,543
"425","121021578",19,41,2178,177,0,23,3,1225,0,23,210
"426","121021579",13,36,1588,126,4,19,3,1678,0,6,220
"427","121031407",53,89,4169,302,0,51,22,2525,8,20,210
"428","121031408",84,408,4707,315,0,54,29,2366,4,23,289
"429","121031409",48,89,3878,245,0,46,9,1356,3,19,142
"430","121031410",28,402,5099,326,0,55,19,709,0,28,178
"431","121031411",71,102,4079,217,0,48,15,1464,0,20,156
"432","121031412",42,42,3948,219,0,21,12,1561,4,28,270
"433","121041413",113,2757,4113,327,193,126,45,98,0,9,672
"434","121041414",127,1336,3163,248,0,98,46,2718,4,9,1320
"435","121041415",124,2943,5650,409,448,133,65,74,5,20,632
"436","121041416",125,1684,3193,254,367,101,77,1485,0,8,1177
"437","121041417",67,450,1433,134,56,49,43,1893,0,4,1064
"438","122011418",135,1644,4655,330,131,149,23,22,3,31,265
"439","122011419",245,1137,4040,254,2240,187,31,34,3,31,881
"440","122021420",38,300,3650,198,7,48,3,19,0,65,233
"441","122021421",18,267,3021,154,6,52,11,14,0,50,91
"442","122021422",19,457,4341,197,5,59,4,8,0,53,176
"443","122021423",86,919,7611,452,5,103,12,24,0,116,396
"444","122031424",34,656,4074,348,12,70,31,3,3,67,146
"445","122031425",31,290,2351,158,0,67,6,0,0,43,49
"446","122031426",151,2503,7235,568,56,196,31,16,0,107,673
"447","122031427",36,739,3295,217,0,58,9,52,0,30,137
"448","122031428",70,1229,7324,419,0,129,16,45,0,96,208
"449","122031429",212,1446,6009,385,204,197,33,18,0,83,509
"450","122031430",147,1349,4257,282,38,145,17,17,0,62,298
"451","122031431",76,1515,7713,446,17,164,22,15,0,90,262
"452","122031432",7,82,1129,58,0,6,0,11,0,24,56
"453","123011433",3,36,4511,224,0,17,3,99,3,89,76
"454","123011434",25,54,7741,458,0,35,5,229,0,109,91
"455","123011435",32,132,10891,645,0,59,13,485,0,165,102
"456","123021436",11,94,5106,404,0,42,16,369,0,105,75
"457","123021437",14,73,4675,448,0,33,12,989,3,59,184
"458","123021438",14,69,6417,505,0,38,4,549,0,128,71
"459","123021439",0,0,0,0,0,0,0,0,0,0,0
"460","123021440",18,65,5158,386,0,24,19,1456,0,89,149
"461","123021441",13,83,4765,396,0,31,8,782,0,92,80
"462","123021442",13,87,5234,439,0,31,21,1825,0,86,86
"463","123021443",10,83,5313,465,0,42,14,1086,0,95,108
"464","123021444",10,107,5894,533,0,37,4,589,0,111,73
"465","123031445",5,3,1925,113,0,3,0,33,0,90,41
"466","123031446",7,14,3486,139,0,13,3,99,0,120,78
"467","123031447",9,17,5479,324,0,20,3,164,0,173,118
"468","123031448",3,14,3189,147,0,22,3,35,0,133,85
"469","124011449",15,14,1307,71,0,7,0,118,0,18,81
"470","124011450",34,24,5922,317,0,47,11,908,3,89,119
"471","124011451",0,0,5,0,0,0,0,0,0,0,0
"472","124011452",23,27,2819,234,0,33,39,400,4,53,414
"473","124011453",12,13,3260,167,0,32,9,495,0,62,75
"474","124011454",34,38,6892,326,0,53,8,717,0,119,180
"475","124011455",3,4,1469,104,0,7,4,168,0,22,43
"476","124021456",0,0,0,0,0,0,0,0,0,0,0
"477","124031457",25,74,5263,375,0,29,6,426,0,143,66
"478","124031458",13,72,8130,569,0,58,5,607,0,273,73
"479","124031459",22,34,4591,319,3,32,13,473,0,115,78
"480","124031460",22,86,8050,507,0,41,7,445,0,133,80
"481","124031461",23,66,5541,394,3,33,12,375,0,130,130
"482","124031462",16,86,5550,442,0,57,13,904,3,93,182
"483","124031463",3,12,3395,202,0,11,3,133,0,159,79
"484","124031464",25,72,3327,291,0,31,7,584,0,55,276
"485","124031465",3,14,1961,103,0,8,4,19,0,103,30
"486","124041466",70,29,4249,279,0,41,7,248,0,106,221
"487","124041467",26,31,5416,353,0,45,3,264,0,161,117
"488","124041468",3,6,2068,126,0,6,3,64,0,208,100
"489","124051469",4,19,2659,204,0,8,8,137,0,51,17
"490","124051470",12,100,7236,515,0,42,10,398,3,168,59
"491","124051580",9,50,3340,298,0,42,0,251,0,89,48
"492","124051581",20,78,3973,423,3,39,13,553,3,77,128
"493","125011473",67,229,5143,325,101,36,12,725,3,42,276
"494","125011475",0,0,0,0,0,0,0,0,0,0,0
"495","125011582",12,56,3029,325,0,16,29,1421,4,53,215
"496","125011583",17,49,1931,242,0,13,21,1428,0,20,166
"497","125011584",6,31,1755,188,0,6,11,379,3,48,33
"498","125011585",9,15,1925,216,0,3,9,835,0,28,74
"499","125011586",35,115,4084,462,0,25,22,2544,8,45,238
"500","125011587",7,14,1119,101,0,3,3,377,0,17,33
"501","125021476",33,716,7084,468,0,57,15,852,0,69,204
"502","125021477",48,451,5949,422,25,95,11,487,0,82,120
"503","125021478",24,272,4951,345,0,46,6,478,3,59,94
"504","125031479",10,108,4030,378,3,14,18,640,0,84,104
"505","125031480",14,48,2964,320,0,10,8,566,0,98,73
"506","125031481",27,147,4102,454,0,31,23,1697,0,99,202
"507","125031482",26,324,7921,560,0,41,13,550,5,133,102
"508","125031483",8,121,3826,395,0,9,12,642,0,137,80
"509","125031484",11,210,4868,408,0,18,23,761,3,99,94
"510","125031485",32,392,6577,639,0,30,41,1338,0,136,214
"511","125031486",0,0,3,0,0,0,0,0,0,0,0
"512","125031487",0,0,4,0,0,0,0,0,0,0,0
"513","125041489",90,669,4810,389,3,47,27,1192,0,49,911
"514","125041490",15,355,2315,126,3,26,3,49,0,35,56
"515","125041491",23,776,4725,266,0,37,20,1576,0,48,486
"516","125041492",44,881,4916,480,0,45,37,4428,9,51,1114
"517","125041493",43,313,5630,431,3,58,12,1471,0,85,143
"518","125041494",13,503,3367,179,0,31,9,62,3,40,49
"519","125041588",13,65,2848,202,0,13,13,1179,0,28,96
"520","125041589",16,262,2993,296,0,14,16,1714,0,52,238
"521","126011495",60,361,5878,410,3,67,12,3076,6,39,245
"522","126011496",35,365,4912,279,0,58,13,1980,3,35,216
"523","126021497",59,457,5545,432,3,42,19,2228,5,55,438
"524","126021498",49,1200,4009,229,117,78,24,29,0,45,188
"525","126021499",35,428,2519,152,165,32,16,16,0,17,109
"526","126021500",53,1177,4126,336,0,80,13,1145,0,33,943
"527","126021501",49,823,3121,231,4,48,4,245,0,32,199
"528","126021503",49,336,4558,308,37,56,16,2858,0,54,299
"529","126021590",16,154,1305,79,42,15,5,39,0,7,31
"530","126021591",67,1974,7235,513,51,117,22,686,0,95,364
"531","127011504",8,154,2921,352,0,16,5,134,0,72,43
"532","127011505",4,13,2248,154,0,12,0,110,0,265,135
"533","127011506",3,32,5922,282,0,25,3,335,0,215,105
"534","127011592",0,0,12,0,0,0,0,0,0,0,0
"535","127011593",3,51,2361,191,0,6,3,87,0,57,26
"536","127011594",4,128,3564,332,0,11,9,204,0,86,42
"537","127011595",3,138,3899,304,0,7,3,213,0,74,16
"538","127011596",5,71,3758,271,0,9,11,255,0,62,50
"539","127011597",6,75,5126,348,3,19,7,283,0,105,28
"540","127021509",7,162,4201,409,3,6,5,263,3,92,36
"541","127021510",7,160,5607,477,0,9,7,244,0,156,63
"542","127021511",24,77,4854,756,0,19,6,1138,4,91,406
"543","127021512",11,130,4041,485,0,21,5,310,3,105,74
"544","127021513",16,86,4375,594,0,8,8,911,3,83,134
"545","127021514",3,77,2810,258,0,4,7,185,0,65,26
"546","127021515",21,76,2913,333,4,12,9,781,0,47,135
"547","127021516",16,84,4138,464,0,25,3,440,3,108,68
"548","127021517",3,65,2116,179,0,3,5,142,0,58,24
"549","127021518",0,11,1303,74,0,3,0,32,0,136,45
"550","127021519",22,118,4481,355,0,30,7,286,0,124,100
"551","127021520",3,92,2835,272,0,11,0,249,0,47,29
"552","127021521",0,0,6,0,0,0,0,0,0,3,0
"553","127031522",12,95,4333,313,0,22,10,482,3,74,73
"554","127031523",22,92,5935,336,0,37,14,557,0,106,99
"555","127031524",62,89,6453,373,0,63,9,1282,0,88,266
"556","127031598",14,199,4862,429,0,24,23,986,0,71,551
"557","127031599",3,89,2238,227,0,18,4,143,0,52,50
"558","127031600",8,96,5402,401,0,19,13,562,0,82,55
"559","127031601",0,29,959,75,0,3,5,322,0,18,209
"560","128011529",37,26,5541,329,0,44,4,1176,0,75,170
"561","128011530",30,60,5163,323,0,39,20,1077,0,57,407
"562","128011531",20,70,4624,306,0,31,11,300,0,69,95
"563","128011602",23,33,3616,197,0,21,5,819,0,54,260
"564","128011603",20,25,3803,219,0,25,0,524,0,54,69
"565","128011604",98,44,7789,362,9,68,12,1533,0,123,488
"566","128011605",4,6,1061,62,0,8,0,99,0,18,12
"567","128011606",23,10,2522,162,0,19,4,413,3,40,89
"568","128021533",9,6,2026,87,0,4,3,371,0,40,52
"569","128021534",3,43,3831,200,0,12,7,323,0,65,27
"570","128021535",19,76,7593,385,0,29,13,625,0,112,145
"571","128021536",45,37,5772,284,0,30,6,1899,3,96,112
"572","128021537",0,0,6,0,0,0,0,0,0,0,8
"573","128021538",55,54,5772,310,0,61,16,2308,0,67,256
"574","128021607",18,18,5273,248,0,35,7,827,0,84,155
"575","128021608",14,11,2220,115,0,15,4,503,0,32,27
"576","128021609",11,13,1379,60,0,8,0,130,4,28,24
"577","197979799",0,0,24,0,0,0,0,4,0,0,0
"578","199999499",39,174,1355,221,8,21,12,272,5,36,352
