SA2_CODE,LFSP_C16,obsValue
407031163,UEMP,40
407031163,LF,814
407031164,UEMP,161
407031164,LF,2509
407031165,UEMP,731
407031165,LF,7600
407031166,UEMP,96
407031166,LF,1855
407031167,UEMP,188
407031167,LF,1859
407031168,UEMP,112
407031168,LF,2515
407031169,UEMP,118
407031169,LF,2418
407031170,UEMP,152
407031170,LF,2836
497979799,UEMP,0
497979799,LF,3
502011021,UEMP,328
502011021,LF,3083
502011022,UEMP,405
502011022,LF,3888
502011023,UEMP,496
502011023,LF,3849
502011024,UEMP,774
502011024,LF,8117
502011025,UEMP,522
502011025,LF,3706
502011026,UEMP,253
502011026,LF,2457
502011027,UEMP,812
502011027,LF,8530
502011028,UEMP,480
502011028,LF,3922
502011029,UEMP,377
502011029,LF,4015
503011030,UEMP,165
503011030,LF,3081
503011031,UEMP,232
503011031,LF,3792
503011032,UEMP,177
503011032,LF,3797
503011033,UEMP,208
503011033,LF,4052
503011034,UEMP,293
503011034,LF,5047
503011035,UEMP,778
503011035,LF,8730
503011036,UEMP,207
503011036,LF,4187
503021037,UEMP,0
503021037,LF,8
503021038,UEMP,354
503021038,LF,6267
503021039,UEMP,566
503021039,LF,9462
503021040,UEMP,286
503021040,LF,5035
503021041,UEMP,1534
503021041,LF,18979
503021042,UEMP,503
503021042,LF,8679
503021043,UEMP,674
503021043,LF,9905
504011044,UEMP,621
504011044,LF,7865
504011045,UEMP,881
504011045,LF,12453
504011046,UEMP,586
504011046,LF,7648
504011047,UEMP,981
504011047,LF,11215
504011048,UEMP,309
504011048,LF,4089
504021049,UEMP,100
504021049,LF,1480
504021050,UEMP,211
504021050,LF,3628
504021051,UEMP,204
504021051,LF,2866
504021052,UEMP,0
504021052,LF,4
504021053,UEMP,415
504021053,LF,6529
504021054,UEMP,561
504021054,LF,5928
504031055,UEMP,0
504031055,LF,7
504031056,UEMP,897
504031056,LF,9981
504031057,UEMP,782
504031057,LF,9069
504031058,UEMP,172
504031058,LF,2640
504031059,UEMP,1483
504031059,LF,18870
504031060,UEMP,80
504031060,LF,1477
504031061,UEMP,155
504031061,LF,2223
504031062,UEMP,450
504031062,LF,5493
504031063,UEMP,0
504031063,LF,3
504031064,UEMP,0
504031064,LF,0
504031065,UEMP,258
504031065,LF,2675
504031066,UEMP,548
504031066,LF,5068
504031067,UEMP,290
504031067,LF,3681
504031068,UEMP,361
504031068,LF,5438
504031069,UEMP,0
504031069,LF,0
505011070,UEMP,413
505011070,LF,5401
505011071,UEMP,622
505011071,LF,8002
505011072,UEMP,469
505011072,LF,7901
505011073,UEMP,487
505011073,LF,7020
505011074,UEMP,419
505011074,LF,5891
505011075,UEMP,383
505011075,LF,5905
505011076,UEMP,319
505011076,LF,5125
505011077,UEMP,702
505011077,LF,7724
505011078,UEMP,419
505011078,LF,6811
505011079,UEMP,359
505011079,LF,5881
505011080,UEMP,304
505011080,LF,4410
505011081,UEMP,300
505011081,LF,4497
505011082,UEMP,292
505011082,LF,5039
505011083,UEMP,339
505011083,LF,5337
505021084,UEMP,526
505021084,LF,7723
505021085,UEMP,1154
505021085,LF,8994
505021086,UEMP,906
505021086,LF,12319
505021087,UEMP,0
505021087,LF,0
505021088,UEMP,574
505021088,LF,9373
505021089,UEMP,541
505021089,LF,10274
505021090,UEMP,917
505021090,LF,9493
505021091,UEMP,0
505021091,LF,5
505021092,UEMP,568
505021092,LF,9536
505021093,UEMP,541
505021093,LF,7618
505021094,UEMP,224
505021094,LF,3916
505021095,UEMP,501
505021095,LF,6929
505021096,UEMP,398
505021096,LF,6865
505021097,UEMP,549
505021097,LF,8192
505031098,UEMP,604
505031098,LF,5751
505031099,UEMP,1121
505031099,LF,10834
505031100,UEMP,729
505031100,LF,9105
505031101,UEMP,717
505031101,LF,7143
505031102,UEMP,492
505031102,LF,3876
505031103,UEMP,912
505031103,LF,13824
505031104,UEMP,503
505031104,LF,5271
505031105,UEMP,882
505031105,LF,10309
505031106,UEMP,0
505031106,LF,4
505031107,UEMP,472
505031107,LF,7011
505031108,UEMP,1013
505031108,LF,13801
505031255,UEMP,278
505031255,LF,4460
505031256,UEMP,26
505031256,LF,393
505031257,UEMP,152
505031257,LF,1329
505031258,UEMP,380
505031258,LF,4120
506011110,UEMP,1074
506011110,LF,8199
506011111,UEMP,0
506011111,LF,3
506011112,UEMP,299
506011112,LF,2679
506011113,UEMP,791
506011113,LF,11116
506011114,UEMP,498
506011114,LF,4993
506011115,UEMP,276
506011115,LF,4057
506011116,UEMP,244
506011116,LF,3789
506011117,UEMP,467
506011117,LF,5113
506021118,UEMP,600
506021118,LF,7441
506021119,UEMP,776
506021119,LF,9216
506021120,UEMP,0
506021120,LF,7
506021121,UEMP,0
506021121,LF,0
506021122,UEMP,1194
506021122,LF,12947
506021123,UEMP,697
506021123,LF,8691
506031124,UEMP,1304
506031124,LF,9581
506031125,UEMP,482
506031125,LF,5684
506031126,UEMP,0
506031126,LF,0
506031127,UEMP,1051
506031127,LF,9538
506031128,UEMP,658
506031128,LF,7220
506031129,UEMP,576
506031129,LF,6567
506031130,UEMP,0
506031130,LF,7
506031131,UEMP,862
506031131,LF,9263
506041132,UEMP,1027
506041132,LF,9367
506041133,UEMP,978
506041133,LF,12014
506041134,UEMP,1073
506041134,LF,8976
506041135,UEMP,815
506041135,LF,10118
506041136,UEMP,745
506041136,LF,6348
506041137,UEMP,1078
506041137,LF,11835
506051138,UEMP,741
506051138,LF,9890
506051139,UEMP,515
506051139,LF,6473
506051140,UEMP,474
506051140,LF,7389
506051141,UEMP,339
506051141,LF,5563
506061142,UEMP,604
506061142,LF,8464
506061143,UEMP,233
506061143,LF,3431
506061144,UEMP,154
506061144,LF,1980
506071145,UEMP,540
506071145,LF,7922
506071146,UEMP,491
506071146,LF,5415
506071147,UEMP,579
506071147,LF,9053
507011148,UEMP,622
507011148,LF,9645
507011150,UEMP,0
507011150,LF,4
507011151,UEMP,0
507011151,LF,0
507011152,UEMP,298
507011152,LF,4772
507011153,UEMP,406
507011153,LF,4211
507011154,UEMP,488
507011154,LF,5022
507011155,UEMP,0
507011155,LF,7
507011158,UEMP,73
507011158,LF,1405
507011159,UEMP,556
507011159,LF,6391
507011160,UEMP,386
507011160,LF,4911
507011161,UEMP,592
507011161,LF,8282
507011163,UEMP,337
507011163,LF,4071
507011259,UEMP,330
507011259,LF,4589
507011260,UEMP,85
507011260,LF,1389
507021164,UEMP,222
507021164,LF,3945
507021165,UEMP,551
507021165,LF,7807
507021166,UEMP,561
507021166,LF,7358
507021167,UEMP,0
507021167,LF,3
507031169,UEMP,731
507031169,LF,7625
507031170,UEMP,462
507031170,LF,3240
507031172,UEMP,0
507031172,LF,33
507031173,UEMP,0
507031173,LF,17
507031174,UEMP,625
507031174,LF,4880
507031261,UEMP,209
507031261,LF,3047
507041175,UEMP,351
507041175,LF,5594
507041176,UEMP,159
507041176,LF,1959
507041177,UEMP,460
507041177,LF,7162
507041178,UEMP,507
507041178,LF,7296
507041179,UEMP,301
507041179,LF,3663
507041180,UEMP,373
507041180,LF,6063
507041181,UEMP,425
507041181,LF,8235
507041182,UEMP,544
507041182,LF,6264
507041183,UEMP,179
507041183,LF,2225
507041184,UEMP,213
507041184,LF,3149
507051185,UEMP,1304
507051185,LF,16700
507051186,UEMP,523
507051186,LF,3826
507051187,UEMP,714
507051187,LF,6745
507051188,UEMP,734
507051188,LF,6893
507051189,UEMP,0
507051189,LF,0
507051190,UEMP,534
507051190,LF,5181
507051191,UEMP,894
507051191,LF,10237
507051192,UEMP,605
507051192,LF,6029
507051193,UEMP,631
507051193,LF,5160
501011001,UEMP,120
501011001,LF,2594
501011002,UEMP,755
501011002,LF,11854
501011003,UEMP,216
501011003,LF,5160
501011004,UEMP,222
501011004,LF,4632
501021005,UEMP,694
501021005,LF,8559
501021007,UEMP,139
501021007,LF,2549
501021008,UEMP,308
501021008,LF,2988
501021009,UEMP,407
501021009,LF,3689
501021010,UEMP,96
501021010,LF,1625
501021011,UEMP,0
501021011,LF,11
501021012,UEMP,398
501021012,LF,5721
501021014,UEMP,289
501021014,LF,4106
501021015,UEMP,321
501021015,LF,3395
501021016,UEMP,155
501021016,LF,1785
501021251,UEMP,349
501021251,LF,4570
501021252,UEMP,99
501021252,LF,1530
501021253,UEMP,422
501021253,LF,6019
501021254,UEMP,267
501021254,LF,2205
501031017,UEMP,161
501031017,LF,2852
501031018,UEMP,169
501031018,LF,2677
501031019,UEMP,133
501031019,LF,2664
501031020,UEMP,135
501031020,LF,2327
509011225,UEMP,330
509011225,LF,6331
509011226,UEMP,73
509011226,LF,1729
509011227,UEMP,118
509011227,LF,2248
509011228,UEMP,119
509011228,LF,2488
509011229,UEMP,35
509011229,LF,1505
509011230,UEMP,119
509011230,LF,2080
509011231,UEMP,79
509011231,LF,2028
509011232,UEMP,47
509011232,LF,1594
509011233,UEMP,295
509011233,LF,4951
509011234,UEMP,155
509011234,LF,2278
509011235,UEMP,0
509011235,LF,0
509021236,UEMP,161
509021236,LF,2690
509021237,UEMP,94
509021237,LF,1740
509021238,UEMP,108
509021238,LF,1915
509021239,UEMP,216
509021239,LF,3822
509021240,UEMP,114
509021240,LF,2434
509021241,UEMP,102
509021241,LF,2415
509021242,UEMP,81
509021242,LF,1654
509021243,UEMP,405
509021243,LF,4740
509021244,UEMP,161
509021244,LF,2010
509021245,UEMP,127
509021245,LF,2199
509031246,UEMP,112
509031246,LF,1653
509031247,UEMP,65
509031247,LF,2359
509031248,UEMP,77
509031248,LF,1245
509031249,UEMP,109
509031249,LF,2010
509031250,UEMP,113
509031250,LF,2357
510011262,UEMP,350
510011262,LF,7125
510011263,UEMP,383
510011263,LF,2705
510011264,UEMP,160
510011264,LF,865
510011265,UEMP,235
510011265,LF,3470
510011266,UEMP,161
510011266,LF,772
510021267,UEMP,151
510021267,LF,3948
510021268,UEMP,123
510021268,LF,2422
510021269,UEMP,96
510021269,LF,2544
510021270,UEMP,285
510021270,LF,4640
510031271,UEMP,168
510031271,LF,8469
510031272,UEMP,474
510031272,LF,8516
510031273,UEMP,205
510031273,LF,2866
511011274,UEMP,274
511011274,LF,5700
511011275,UEMP,74
511011275,LF,1801
511021276,UEMP,159
511021276,LF,2284
511021277,UEMP,100
511021277,LF,2226
511031278,UEMP,273
511031278,LF,3490
511031279,UEMP,442
511031279,LF,7356
511031280,UEMP,200
511031280,LF,4841
511031281,UEMP,0
511031281,LF,0
511031282,UEMP,184
511031282,LF,2094
511031283,UEMP,201
511031283,LF,1976
511031284,UEMP,0
511031284,LF,0
511041285,UEMP,540
511041285,LF,5127
511041286,UEMP,382
511041286,LF,3505
511041287,UEMP,270
511041287,LF,3844
511041288,UEMP,370
511041288,LF,5266
511041289,UEMP,118
511041289,LF,1510
511041290,UEMP,88
511041290,LF,1423
511041291,UEMP,117
511041291,LF,1988
511041292,UEMP,176
511041292,LF,2729
597979799,UEMP,0
597979799,LF,341
601011001,UEMP,374
601011001,LF,2305
601011002,UEMP,124
601011002,LF,2807
601011003,UEMP,94
601011003,LF,2385
601021004,UEMP,131
601021004,LF,2829
601021005,UEMP,141
601021005,LF,4120
601021006,UEMP,69
601021006,LF,1720
601021007,UEMP,206
601021007,LF,5064
601021008,UEMP,150
601021008,LF,3327
601021009,UEMP,150
601021009,LF,1973
601021010,UEMP,92
601021010,LF,999
601021011,UEMP,239
601021011,LF,2548
601021012,UEMP,101
601021012,LF,2221
601031013,UEMP,86
601031013,LF,2074
601031014,UEMP,202
601031014,LF,2499
601031015,UEMP,266
601031015,LF,3473
601031016,UEMP,142
601031016,LF,1891
601031017,UEMP,412
601031017,LF,4501
601031018,UEMP,144
601031018,LF,2252
601031019,UEMP,229
601031019,LF,2484
601031020,UEMP,239
601031020,LF,2699
601031021,UEMP,143
601031021,LF,1865
601041022,UEMP,306
601041022,LF,5406
601041023,UEMP,271
601041023,LF,5091
601041024,UEMP,154
601041024,LF,3807
601041025,UEMP,0
601041025,LF,0
601041026,UEMP,87
601041026,LF,1679
601051027,UEMP,330
601051027,LF,4237
601051028,UEMP,203
601051028,LF,4499
601051029,UEMP,201
601051029,LF,2329
601051030,UEMP,199
601051030,LF,2950
601051031,UEMP,419
601051031,LF,5677
601051032,UEMP,211
601051032,LF,3097
601051033,UEMP,176
601051033,LF,3281
601061034,UEMP,258
601061034,LF,3520
601061035,UEMP,217
601061035,LF,4084
602011036,UEMP,186
602011036,LF,1426
602011037,UEMP,143
602011037,LF,1913
602011038,UEMP,179
602011038,LF,2623
602011039,UEMP,103
602011039,LF,1989
602011040,UEMP,227
602011040,LF,1534
602011041,UEMP,458
602011041,LF,3669
602011042,UEMP,127
602011042,LF,2291
602011043,UEMP,76
602011043,LF,1753
602011044,UEMP,161
602011044,LF,3145
602011045,UEMP,230
602011045,LF,1310
602011046,UEMP,192
602011046,LF,3149
602011047,UEMP,186
602011047,LF,2210
602011048,UEMP,111
602011048,LF,2297
602011049,UEMP,153
602011049,LF,2375
602011050,UEMP,123
602011050,LF,1580
602011051,UEMP,143
602011051,LF,2227
602011052,UEMP,119
602011052,LF,2273
602021053,UEMP,130
602021053,LF,1379
602021054,UEMP,147
602021054,LF,2369
602021055,UEMP,156
602021055,LF,2559
602021056,UEMP,88
602021056,LF,1728
602021057,UEMP,128
602021057,LF,1800
602031058,UEMP,114
602031058,LF,1947
602031059,UEMP,316
602031059,LF,2532
602031060,UEMP,124
602031060,LF,1758
602031061,UEMP,112
602031061,LF,1574
602031062,UEMP,128
602031062,LF,2477
602031064,UEMP,238
602031064,LF,2161
602031099,UEMP,34
602031099,LF,464
602031100,UEMP,213
602031100,LF,2783
603011065,UEMP,70
603011065,LF,856
603011066,UEMP,112
603011066,LF,1350
603011067,UEMP,151
603011067,LF,2751
603011068,UEMP,0
603011068,LF,12
603021069,UEMP,44
603021069,LF,1205
603021070,UEMP,112
603021070,LF,1681
603021071,UEMP,117
603021071,LF,1427
603021072,UEMP,232
603021072,LF,3734
603031073,UEMP,53
603031073,LF,847
603031074,UEMP,93
603031074,LF,1734
604011075,UEMP,145
604011075,LF,1326
604011076,UEMP,155
604011076,LF,2438
604011077,UEMP,189
604011077,LF,1626
604011078,UEMP,219
604011078,LF,2655
604011079,UEMP,136
604011079,LF,2289
604011080,UEMP,124
604011080,LF,1621
604011081,UEMP,128
604011081,LF,1674
604011082,UEMP,220
604011082,LF,2877
604011083,UEMP,149
604011083,LF,1690
604011084,UEMP,194
604011084,LF,2447
604021085,UEMP,530
604021085,LF,5708
604021086,UEMP,189
604021086,LF,1756
604021087,UEMP,128
604021087,LF,1985
604021088,UEMP,109
604021088,LF,1682
604021089,UEMP,165
604021089,LF,2515
604021090,UEMP,82
604021090,LF,1513
604021091,UEMP,174
604021091,LF,2628
604021092,UEMP,74
604021092,LF,1567
604031093,UEMP,27
604031093,LF,826
604031094,UEMP,78
604031094,LF,1950
604031095,UEMP,100
604031095,LF,1828
604031096,UEMP,118
604031096,LF,1662
604031097,UEMP,243
604031097,LF,1760
604031098,UEMP,0
604031098,LF,0
697979799,UEMP,0
697979799,LF,50
701011001,UEMP,0
701011001,LF,10
701011002,UEMP,176
701011002,LF,4217
701011003,UEMP,0
701011003,LF,8
701011004,UEMP,73
701011004,LF,1905
701011005,UEMP,77
701011005,LF,2285
701011006,UEMP,88
701011006,LF,1294
701011007,UEMP,58
701011007,LF,1579
701011008,UEMP,93
701011008,LF,2650
701011009,UEMP,56
701011009,LF,1883
701021010,UEMP,88
701021010,LF,1123
701021011,UEMP,75
701021011,LF,1264
701021012,UEMP,35
701021012,LF,549
701021013,UEMP,104
701021013,LF,1986
701021014,UEMP,0
701021014,LF,0
701021015,UEMP,0
701021015,LF,0
701021016,UEMP,80
701021016,LF,1630
701021017,UEMP,0
701021017,LF,10
701021018,UEMP,55
701021018,LF,930
701021019,UEMP,134
701021019,LF,2432
701021020,UEMP,100
701021020,LF,2614
701021021,UEMP,72
701021021,LF,2661
701021022,UEMP,127
701021022,LF,2370
701021023,UEMP,91
701021023,LF,1431
701021024,UEMP,56
701021024,LF,1029
701021025,UEMP,105
701021025,LF,2244
701021026,UEMP,100
701021026,LF,1865
701021027,UEMP,65
701021027,LF,1228
701021028,UEMP,72
701021028,LF,1109
701021029,UEMP,49
701021029,LF,966
701021030,UEMP,55
701021030,LF,1298
701031031,UEMP,72
701031031,LF,3241
701031032,UEMP,190
701031032,LF,4741
701031033,UEMP,0
701031033,LF,20
701031034,UEMP,80
701031034,LF,1844
701031035,UEMP,134
701031035,LF,2191
701041036,UEMP,102
701041036,LF,1839
701041037,UEMP,86
701041037,LF,1552
701041038,UEMP,107
701041038,LF,2517
701041039,UEMP,118
701041039,LF,1537
701041040,UEMP,110
701041040,LF,1278
701041041,UEMP,87
701041041,LF,2381
701041042,UEMP,50
701041042,LF,1796
701041043,UEMP,148
701041043,LF,3624
701041044,UEMP,101
701041044,LF,1687
702011045,UEMP,81
702011045,LF,2129
702011046,UEMP,93
702011046,LF,2743
702011047,UEMP,99
702011047,LF,2264
702011048,UEMP,77
702011048,LF,2605
702011049,UEMP,45
702011049,LF,2187
702011050,UEMP,71
702011050,LF,1195
702011051,UEMP,41
702011051,LF,1106
702011052,UEMP,491
702011052,LF,1147
702011053,UEMP,217
702011053,LF,779
702011054,UEMP,429
702011054,LF,820
702021055,UEMP,193
702021055,LF,796
702021056,UEMP,89
702021056,LF,1248
702031057,UEMP,166
702031057,LF,1955
702031058,UEMP,125
702031058,LF,644
702031059,UEMP,269
702031059,LF,597
702031060,UEMP,163
702031060,LF,685
702031061,UEMP,338
702031061,LF,1147
702041062,UEMP,128
702041062,LF,847
702041063,UEMP,400
702041063,LF,1661
702041064,UEMP,40
702041064,LF,1600
702051065,UEMP,102
702051065,LF,635
702051066,UEMP,194
702051066,LF,1064
702051067,UEMP,161
702051067,LF,4311
702051068,UEMP,124
702051068,LF,715
797979799,UEMP,0
797979799,LF,25
801011001,UEMP,39
801011001,LF,1188
801011002,UEMP,301
801011002,LF,3885
801011003,UEMP,244
801011003,LF,4085
801011004,UEMP,90
801011004,LF,1502
801011005,UEMP,67
801011005,LF,1448
801011006,UEMP,152
801011006,LF,3983
801011007,UEMP,121
801011007,LF,2827
801011008,UEMP,136
801011008,LF,2489
801011009,UEMP,80
801011009,LF,1757
801011010,UEMP,43
801011010,LF,1039
801011011,UEMP,89
801011011,LF,1759
801011012,UEMP,0
801011012,LF,3
801011013,UEMP,77
801011013,LF,1474
801011014,UEMP,64
801011014,LF,1538
801011015,UEMP,123
801011015,LF,2246
801011016,UEMP,210
801011016,LF,3821
801011017,UEMP,88
801011017,LF,1893
801011018,UEMP,6
801011018,LF,66
801011019,UEMP,145
801011019,LF,3848
801011020,UEMP,63
801011020,LF,1379
801011021,UEMP,69
801011021,LF,1447
801011022,UEMP,59
801011022,LF,1534
801011023,UEMP,72
801011023,LF,1345
801011024,UEMP,93
801011024,LF,1470
801011025,UEMP,73
801011025,LF,1318
801011026,UEMP,55
801011026,LF,1289
801011111,UEMP,0
801011111,LF,5
801011112,UEMP,0
801011112,LF,8
801031031,UEMP,0
801031031,LF,3
801031032,UEMP,0
801031032,LF,13
801031113,UEMP,38
801031113,LF,382
801031114,UEMP,4
801031114,LF,65
801031115,UEMP,0
801031115,LF,89
801041034,UEMP,132
801041034,LF,3158
801041035,UEMP,158
801041035,LF,3626
801041036,UEMP,116
801041036,LF,3498
801041037,UEMP,76
801041037,LF,2652
801041038,UEMP,97
801041038,LF,2411
801041039,UEMP,195
801041039,LF,3833
801041040,UEMP,227
801041040,LF,3548
801041043,UEMP,3
801041043,LF,133
801041044,UEMP,196
801041044,LF,4447
801041045,UEMP,0
801041045,LF,5
801041046,UEMP,246
801041046,LF,5964
801041047,UEMP,151
801041047,LF,3792
801041048,UEMP,158
801041048,LF,3106
801041116,UEMP,0
801041116,LF,0
801041117,UEMP,0
801041117,LF,0
801041118,UEMP,18
801041118,LF,373
801041119,UEMP,3
801041119,LF,4
801041120,UEMP,0
801041120,LF,47
801041121,UEMP,0
801041121,LF,0
801041122,UEMP,0
801041122,LF,0
801051049,UEMP,278
801051049,LF,978
801051050,UEMP,109
801051050,LF,2558
801051051,UEMP,223
801051051,LF,3640
801051053,UEMP,280
801051053,LF,2249
801051054,UEMP,70
801051054,LF,1229
801051055,UEMP,110
801051055,LF,1944
801051056,UEMP,69
801051056,LF,1522
801051057,UEMP,150
801051057,LF,2809
801051058,UEMP,151
801051058,LF,3054
801051060,UEMP,135
801051060,LF,2458
801051061,UEMP,160
801051061,LF,3376
801051123,UEMP,0
801051123,LF,0
801051124,UEMP,81
801051124,LF,1672
801051125,UEMP,0
801051125,LF,1429
801051126,UEMP,0
801051126,LF,0
801051127,UEMP,71
801051127,LF,869
801051128,UEMP,0
801051128,LF,0
801061062,UEMP,60
801061062,LF,1391
801061063,UEMP,22
801061063,LF,917
801061064,UEMP,91
801061064,LF,2568
801061066,UEMP,0
801061066,LF,0
801061067,UEMP,165
801061067,LF,2977
801061068,UEMP,0
801061068,LF,0
801061069,UEMP,89
801061069,LF,1533
801061070,UEMP,67
801061070,LF,1421
801061129,UEMP,18
801061129,LF,982
801061130,UEMP,0
801061130,LF,19
801061131,UEMP,75
801061131,LF,3121
801071071,UEMP,116
801071071,LF,2859
801071072,UEMP,105
801071072,LF,2242
801071073,UEMP,134
801071073,LF,3325
801071074,UEMP,112
801071074,LF,2905
801071075,UEMP,113
801071075,LF,2891
801071076,UEMP,43
801071076,LF,1678
801071077,UEMP,63
801071077,LF,1524
801071078,UEMP,198
801071078,LF,4430
801071079,UEMP,60
801071079,LF,1612
801071080,UEMP,59
801071080,LF,1098
801071081,UEMP,104
801071081,LF,2368
801071082,UEMP,339
801071082,LF,7533
801071083,UEMP,19
801071083,LF,839
801071084,UEMP,104
801071084,LF,2795
801071085,UEMP,0
801071085,LF,0
801071086,UEMP,51
801071086,LF,927
801071087,UEMP,87
801071087,LF,1673
801071088,UEMP,101
801071088,LF,2244
801071089,UEMP,0
801071089,LF,14
801071090,UEMP,200
801071090,LF,3960
801071132,UEMP,0
801071132,LF,3
801081091,UEMP,44
801081091,LF,1350
801081092,UEMP,58
801081092,LF,1586
801081093,UEMP,52
801081093,LF,1477
801081094,UEMP,56
801081094,LF,1349
801081095,UEMP,85
801081095,LF,1530
801081096,UEMP,39
801081096,LF,920
801081097,UEMP,50
801081097,LF,1305
801081098,UEMP,66
801081098,LF,1670
801081133,UEMP,0
801081133,LF,3
801091099,UEMP,64
801091099,LF,1309
801091100,UEMP,84
801091100,LF,2622
801091101,UEMP,63
801091101,LF,1680
801091102,UEMP,62
801091102,LF,1581
801091103,UEMP,59
801091103,LF,1365
801091104,UEMP,51
801091104,LF,1148
801091105,UEMP,88
801091105,LF,1515
801091106,UEMP,80
801091106,LF,1712
801091107,UEMP,13
801091107,LF,476
801091108,UEMP,57
801091108,LF,1288
801091109,UEMP,85
801091109,LF,1863
801091110,UEMP,56
801091110,LF,1177
801101134,UEMP,0
801101134,LF,3
801101135,UEMP,35
801101135,LF,1039
801101136,UEMP,0
801101136,LF,0
801101137,UEMP,0
801101137,LF,3
801101138,UEMP,6
801101138,LF,4
801101139,UEMP,37
801101139,LF,1850
801111140,UEMP,7
801111140,LF,323
801111141,UEMP,0
801111141,LF,20
897979799,UEMP,0
897979799,LF,0
901011001,UEMP,16
901011001,LF,840
901021002,UEMP,9
901021002,LF,234
901031003,UEMP,13
901031003,LF,146
901041004,UEMP,16
901041004,LF,983
997979799,UEMP,0
997979799,LF,6
499999499,UEMP,301
499999499,LF,1038
599999499,UEMP,444
599999499,LF,2215
699999499,UEMP,95
699999499,LF,345
799999499,UEMP,76
799999499,LF,647
899999499,UEMP,44
899999499,LF,248
999999499,UEMP,3
999999499,LF,18
102011028,UEMP,213
102011028,LF,3836
102011029,UEMP,225
102011029,LF,4967
102011030,UEMP,85
102011030,LF,2337
102011031,UEMP,311
102011031,LF,5932
102011032,UEMP,686
102011032,LF,9184
102011033,UEMP,215
102011033,LF,3366
102011034,UEMP,187
102011034,LF,3136
102011035,UEMP,197
102011035,LF,3489
102011036,UEMP,236
102011036,LF,4146
102011037,UEMP,187
102011037,LF,3002
102011038,UEMP,158
102011038,LF,3346
102011039,UEMP,350
102011039,LF,6924
102011040,UEMP,775
102011040,LF,9954
102011041,UEMP,198
102011041,LF,4872
102011042,UEMP,474
102011042,LF,5767
102011043,UEMP,382
102011043,LF,5074
102021044,UEMP,631
102021044,LF,9958
102021045,UEMP,468
102021045,LF,5020
102021046,UEMP,344
102021046,LF,3932
102021047,UEMP,455
102021047,LF,7707
102021048,UEMP,820
102021048,LF,9106
102021049,UEMP,58
102021049,LF,1699
102021050,UEMP,321
102021050,LF,4277
102021051,UEMP,133
102021051,LF,2598
102021052,UEMP,203
102021052,LF,2550
102021053,UEMP,519
102021053,LF,6343
102021054,UEMP,302
102021054,LF,3758
102021055,UEMP,164
102021055,LF,2576
102021056,UEMP,429
102021056,LF,7126
102021057,UEMP,370
102021057,LF,3696
115011290,UEMP,583
115011290,LF,11783
115011291,UEMP,574
115011291,LF,11165
115011294,UEMP,122
115011294,LF,3123
115011296,UEMP,314
115011296,LF,6846
115011553,UEMP,189
115011553,LF,4017
115011554,UEMP,113
115011554,LF,2278
115011555,UEMP,327
115011555,LF,6236
115011556,UEMP,251
115011556,LF,4991
115011557,UEMP,152
115011557,LF,2905
115011558,UEMP,526
115011558,LF,9876
115011559,UEMP,568
115011559,LF,12709
115021297,UEMP,353
115021297,LF,10917
115021298,UEMP,94
115021298,LF,2649
115031299,UEMP,69
115031299,LF,1275
115031300,UEMP,410
115031300,LF,11830
115041301,UEMP,158
115041301,LF,5661
115041302,UEMP,519
115041302,LF,12366
116011303,UEMP,668
116011303,LF,8491
116011304,UEMP,706
116011304,LF,8638
116011306,UEMP,858
116011306,LF,11104
116011307,UEMP,744
116011307,LF,12499
116011308,UEMP,790
116011308,LF,11809
116011560,UEMP,484
116011560,LF,5929
116011561,UEMP,560
116011561,LF,7835
116021309,UEMP,542
116021309,LF,8927
116021310,UEMP,809
116021310,LF,16890
116021312,UEMP,473
116021312,LF,8886
116021562,UEMP,108
116021562,LF,2181
116021563,UEMP,759
116021563,LF,12652
116031313,UEMP,872
116031313,LF,6630
116031314,UEMP,296
116031314,LF,4207
116031315,UEMP,750
116031315,LF,10539
116031316,UEMP,853
116031316,LF,7920
116031317,UEMP,995
116031317,LF,8941
116031318,UEMP,0
116031318,LF,17
116031319,UEMP,727
116031319,LF,10580
117011320,UEMP,0
117011320,LF,15
117011321,UEMP,229
117011321,LF,5859
117011322,UEMP,803
117011322,LF,13048
117011323,UEMP,325
117011323,LF,5387
117011324,UEMP,0
117011324,LF,4
117011325,UEMP,0
117011325,LF,23
117021326,UEMP,820
117021326,LF,14723
117021327,UEMP,532
117021327,LF,12367
117021328,UEMP,217
117021328,LF,4750
117031329,UEMP,341
117031329,LF,7456
117031330,UEMP,400
117031330,LF,11449
117031331,UEMP,716
117031331,LF,11390
117031332,UEMP,948
117031332,LF,15537
117031333,UEMP,542
117031333,LF,12779
117031334,UEMP,947
117031334,LF,12440
117031335,UEMP,957
117031335,LF,12654
117031336,UEMP,491
117031336,LF,10670
117031337,UEMP,1046
117031337,LF,16168
117031338,UEMP,1279
117031338,LF,18325
118011339,UEMP,406
118011339,LF,10822
118011340,UEMP,455
118011340,LF,12323
118011341,UEMP,370
118011341,LF,9003
118011342,UEMP,0
118011342,LF,0
118011343,UEMP,433
118011343,LF,13267
118011344,UEMP,233
118011344,LF,5739
118011345,UEMP,312
118011345,LF,9316
118011346,UEMP,214
118011346,LF,5599
118011347,UEMP,133
118011347,LF,4096
118021348,UEMP,547
118021348,LF,14693
118021350,UEMP,484
118021350,LF,10707
118021564,UEMP,782
118021564,LF,7311
118021565,UEMP,746
118021565,LF,7121
118021566,UEMP,213
118021566,LF,5010
118021567,UEMP,261
118021567,LF,5228
118021568,UEMP,344
118021568,LF,5034
118021569,UEMP,375
118021569,LF,9984
118021570,UEMP,292
118021570,LF,7248
119011354,UEMP,738
119011354,LF,8417
119011355,UEMP,22
119011355,LF,458
119011356,UEMP,386
119011356,LF,4673
119011357,UEMP,842
119011357,LF,9596
119011358,UEMP,497
119011358,LF,8051
119011359,UEMP,658
119011359,LF,12875
119011360,UEMP,491
119011360,LF,7807
119011361,UEMP,804
119011361,LF,8334
119011571,UEMP,719
119011571,LF,6656
119011572,UEMP,687
119011572,LF,6292
119021362,UEMP,623
119021362,LF,8608
119021363,UEMP,1296
119021363,LF,15066
119021364,UEMP,546
119021364,LF,11227
119021366,UEMP,825
119021366,LF,8109
119021367,UEMP,441
119021367,LF,6079
119021573,UEMP,884
119021573,LF,6553
119021574,UEMP,500
119021574,LF,4150
119031368,UEMP,1068
119031368,LF,11577
119031369,UEMP,715
119031369,LF,12802
119031370,UEMP,491
119031370,LF,6450
119031371,UEMP,314
119031371,LF,6572
119031372,UEMP,397
119031372,LF,8623
119031373,UEMP,470
119031373,LF,4839
119031374,UEMP,850
119031374,LF,12101
119041375,UEMP,781
119041375,LF,11777
119041376,UEMP,862
119041376,LF,13061
119041377,UEMP,342
119041377,LF,6100
119041378,UEMP,433
119041378,LF,6197
119041379,UEMP,527
119041379,LF,8446
119041380,UEMP,339
119041380,LF,6901
119041381,UEMP,791
119041381,LF,10895
119041382,UEMP,368
119041382,LF,7837
120011383,UEMP,477
120011383,LF,11286
120011384,UEMP,960
120011384,LF,13452
120011385,UEMP,344
120011385,LF,9897
120011386,UEMP,442
120011386,LF,10825
120021387,UEMP,347
120021387,LF,8722
120021388,UEMP,621
120021388,LF,15094
120021389,UEMP,288
120021389,LF,8007
120031390,UEMP,936
120031390,LF,13490
120031391,UEMP,1070
120031391,LF,12401
120031392,UEMP,269
120031392,LF,5598
120031393,UEMP,454
120031393,LF,8761
120031394,UEMP,485
120031394,LF,9698
120031395,UEMP,307
120031395,LF,7390
120031396,UEMP,707
120031396,LF,8852
120031575,UEMP,907
120031575,LF,13520
120031576,UEMP,128
120031576,LF,1874
121011398,UEMP,895
121011398,LF,14509
121011399,UEMP,587
121011399,LF,11915
121011400,UEMP,625
121011400,LF,14334
121011401,UEMP,260
121011401,LF,6586
121011402,UEMP,511
121011402,LF,12467
121021403,UEMP,416
121021403,LF,10027
121021404,UEMP,243
121021404,LF,6414
121021406,UEMP,399
121021406,LF,9422
121021577,UEMP,439
121021577,LF,6684
121021578,UEMP,295
121021578,LF,5407
121021579,UEMP,297
121021579,LF,4802
121031407,UEMP,606
121031407,LF,10335
121031408,UEMP,517
121031408,LF,11450
121031409,UEMP,406
121031409,LF,8301
121031410,UEMP,422
121031410,LF,9988
121031411,UEMP,387
121031411,LF,8982
121031412,UEMP,369
121031412,LF,8732
121041413,UEMP,423
121041413,LF,11273
121041414,UEMP,395
121041414,LF,11533
121041415,UEMP,567
121041415,LF,14575
121041416,UEMP,426
121041416,LF,11067
121041417,UEMP,255
121041417,LF,6679
122011418,UEMP,369
122011418,LF,10283
122011419,UEMP,472
122011419,LF,12754
122021420,UEMP,242
122021420,LF,6356
122021421,UEMP,165
122021421,LF,5185
122021422,UEMP,236
122021422,LF,7147
122021423,UEMP,396
122021423,LF,12540
122031424,UEMP,251
122031424,LF,6994
122031425,UEMP,112
122031425,LF,3799
122031426,UEMP,522
122031426,LF,14576
122031427,UEMP,234
122031427,LF,6118
122031428,UEMP,493
122031428,LF,12638
122031429,UEMP,384
122031429,LF,12160
122031430,UEMP,323
122031430,LF,8800
122031431,UEMP,386
122031431,LF,13093
122031432,UEMP,66
122031432,LF,1867
123011433,UEMP,212
123011433,LF,6466
123011434,UEMP,486
123011434,LF,11268
123011435,UEMP,710
123011435,LF,16019
123021436,UEMP,752
123021436,LF,8439
123021437,UEMP,669
123021437,LF,8545
123021438,UEMP,690
123021438,LF,10174
123021439,UEMP,0
123021439,LF,0
123021440,UEMP,734
123021440,LF,9782
123021441,UEMP,532
123021441,LF,8109
123021442,UEMP,986
123021442,LF,10529
123021443,UEMP,751
123021443,LF,9650
123021444,UEMP,762
123021444,LF,9963
123031445,UEMP,125
123031445,LF,2840
123031446,UEMP,143
123031446,LF,5106
123031447,UEMP,412
123031447,LF,8303
123031448,UEMP,185
123031448,LF,4767
124011449,UEMP,137
124011449,LF,2442
124011450,UEMP,382
124011450,LF,9910
124011451,UEMP,0
124011451,LF,12
124011452,UEMP,394
124011452,LF,5952
124011453,UEMP,279
124011453,LF,5627
124011454,UEMP,436
124011454,LF,10992
124011455,UEMP,144
124011455,LF,2651
124021456,UEMP,0
124021456,LF,0
124031457,UEMP,442
124031457,LF,8186
124031458,UEMP,588
124031458,LF,12782
124031459,UEMP,305
124031459,LF,7294
124031460,UEMP,476
124031460,LF,12093
124031461,UEMP,473
124031461,LF,8627
124031462,UEMP,742
124031462,LF,9707
124031463,UEMP,196
124031463,LF,5169
124031464,UEMP,537
124031464,LF,6296
124031465,UEMP,112
124031465,LF,2820
124041466,UEMP,390
124041466,LF,6720
124041467,UEMP,407
124041467,LF,8045
124041468,UEMP,112
124041468,LF,3327
124051469,UEMP,185
124051469,LF,3853
124051470,UEMP,550
124051470,LF,10795
124051580,UEMP,431
124051580,LF,5405
124051581,UEMP,701
124051581,LF,7057
125011473,UEMP,532
125011473,LF,9607
125011475,UEMP,0
125011475,LF,0
125011582,UEMP,942
125011582,LF,7219
125011583,UEMP,736
125011583,LF,5453
125011584,UEMP,346
125011584,LF,3300
125011585,UEMP,415
125011585,LF,4113
125011586,UEMP,863
125011586,LF,10113
125011587,UEMP,207
125011587,LF,2210
125021476,UEMP,850
125021476,LF,13312
125021477,UEMP,642
125021477,LF,10377
125021478,UEMP,589
125021478,LF,8599
125031479,UEMP,708
125031479,LF,7095
125031480,UEMP,620
125031480,LF,5475
125031481,UEMP,988
125031481,LF,9272
125031482,UEMP,693
125031482,LF,12664
125031483,UEMP,809
125031483,LF,7200
125031484,UEMP,805
125031484,LF,8692
125031485,UEMP,1165
125031485,LF,12600
125031486,UEMP,4
125031486,LF,13
125031487,UEMP,0
125031487,LF,6
125041489,UEMP,982
125041489,LF,11466
125041490,UEMP,166
125041490,LF,3922
125041491,UEMP,733
125041491,LF,10592
125041492,UEMP,1474
125041492,LF,15872
125041493,UEMP,686
125041493,LF,10685
125041494,UEMP,229
125041494,LF,5512
125041588,UEMP,453
125041588,LF,5821
125041589,UEMP,709
125041589,LF,7591
126011495,UEMP,961
126011495,LF,14032
126011496,UEMP,501
126011496,LF,10567
126021497,UEMP,858
126021497,LF,12481
126021498,UEMP,316
126021498,LF,7688
126021499,UEMP,148
126021499,LF,4605
126021500,UEMP,1002
126021500,LF,11163
126021501,UEMP,314
126021501,LF,6206
126021503,UEMP,718
126021503,LF,11087
126021590,UEMP,84
126021590,LF,2158
126021591,UEMP,835
126021591,LF,14340
127011504,UEMP,767
127011504,LF,5289
127011505,UEMP,212
127011505,LF,4063
127011506,UEMP,344
127011506,LF,9258
127011592,UEMP,0
127011592,LF,21
127011593,UEMP,202
127011593,LF,3558
127011594,UEMP,474
127011594,LF,5705
127011595,UEMP,453
127011595,LF,6005
127011596,UEMP,307
127011596,LF,5667
127011597,UEMP,435
127011597,LF,7640
127021509,UEMP,668
127021509,LF,6863
127021510,UEMP,558
127021510,LF,8637
127021511,UEMP,1425
127021511,LF,10005
127021512,UEMP,784
127021512,LF,6940
127021513,UEMP,1086
127021513,LF,8466
127021514,UEMP,362
127021514,LF,4534
127021515,UEMP,869
127021515,LF,6006
127021516,UEMP,750
127021516,LF,7122
127021517,UEMP,293
127021517,LF,3424
127021518,UEMP,79
127021518,LF,2134
127021519,UEMP,612
127021519,LF,7252
127021520,UEMP,385
127021520,LF,4640
127021521,UEMP,0
127021521,LF,19
127031522,UEMP,535
127031522,LF,7131
127031523,UEMP,470
127031523,LF,9260
127031524,UEMP,477
127031524,LF,11275
127031598,UEMP,1104
127031598,LF,9617
127031599,UEMP,459
127031599,LF,3886
127031600,UEMP,533
127031600,LF,8521
127031601,UEMP,314
127031601,LF,2247
128011529,UEMP,322
128011529,LF,9533
128011530,UEMP,387
128011530,LF,9144
128011531,UEMP,331
128011531,LF,7394
128011602,UEMP,225
128011602,LF,6270
128011603,UEMP,192
128011603,LF,6168
128011604,UEMP,447
128011604,LF,13391
128011605,UEMP,38
128011605,LF,1719
128011606,UEMP,103
128011606,LF,4205
128021533,UEMP,130
128021533,LF,3337
128021534,UEMP,219
128021534,LF,6007
128021535,UEMP,447
128021535,LF,12132
128021536,UEMP,392
128021536,LF,11095
128021537,UEMP,0
128021537,LF,13
128021538,UEMP,446
128021538,LF,11272
128021607,UEMP,261
128021607,LF,8737
128021608,UEMP,117
128021608,LF,3885
128021609,UEMP,53
128021609,LF,2245
101021007,UEMP,73
101021007,LF,1721
101021008,UEMP,208
101021008,LF,4392
101021009,UEMP,306
101021009,LF,5918
101021010,UEMP,140
101021010,LF,2788
101021011,UEMP,265
101021011,LF,9078
101021012,UEMP,254
101021012,LF,7386
101031013,UEMP,50
101031013,LF,1117
101031014,UEMP,143
101031014,LF,3042
101031015,UEMP,60
101031015,LF,1627
101031016,UEMP,73
101031016,LF,3974
101041017,UEMP,225
101041017,LF,2764
101041018,UEMP,266
101041018,LF,3130
101041019,UEMP,181
101041019,LF,3657
101041020,UEMP,235
101041020,LF,3940
101041021,UEMP,56
101041021,LF,1286
101041022,UEMP,0
101041022,LF,6
101041023,UEMP,86
101041023,LF,1238
101041024,UEMP,98
101041024,LF,1500
101041025,UEMP,197
101041025,LF,4299
101041026,UEMP,207
101041026,LF,3080
101041027,UEMP,177
101041027,LF,3016
101051539,UEMP,708
101051539,LF,10415
101051540,UEMP,253
101051540,LF,5955
101061541,UEMP,110
101061541,LF,3068
101061542,UEMP,175
101061542,LF,6189
101061543,UEMP,275
101061543,LF,4462
101061544,UEMP,163
101061544,LF,3269
103011058,UEMP,723
103011058,LF,11168
103011059,UEMP,307
103011059,LF,5217
103011060,UEMP,144
103011060,LF,3271
103011061,UEMP,124
103011061,LF,2055
103021062,UEMP,184
103021062,LF,2852
103021063,UEMP,264
103021063,LF,3639
103021064,UEMP,131
103021064,LF,2394
103021065,UEMP,244
103021065,LF,4418
103021066,UEMP,79
103021066,LF,1511
103021067,UEMP,342
103021067,LF,4724
103021068,UEMP,114
103021068,LF,1471
103021069,UEMP,95
103021069,LF,2619
103031070,UEMP,423
103031070,LF,4946
103031071,UEMP,225
103031071,LF,3504
103031072,UEMP,297
103031072,LF,5339
103031073,UEMP,127
103031073,LF,1209
103031074,UEMP,309
103031074,LF,4342
103031075,UEMP,0
103031075,LF,0
103041076,UEMP,200
103041076,LF,3430
103041077,UEMP,631
103041077,LF,8277
103041078,UEMP,540
103041078,LF,9845
103041079,UEMP,210
103041079,LF,5754
104011080,UEMP,731
104011080,LF,7225
104011081,UEMP,561
104011081,LF,6176
104011082,UEMP,439
104011082,LF,5746
104021083,UEMP,176
104021083,LF,2437
104021084,UEMP,565
104021084,LF,7405
104021085,UEMP,307
104021085,LF,4289
104021086,UEMP,116
104021086,LF,1848
104021087,UEMP,106
104021087,LF,1288
104021088,UEMP,231
104021088,LF,4245
104021089,UEMP,689
104021089,LF,8686
104021090,UEMP,137
104021090,LF,1923
104021091,UEMP,404
104021091,LF,5272
105011092,UEMP,149
105011092,LF,1559
105011093,UEMP,124
105011093,LF,2144
105011094,UEMP,143
105011094,LF,1666
105011095,UEMP,145
105011095,LF,2228
105011096,UEMP,264
105011096,LF,2430
105021097,UEMP,668
105021097,LF,7572
105021098,UEMP,73
105021098,LF,1013
105031099,UEMP,237
105031099,LF,3110
105031100,UEMP,315
105031100,LF,5103
105031101,UEMP,437
105031101,LF,8480
105031102,UEMP,252
105031102,LF,4070
105031103,UEMP,108
105031103,LF,2895
105031104,UEMP,114
105031104,LF,1963
105031105,UEMP,206
105031105,LF,2836
105031106,UEMP,290
105031106,LF,3168
106011107,UEMP,293
106011107,LF,5064
106011108,UEMP,878
106011108,LF,8664
106011109,UEMP,210
106011109,LF,3522
106011110,UEMP,227
106011110,LF,4111
106011111,UEMP,722
106011111,LF,7603
106011112,UEMP,560
106011112,LF,8129
106011113,UEMP,106
106011113,LF,2305
106021114,UEMP,253
106021114,LF,3197
106021115,UEMP,969
106021115,LF,12928
106021116,UEMP,161
106021116,LF,3873
106021117,UEMP,861
106021117,LF,10708
106021118,UEMP,299
106021118,LF,5412
106031119,UEMP,164
106031119,LF,2534
106031120,UEMP,221
106031120,LF,2503
106031121,UEMP,602
106031121,LF,8381
106031122,UEMP,583
106031122,LF,5855
106031123,UEMP,127
106031123,LF,2897
106031124,UEMP,130
106031124,LF,1539
106031125,UEMP,377
106031125,LF,6450
106041126,UEMP,519
106041126,LF,5385
106041127,UEMP,81
106041127,LF,1954
106041128,UEMP,122
106041128,LF,2758
106041129,UEMP,197
106041129,LF,3854
107011131,UEMP,801
107011131,LF,10462
107011132,UEMP,208
107011132,LF,4477
107011133,UEMP,3
107011133,LF,3
107011134,UEMP,457
107011134,LF,7497
107011545,UEMP,519
107011545,LF,5523
107011546,UEMP,420
107011546,LF,3485
107011547,UEMP,132
107011547,LF,1717
107021135,UEMP,0
107021135,LF,7
107031136,UEMP,408
107031136,LF,7289
107031137,UEMP,228
107031137,LF,3128
107031138,UEMP,174
107031138,LF,3402
107031139,UEMP,138
107031139,LF,2887
107031140,UEMP,119
107031140,LF,3598
107031141,UEMP,472
107031141,LF,8510
107031142,UEMP,322
107031142,LF,4757
107031143,UEMP,770
107031143,LF,8118
107041144,UEMP,708
107041144,LF,9738
107041145,UEMP,520
107041145,LF,7116
107041146,UEMP,735
107041146,LF,9994
107041147,UEMP,176
107041147,LF,4810
107041148,UEMP,255
107041148,LF,5755
107041150,UEMP,443
107041150,LF,9512
107041548,UEMP,558
107041548,LF,6871
107041549,UEMP,825
107041549,LF,8057
108011151,UEMP,141
108011151,LF,1993
108011152,UEMP,400
108011152,LF,4970
108011153,UEMP,197
108011153,LF,2221
108011154,UEMP,182
108011154,LF,1821
108021155,UEMP,480
108021155,LF,4945
108021156,UEMP,280
108021156,LF,3688
108021157,UEMP,151
108021157,LF,1756
108021158,UEMP,232
108021158,LF,2062
108021159,UEMP,258
108021159,LF,3053
108021160,UEMP,136
108021160,LF,1726
108031161,UEMP,3
108031161,LF,228
108041162,UEMP,453
108041162,LF,5945
108041163,UEMP,792
108041163,LF,12303
108041164,UEMP,432
108041164,LF,6557
108041165,UEMP,131
108041165,LF,2423
108041166,UEMP,338
108041166,LF,4581
108051167,UEMP,144
108051167,LF,1955
108051168,UEMP,329
108051168,LF,4201
108051169,UEMP,803
108051169,LF,7434
108051170,UEMP,447
108051170,LF,4745
108051171,UEMP,200
108051171,LF,2066
109011172,UEMP,392
109011172,LF,7823
109011173,UEMP,365
109011173,LF,4596
109011174,UEMP,317
109011174,LF,4992
109011175,UEMP,235
109011175,LF,5519
109011176,UEMP,585
109011176,LF,6397
109021177,UEMP,62
109021177,LF,1371
109021178,UEMP,168
109021178,LF,2540
109021179,UEMP,79
109021179,LF,1691
109031180,UEMP,138
109031180,LF,2350
109031181,UEMP,115
109031181,LF,2860
109031182,UEMP,185
109031182,LF,3278
109031183,UEMP,105
109031183,LF,3156
109031184,UEMP,101
109031184,LF,2545
109031185,UEMP,188
109031185,LF,4017
110011186,UEMP,876
110011186,LF,10515
110011187,UEMP,105
110011187,LF,2151
110011188,UEMP,140
110011188,LF,2875
110011189,UEMP,48
110011189,LF,1516
110021190,UEMP,283
110021190,LF,3509
110021191,UEMP,371
110021191,LF,4904
110021192,UEMP,172
110021192,LF,2030
110021193,UEMP,133
110021193,LF,2492
110021194,UEMP,200
110021194,LF,2558
110031195,UEMP,271
110031195,LF,3570
110031196,UEMP,113
110031196,LF,2599
110031197,UEMP,202
110031197,LF,3351
110031198,UEMP,126
110031198,LF,2192
110041199,UEMP,245
110041199,LF,4134
110041200,UEMP,109
110041200,LF,2024
110041201,UEMP,241
110041201,LF,3258
110041202,UEMP,558
110041202,LF,9672
110041203,UEMP,405
110041203,LF,7056
110041204,UEMP,244
110041204,LF,2182
110041205,UEMP,397
110041205,LF,8615
111011206,UEMP,565
111011206,LF,8224
111011207,UEMP,206
111011207,LF,2451
111011208,UEMP,703
111011208,LF,11767
111011209,UEMP,773
111011209,LF,11676
111011210,UEMP,330
111011210,LF,3574
111011211,UEMP,87
111011211,LF,1591
111011212,UEMP,374
111011212,LF,4989
111011213,UEMP,326
111011213,LF,5952
111011214,UEMP,408
111011214,LF,6510
111021215,UEMP,385
111021215,LF,3707
111021216,UEMP,295
111021216,LF,3888
111021217,UEMP,388
111021217,LF,7093
111021218,UEMP,449
111021218,LF,6109
111021219,UEMP,454
111021219,LF,5747
111021220,UEMP,287
111021220,LF,4045
111021221,UEMP,234
111021221,LF,3238
111031222,UEMP,473
111031222,LF,8081
111031223,UEMP,404
111031223,LF,3589
111031224,UEMP,465
111031224,LF,6135
111031225,UEMP,468
111031225,LF,8459
111031226,UEMP,444
111031226,LF,7138
111031227,UEMP,648
111031227,LF,7592
111031228,UEMP,304
111031228,LF,7494
111031229,UEMP,363
111031229,LF,6338
111031230,UEMP,0
111031230,LF,4
111031231,UEMP,796
111031231,LF,5014
111031232,UEMP,193
111031232,LF,2927
111031233,UEMP,740
111031233,LF,8969
111031234,UEMP,537
111031234,LF,6006
111031235,UEMP,298
111031235,LF,4538
112011236,UEMP,440
112011236,LF,6786
112011237,UEMP,434
112011237,LF,7715
112011238,UEMP,130
112011238,LF,2711
112011239,UEMP,294
112011239,LF,3748
112011240,UEMP,267
112011240,LF,4573
112011241,UEMP,151
112011241,LF,2095
112011242,UEMP,208
112011242,LF,3999
112011243,UEMP,255
112011243,LF,3394
112021244,UEMP,402
112021244,LF,4615
112021245,UEMP,196
112021245,LF,2870
112021246,UEMP,402
112021246,LF,5876
112021247,UEMP,257
112021247,LF,2911
112021248,UEMP,682
112021248,LF,6710
112021249,UEMP,450
112021249,LF,7254
112031250,UEMP,358
112031250,LF,5829
112031251,UEMP,276
112031251,LF,3524
112031252,UEMP,288
112031252,LF,4221
112031253,UEMP,387
112031253,LF,5875
112031254,UEMP,653
112031254,LF,7920
112031550,UEMP,419
112031550,LF,6638
112031551,UEMP,105
112031551,LF,1641
112031552,UEMP,234
112031552,LF,2806
113011256,UEMP,475
113011256,LF,8971
113011257,UEMP,245
113011257,LF,6470
113011258,UEMP,230
113011258,LF,4489
113011259,UEMP,148
113011259,LF,2557
113021260,UEMP,69
113021260,LF,1525
113021261,UEMP,172
113021261,LF,2651
113021262,UEMP,97
113021262,LF,2174
113031263,UEMP,184
113031263,LF,2992
113031264,UEMP,73
113031264,LF,1658
113031265,UEMP,116
113031265,LF,2409
113031266,UEMP,142
113031266,LF,2858
113031267,UEMP,388
113031267,LF,8294
113031268,UEMP,132
113031268,LF,2339
113031269,UEMP,628
113031269,LF,10595
113031270,UEMP,433
113031270,LF,6044
113031271,UEMP,297
113031271,LF,7266
114011272,UEMP,107
114011272,LF,3566
114011273,UEMP,98
114011273,LF,1363
114011274,UEMP,139
114011274,LF,1867
114011275,UEMP,3
114011275,LF,25
114011276,UEMP,89
114011276,LF,1768
114011277,UEMP,390
114011277,LF,6837
114011278,UEMP,659
114011278,LF,7818
114011279,UEMP,436
114011279,LF,4924
114011280,UEMP,100
114011280,LF,1321
114011281,UEMP,68
114011281,LF,1648
114011282,UEMP,364
114011282,LF,5697
114011283,UEMP,133
114011283,LF,2011
114021284,UEMP,205
114021284,LF,5174
114021285,UEMP,131
114021285,LF,3041
114021286,UEMP,148
114021286,LF,4101
114021287,UEMP,163
114021287,LF,4451
114021288,UEMP,52
114021288,LF,1673
114021289,UEMP,105
114021289,LF,3006
197979799,UEMP,4
197979799,LF,130
206011105,UEMP,952
206011105,LF,16058
206011106,UEMP,400
206011106,LF,7053
206011107,UEMP,517
206011107,LF,7906
206011108,UEMP,1004
206011108,LF,14246
206011109,UEMP,297
206011109,LF,5145
206021110,UEMP,273
206021110,LF,5191
206021111,UEMP,675
206021111,LF,14250
206021112,UEMP,572
206021112,LF,10382
206031113,UEMP,515
206031113,LF,8122
206031114,UEMP,756
206031114,LF,15429
206031115,UEMP,521
206031115,LF,5148
206031116,UEMP,423
206031116,LF,8013
206041117,UEMP,1561
206041117,LF,8062
206041118,UEMP,484
206041118,LF,6382
206041119,UEMP,120
206041119,LF,3148
206041120,UEMP,3
206041120,LF,40
206041121,UEMP,321
206041121,LF,6619
206041122,UEMP,2805
206041122,LF,18649
206041123,UEMP,1157
206041123,LF,11110
206041124,UEMP,493
206041124,LF,3996
206041125,UEMP,155
206041125,LF,3534
206041126,UEMP,906
206041126,LF,11615
206041127,UEMP,0
206041127,LF,0
206051128,UEMP,420
206051128,LF,8503
206051129,UEMP,443
206051129,LF,9719
206051130,UEMP,372
206051130,LF,9304
206051131,UEMP,0
206051131,LF,13
206051132,UEMP,385
206051132,LF,6505
206051133,UEMP,943
206051133,LF,16314
206051134,UEMP,514
206051134,LF,10443
206061135,UEMP,235
206061135,LF,5063
206061136,UEMP,573
206061136,LF,12728
206061137,UEMP,741
206061137,LF,13235
206061138,UEMP,291
206061138,LF,6835
206071139,UEMP,291
206071139,LF,5468
206071140,UEMP,244
206071140,LF,5282
206071141,UEMP,353
206071141,LF,5065
206071142,UEMP,430
206071142,LF,5850
206071143,UEMP,354
206071143,LF,7388
206071144,UEMP,945
206071144,LF,19695
206071145,UEMP,227
206071145,LF,5311
207011146,UEMP,201
207011146,LF,3863
207011147,UEMP,459
207011147,LF,7540
207011148,UEMP,603
207011148,LF,9836
207011149,UEMP,578
207011149,LF,10732
207011150,UEMP,428
207011150,LF,8688
207011151,UEMP,895
207011151,LF,13502
207011152,UEMP,436
207011152,LF,8544
207011153,UEMP,660
207011153,LF,12912
207011154,UEMP,164
207011154,LF,3320
207011155,UEMP,412
207011155,LF,8158
207021156,UEMP,326
207021156,LF,5242
207021157,UEMP,731
207021157,LF,9672
207021159,UEMP,463
207021159,LF,8062
207021160,UEMP,373
207021160,LF,6258
207021424,UEMP,469
207021424,LF,7223
207021425,UEMP,487
207021425,LF,6410
207031161,UEMP,675
207031161,LF,10776
207031162,UEMP,279
207031162,LF,4985
207031163,UEMP,870
207031163,LF,9728
207031164,UEMP,590
207031164,LF,8783
207031165,UEMP,763
207031165,LF,5659
207031166,UEMP,386
207031166,LF,4859
207031167,UEMP,254
207031167,LF,5346
208011168,UEMP,300
208011168,LF,6715
208011169,UEMP,476
208011169,LF,10940
208011170,UEMP,408
208011170,LF,7734
208011171,UEMP,269
208011171,LF,5705
208011172,UEMP,431
208011172,LF,8868
208011173,UEMP,330
208011173,LF,8240
208021174,UEMP,703
208021174,LF,11412
208021176,UEMP,707
208021176,LF,9755
208021177,UEMP,587
208021177,LF,10739
208021178,UEMP,422
208021178,LF,8980
208021179,UEMP,253
208021179,LF,6216
208021180,UEMP,280
208021180,LF,4077
208021181,UEMP,343
208021181,LF,5219
208021182,UEMP,504
208021182,LF,7451
208021426,UEMP,385
208021426,LF,7494
208021427,UEMP,359
208021427,LF,6643
208031183,UEMP,216
208031183,LF,4888
208031184,UEMP,0
208031184,LF,20
208031185,UEMP,287
208031185,LF,6099
208031186,UEMP,364
208031186,LF,7226
208031187,UEMP,142
208031187,LF,2754
208031188,UEMP,604
208031188,LF,11453
208031189,UEMP,315
208031189,LF,6718
208031190,UEMP,370
208031190,LF,6980
208031191,UEMP,277
208031191,LF,4508
208031192,UEMP,0
208031192,LF,0
208031193,UEMP,497
208031193,LF,10670
208041194,UEMP,537
208041194,LF,10794
208041195,UEMP,735
208041195,LF,10997
209011196,UEMP,323
209011196,LF,4727
209011197,UEMP,517
209011197,LF,10950
209011198,UEMP,405
209011198,LF,7460
209011199,UEMP,595
209011199,LF,6484
209011200,UEMP,325
209011200,LF,6323
209011201,UEMP,202
209011201,LF,4102
209011202,UEMP,347
209011202,LF,8433
209011203,UEMP,483
209011203,LF,9232
209011204,UEMP,225
209011204,LF,4630
209021205,UEMP,723
209021205,LF,5598
209021207,UEMP,1110
209021207,LF,12553
209021208,UEMP,854
209021208,LF,11072
209021428,UEMP,817
209021428,LF,10309
209021429,UEMP,414
209021429,LF,6387
209031209,UEMP,562
209031209,LF,12635
209031210,UEMP,80
209031210,LF,1924
209031211,UEMP,93
209031211,LF,1946
209031212,UEMP,103
209031212,LF,2762
209031213,UEMP,215
209031213,LF,5223
209031214,UEMP,150
209031214,LF,3611
209031215,UEMP,347
209031215,LF,7884
209041216,UEMP,329
209041216,LF,3704
209041217,UEMP,260
209041217,LF,2940
209041219,UEMP,885
209041219,LF,9155
209041220,UEMP,613
209041220,LF,9539
209041221,UEMP,462
209041221,LF,6133
209041223,UEMP,809
209041223,LF,8107
209041224,UEMP,451
209041224,LF,8165
209041225,UEMP,159
209041225,LF,3862
209041430,UEMP,527
209041430,LF,10921
209041431,UEMP,506
209041431,LF,6359
209041432,UEMP,353
209041432,LF,3894
209041433,UEMP,402
209041433,LF,5368
209041434,UEMP,476
209041434,LF,8360
209041435,UEMP,401
209041435,LF,6448
209041436,UEMP,388
209041436,LF,6153
209041437,UEMP,291
209041437,LF,4472
210011226,UEMP,182
210011226,LF,3794
210011227,UEMP,0
210011227,LF,0
210011228,UEMP,217
210011228,LF,4161
210011229,UEMP,690
210011229,LF,11982
210011230,UEMP,155
210011230,LF,3714
210011231,UEMP,229
210011231,LF,5007
210021232,UEMP,289
210021232,LF,6475
210021233,UEMP,85
210021233,LF,1668
210021234,UEMP,80
210021234,LF,2173
210021235,UEMP,199
210021235,LF,4632
210031236,UEMP,255
210031236,LF,3790
210031237,UEMP,573
210031237,LF,5418
210031239,UEMP,767
210031239,LF,12252
210031438,UEMP,904
210031438,LF,10129
210031439,UEMP,58
210031439,LF,1491
210031440,UEMP,182
210031440,LF,2317
210041240,UEMP,416
210041240,LF,6710
210041241,UEMP,852
210041241,LF,14092
210051242,UEMP,718
210051242,LF,4562
210051243,UEMP,719
210051243,LF,4929
210051245,UEMP,592
210051245,LF,8666
210051246,UEMP,464
210051246,LF,8703
210051247,UEMP,707
210051247,LF,5011
210051248,UEMP,0
210051248,LF,61
210051249,UEMP,918
210051249,LF,8346
210051250,UEMP,232
210051250,LF,3209
210051441,UEMP,412
210051441,LF,4014
210051442,UEMP,433
210051442,LF,5484
210051443,UEMP,693
210051443,LF,7932
210051444,UEMP,566
210051444,LF,6525
210051445,UEMP,87
210051445,LF,1817
211011251,UEMP,379
211011251,LF,6137
211011254,UEMP,485
211011254,LF,7851
211011255,UEMP,161
211011255,LF,3863
211011256,UEMP,456
211011256,LF,8581
211011257,UEMP,213
211011257,LF,4409
211011258,UEMP,284
211011258,LF,5971
211011259,UEMP,414
211011259,LF,7114
211011260,UEMP,581
211011260,LF,9200
211011446,UEMP,651
211011446,LF,11340
211011447,UEMP,398
211011447,LF,7092
211011448,UEMP,440
211011448,LF,8027
211011449,UEMP,117
211011449,LF,2359
211021261,UEMP,355
211021261,LF,8002
211021262,UEMP,244
211021262,LF,5468
211031263,UEMP,320
211031263,LF,6464
211031265,UEMP,442
211031265,LF,10277
211031266,UEMP,588
211031266,LF,8748
211031267,UEMP,545
211031267,LF,10492
211031268,UEMP,233
211031268,LF,5052
211031450,UEMP,410
211031450,LF,7718
211031451,UEMP,350
211031451,LF,6527
211031452,UEMP,126
211031452,LF,2449
211041269,UEMP,348
211041269,LF,5117
211041270,UEMP,478
211041270,LF,8670
211041271,UEMP,327
211041271,LF,5924
211041272,UEMP,277
211041272,LF,5172
211041273,UEMP,387
211041273,LF,5671
211051274,UEMP,255
211051274,LF,5500
211051275,UEMP,223
211051275,LF,5264
211051276,UEMP,284
211051276,LF,6621
211051277,UEMP,190
211051277,LF,4481
211051278,UEMP,441
211051278,LF,9765
211051279,UEMP,96
211051279,LF,2883
211051280,UEMP,146
211051280,LF,3529
211051281,UEMP,613
211051281,LF,11793
211051282,UEMP,211
211051282,LF,5154
211051283,UEMP,234
211051283,LF,5254
211051284,UEMP,280
211051284,LF,5503
211051285,UEMP,161
211051285,LF,4172
211051286,UEMP,416
211051286,LF,7669
212011287,UEMP,350
212011287,LF,7398
212011288,UEMP,158
212011288,LF,4350
212011289,UEMP,400
212011289,LF,9508
212011290,UEMP,155
212011290,LF,3698
212011291,UEMP,615
212011291,LF,9204
212011292,UEMP,926
212011292,LF,13474
212021293,UEMP,610
212021293,LF,11632
212021294,UEMP,865
212021294,LF,13488
212021295,UEMP,571
212021295,LF,4390
212021297,UEMP,454
212021297,LF,4904
212021299,UEMP,182
212021299,LF,4102
212021453,UEMP,477
212021453,LF,5864
212021454,UEMP,481
212021454,LF,6620
212021455,UEMP,524
212021455,LF,7173
212021456,UEMP,547
212021456,LF,6913
212031300,UEMP,779
212031300,LF,9419
212031301,UEMP,793
212031301,LF,12703
212031302,UEMP,767
212031302,LF,10109
212031303,UEMP,186
212031303,LF,4691
212031304,UEMP,502
212031304,LF,7761
212031305,UEMP,1138
212031305,LF,11738
212031306,UEMP,547
212031306,LF,7704
212031308,UEMP,189
212031308,LF,4089
212031457,UEMP,430
212031457,LF,7035
212031458,UEMP,636
212031458,LF,8246
212041309,UEMP,367
212041309,LF,5690
212041310,UEMP,563
212041310,LF,5970
212041311,UEMP,1628
212041311,LF,12371
212041312,UEMP,935
212041312,LF,9816
212041313,UEMP,232
212041313,LF,5371
212041314,UEMP,1004
212041314,LF,12845
212041316,UEMP,277
212041316,LF,3343
212041317,UEMP,1080
212041317,LF,9175
212041318,UEMP,549
212041318,LF,5671
212041459,UEMP,527
212041459,LF,5876
212041460,UEMP,896
212041460,LF,8104
212051319,UEMP,669
212051319,LF,9166
212051320,UEMP,1567
212051320,LF,9462
212051321,UEMP,734
212051321,LF,9676
212051322,UEMP,713
212051322,LF,9089
212051323,UEMP,513
212051323,LF,7410
212051324,UEMP,569
212051324,LF,8874
212051325,UEMP,592
212051325,LF,9409
212051326,UEMP,777
212051326,LF,10845
212051327,UEMP,544
212051327,LF,9322
213011328,UEMP,486
213011328,LF,3702
213011329,UEMP,395
213011329,LF,4765
213011330,UEMP,1144
213011330,LF,12031
213011331,UEMP,452
213011331,LF,4035
213011332,UEMP,540
213011332,LF,6395
213011333,UEMP,714
213011333,LF,5655
213011334,UEMP,1090
213011334,LF,8049
213011335,UEMP,961
213011335,LF,7051
213011336,UEMP,529
213011336,LF,4648
213011337,UEMP,625
213011337,LF,5038
213011338,UEMP,997
213011338,LF,7968
213011339,UEMP,538
213011339,LF,6145
213011340,UEMP,572
213011340,LF,9657
213021341,UEMP,365
213021341,LF,6390
213021342,UEMP,766
213021342,LF,9668
213021343,UEMP,469
213021343,LF,6067
213021344,UEMP,467
213021344,LF,9849
213021345,UEMP,207
213021345,LF,2622
213021346,UEMP,412
213021346,LF,7973
213031347,UEMP,1024
213031347,LF,8826
213031348,UEMP,935
213031348,LF,9181
213031349,UEMP,479
213031349,LF,7144
213031350,UEMP,328
213031350,LF,5344
213031351,UEMP,556
213031351,LF,6414
213031352,UEMP,440
213031352,LF,8497
213041353,UEMP,597
213041353,LF,9900
213041355,UEMP,691
213041355,LF,10932
213041356,UEMP,814
213041356,LF,8421
213041357,UEMP,962
213041357,LF,10585
213041358,UEMP,606
213041358,LF,8244
213041359,UEMP,61
213041359,LF,785
213041360,UEMP,636
213041360,LF,9410
213041461,UEMP,186
213041461,LF,2222
213041462,UEMP,218
213041462,LF,2956
213041463,UEMP,711
213041463,LF,10112
213051361,UEMP,779
213051361,LF,10031
213051362,UEMP,904
213051362,LF,9218
213051363,UEMP,434
213051363,LF,4593
213051365,UEMP,1408
213051365,LF,16954
213051366,UEMP,925
213051366,LF,11083
213051368,UEMP,391
213051368,LF,5564
213051369,UEMP,965
213051369,LF,11363
213051464,UEMP,436
213051464,LF,6328
213051465,UEMP,877
213051465,LF,11822
213051466,UEMP,558
213051466,LF,7440
213051467,UEMP,928
213051467,LF,8884
213051468,UEMP,472
213051468,LF,6288
214011370,UEMP,689
214011370,LF,10662
214011371,UEMP,885
214011371,LF,10891
214011372,UEMP,772
214011372,LF,8238
214011373,UEMP,460
214011373,LF,9228
214011374,UEMP,615
214011374,LF,13293
214011375,UEMP,579
214011375,LF,8212
214011376,UEMP,365
214011376,LF,7243
214021377,UEMP,246
214021377,LF,4916
214021378,UEMP,80
214021378,LF,2549
214021379,UEMP,614
214021379,LF,10384
214021380,UEMP,543
214021380,LF,10712
214021381,UEMP,370
214021381,LF,8661
214021382,UEMP,350
214021382,LF,8932
214021383,UEMP,371
214021383,LF,7116
214021384,UEMP,482
214021384,LF,7990
214021385,UEMP,426
214021385,LF,9720
201011001,UEMP,311
201011001,LF,6055
201011002,UEMP,383
201011002,LF,5880
201011003,UEMP,741
201011003,LF,11266
201011004,UEMP,989
201011004,LF,10981
201011005,UEMP,212
201011005,LF,3499
201011006,UEMP,225
201011006,LF,3511
201011007,UEMP,85
201011007,LF,2030
201011008,UEMP,514
201011008,LF,6024
201021009,UEMP,167
201021009,LF,2866
201021010,UEMP,199
201021010,LF,3372
201021011,UEMP,181
201021011,LF,4067
201021012,UEMP,135
201021012,LF,2799
201031013,UEMP,93
201031013,LF,1303
201031014,UEMP,97
201031014,LF,1727
201031015,UEMP,148
201031015,LF,2064
201031016,UEMP,223
201031016,LF,2810
201031017,UEMP,204
201031017,LF,2042
202011018,UEMP,557
202011018,LF,6604
202011019,UEMP,462
202011019,LF,5126
202011020,UEMP,424
202011020,LF,6365
202011021,UEMP,360
202011021,LF,4702
202011022,UEMP,600
202011022,LF,8800
202011023,UEMP,109
202011023,LF,2644
202011024,UEMP,168
202011024,LF,4388
202011025,UEMP,275
202011025,LF,5912
202021026,UEMP,158
202021026,LF,3679
202021027,UEMP,228
202021027,LF,4274
202021028,UEMP,207
202021028,LF,3850
202021029,UEMP,125
202021029,LF,1701
202021030,UEMP,188
202021030,LF,4482
202021031,UEMP,159
202021031,LF,3323
202031032,UEMP,96
202031032,LF,2070
202031033,UEMP,146
202031033,LF,2785
203011034,UEMP,118
203011034,LF,3149
203011035,UEMP,158
203011035,LF,3447
203011036,UEMP,96
203011036,LF,2907
203021037,UEMP,418
203021037,LF,6896
203021038,UEMP,1318
203021038,LF,10150
203021039,UEMP,379
203021039,LF,6683
203021040,UEMP,592
203021040,LF,10296
203021041,UEMP,649
203021041,LF,11630
203021042,UEMP,651
203021042,LF,11267
203021043,UEMP,416
203021043,LF,8755
203021044,UEMP,347
203021044,LF,6284
203021045,UEMP,474
203021045,LF,6432
203021046,UEMP,254
203021046,LF,5165
203021047,UEMP,494
203021047,LF,6632
203031048,UEMP,355
203031048,LF,6029
203031049,UEMP,74
203031049,LF,2350
203031050,UEMP,468
203031050,LF,11457
203031051,UEMP,216
203031051,LF,2591
203031052,UEMP,59
203031052,LF,1556
203031053,UEMP,386
203031053,LF,9259
204011054,UEMP,137
204011054,LF,2787
204011055,UEMP,130
204011055,LF,2742
204011056,UEMP,372
204011056,LF,6415
204011057,UEMP,138
204011057,LF,4049
204011058,UEMP,82
204011058,LF,1849
204011059,UEMP,189
204011059,LF,2648
204011060,UEMP,93
204011060,LF,2251
204011061,UEMP,3
204011061,LF,72
204011062,UEMP,83
204011062,LF,1548
204021063,UEMP,254
204021063,LF,4244
204021064,UEMP,63
204021064,LF,1766
204021065,UEMP,89
204021065,LF,1849
204021066,UEMP,447
204021066,LF,8308
204021067,UEMP,172
204021067,LF,4923
204031068,UEMP,75
204031068,LF,2071
204031069,UEMP,118
204031069,LF,3800
204031070,UEMP,88
204031070,LF,1608
204031071,UEMP,106
204031071,LF,2145
204031072,UEMP,133
204031072,LF,2784
204031073,UEMP,420
204031073,LF,7379
204031074,UEMP,744
204031074,LF,11985
204031075,UEMP,87
204031075,LF,2329
205011076,UEMP,434
205011076,LF,7215
205011077,UEMP,155
205011077,LF,2906
205011078,UEMP,180
205011078,LF,3616
205011079,UEMP,479
205011079,LF,8831
205021080,UEMP,0
205021080,LF,4
205021081,UEMP,368
205021081,LF,6092
205021082,UEMP,186
205021082,LF,3662
205021083,UEMP,0
205021083,LF,0
205021084,UEMP,266
205021084,LF,3720
205021085,UEMP,226
205021085,LF,2527
205021086,UEMP,117
205021086,LF,2208
205031087,UEMP,186
205031087,LF,3693
205031088,UEMP,0
205031088,LF,46
205031089,UEMP,226
205031089,LF,4232
205031090,UEMP,221
205031090,LF,5e3
205031091,UEMP,254
205031091,LF,4303
205031092,UEMP,0
205031092,LF,12
205031093,UEMP,597
205031093,LF,8994
205041094,UEMP,455
205041094,LF,5315
205041095,UEMP,812
205041095,LF,6901
205041096,UEMP,753
205041096,LF,5225
205041097,UEMP,950
205041097,LF,12858
205041098,UEMP,181
205041098,LF,2266
205051099,UEMP,0
205051099,LF,17
205051100,UEMP,117
205051100,LF,1787
205051101,UEMP,347
205051101,LF,6415
205051102,UEMP,129
205051102,LF,1975
205051103,UEMP,445
205051103,LF,6600
205051104,UEMP,151
205051104,LF,2301
215011386,UEMP,201
215011386,LF,3451
215011387,UEMP,54
215011387,LF,1471
215011388,UEMP,411
215011388,LF,7779
215011389,UEMP,65
215011389,LF,1823
215011390,UEMP,143
215011390,LF,3014
215011391,UEMP,72
215011391,LF,1527
215011392,UEMP,192
215011392,LF,3597
215011393,UEMP,53
215011393,LF,1349
215011394,UEMP,136
215011394,LF,2735
215021395,UEMP,150
215021395,LF,3421
215021396,UEMP,154
215021396,LF,2151
215021398,UEMP,86
215021398,LF,1830
215021399,UEMP,175
215021399,LF,2627
215021469,UEMP,756
215021469,LF,7720
215021470,UEMP,459
215021470,LF,6531
215031400,UEMP,113
215031400,LF,2597
215031401,UEMP,114
215031401,LF,2988
215031402,UEMP,101
215031402,LF,1624
215031403,UEMP,86
215031403,LF,1311
215031404,UEMP,236
215031404,LF,4899
215031405,UEMP,140
215031405,LF,2822
216011406,UEMP,331
216011406,LF,6754
216011407,UEMP,254
216011407,LF,4832
216011408,UEMP,74
216011408,LF,1885
216011409,UEMP,79
216011409,LF,1674
216011410,UEMP,89
216011410,LF,1705
216021411,UEMP,157
216021411,LF,2516
216021412,UEMP,63
216021412,LF,1249
216021413,UEMP,249
216021413,LF,5665
216021414,UEMP,163
216021414,LF,3e3
216031415,UEMP,261
216031415,LF,3436
216031416,UEMP,554
216031416,LF,8626
216031417,UEMP,723
216031417,LF,9981
216031418,UEMP,79
216031418,LF,2079
216031419,UEMP,236
216031419,LF,4608
217011420,UEMP,187
217011420,LF,4045
217011421,UEMP,236
217011421,LF,4633
217011422,UEMP,340
217011422,LF,4788
217011423,UEMP,102
217011423,LF,2996
217031471,UEMP,64
217031471,LF,1468
217031472,UEMP,243
217031472,LF,5554
217031473,UEMP,84
217031473,LF,2726
217031474,UEMP,95
217031474,LF,2409
217031475,UEMP,129
217031475,LF,3582
217031476,UEMP,69
217031476,LF,1669
217041477,UEMP,123
217041477,LF,3274
217041478,UEMP,165
217041478,LF,4525
217041479,UEMP,547
217041479,LF,10396
217041480,UEMP,320
217041480,LF,6255
297979799,UEMP,0
297979799,LF,23
301011001,UEMP,568
301011001,LF,8874
301011002,UEMP,197
301011002,LF,4036
301011003,UEMP,439
301011003,LF,7788
301011004,UEMP,633
301011004,LF,9629
301011005,UEMP,130
301011005,LF,1962
301011006,UEMP,330
301011006,LF,6311
301021007,UEMP,421
301021007,LF,7013
301021008,UEMP,151
301021008,LF,2923
301021009,UEMP,470
301021009,LF,7909
301021011,UEMP,206
301021011,LF,4492
301021012,UEMP,413
301021012,LF,7930
301021013,UEMP,406
301021013,LF,7021
301021527,UEMP,387
301021527,LF,2874
301031014,UEMP,0
301031014,LF,3
301031015,UEMP,223
301031015,LF,3820
301031016,UEMP,386
301031016,LF,5958
301031017,UEMP,134
301031017,LF,2357
301031018,UEMP,281
301031018,LF,4811
301031019,UEMP,208
301031019,LF,4883
301031020,UEMP,462
301031020,LF,6861
301031021,UEMP,490
301031021,LF,7607
302011022,UEMP,263
302011022,LF,3900
302011023,UEMP,221
302011023,LF,4361
302011024,UEMP,257
302011024,LF,4562
302011025,UEMP,278
302011025,LF,4990
302011026,UEMP,219
302011026,LF,4222
302021027,UEMP,377
302021027,LF,6255
302021028,UEMP,363
302021028,LF,4680
302021029,UEMP,199
302021029,LF,3285
302021030,UEMP,125
302021030,LF,2282
302021031,UEMP,389
302021031,LF,8100
302021032,UEMP,242
302021032,LF,3692
302021033,UEMP,222
302021033,LF,3466
302021034,UEMP,251
302021034,LF,5413
302031035,UEMP,327
302031035,LF,4849
302031036,UEMP,3
302031036,LF,53
302031037,UEMP,30
302031037,LF,520
302031038,UEMP,223
302031038,LF,3871
302031039,UEMP,323
302031039,LF,5190
302031040,UEMP,467
302031040,LF,7767
302041041,UEMP,596
302041041,LF,8993
302041042,UEMP,276
302041042,LF,4935
302041043,UEMP,140
302041043,LF,1850
302041044,UEMP,186
302041044,LF,3209
302041045,UEMP,422
302041045,LF,6378
302041046,UEMP,415
302041046,LF,4593
303011047,UEMP,271
303011047,LF,6252
303011048,UEMP,193
303011048,LF,3231
303011049,UEMP,299
303011049,LF,6040
303011050,UEMP,210
303011050,LF,3777
303011051,UEMP,457
303011051,LF,8483
303021052,UEMP,521
303021052,LF,6920
303021053,UEMP,527
303021053,LF,9719
303021054,UEMP,224
303021054,LF,2726
303021055,UEMP,354
303021055,LF,5739
303021056,UEMP,248
303021056,LF,4379
303021057,UEMP,199
303021057,LF,3592
303021058,UEMP,300
303021058,LF,3237
303021059,UEMP,327
303021059,LF,5239
303031060,UEMP,651
303031060,LF,7855
303031061,UEMP,326
303031061,LF,2753
303031062,UEMP,316
303031062,LF,4331
303031063,UEMP,495
303031063,LF,8005
303031064,UEMP,193
303031064,LF,3336
303031065,UEMP,447
303031065,LF,4577
303031066,UEMP,352
303031066,LF,5451
303041067,UEMP,287
303041067,LF,2747
303041068,UEMP,380
303041068,LF,5848
303041069,UEMP,255
303041069,LF,2375
303041070,UEMP,336
303041070,LF,3820
303041071,UEMP,314
303041071,LF,5715
303051072,UEMP,325
303051072,LF,4394
303051073,UEMP,882
303051073,LF,10967
303051074,UEMP,177
303051074,LF,2632
303051075,UEMP,580
303051075,LF,8349
303051076,UEMP,597
303051076,LF,4385
303061077,UEMP,344
303061077,LF,3950
303061078,UEMP,714
303061078,LF,7494
303061079,UEMP,517
303061079,LF,4273
303061080,UEMP,853
303061080,LF,8586
304011081,UEMP,236
304011081,LF,3999
304011082,UEMP,239
304011082,LF,3841
304011083,UEMP,154
304011083,LF,2302
304011084,UEMP,258
304011084,LF,5101
304011085,UEMP,139
304011085,LF,2457
304021086,UEMP,310
304021086,LF,5413
304021087,UEMP,196
304021087,LF,3352
304021088,UEMP,364
304021088,LF,5380
304021089,UEMP,112
304021089,LF,2034
304021090,UEMP,294
304021090,LF,4582
304021091,UEMP,131
304021091,LF,2779
304031092,UEMP,199
304031092,LF,3919
304031093,UEMP,145
304031093,LF,2501
304031094,UEMP,609
304031094,LF,6531
304031095,UEMP,170
304031095,LF,3121
304031096,UEMP,926
304031096,LF,5514
304031097,UEMP,426
304031097,LF,5014
304041098,UEMP,258
304041098,LF,4944
304041099,UEMP,0
304041099,LF,11
304041100,UEMP,240
304041100,LF,3245
304041101,UEMP,240
304041101,LF,4456
304041102,UEMP,0
304041102,LF,0
304041103,UEMP,525
304041103,LF,8637
304041104,UEMP,320
304041104,LF,5264
305011105,UEMP,660
305011105,LF,6048
305011106,UEMP,327
305011106,LF,4866
305011107,UEMP,279
305011107,LF,3659
305011108,UEMP,409
305011108,LF,5329
305011109,UEMP,373
305011109,LF,7502
305011110,UEMP,386
305011110,LF,4184
305011111,UEMP,406
305011111,LF,3820
305011112,UEMP,374
305011112,LF,5627
305021113,UEMP,118
305021113,LF,2453
305021114,UEMP,171
305021114,LF,3810
305021115,UEMP,230
305021115,LF,3576
305021116,UEMP,119
305021116,LF,2941
305021117,UEMP,361
305021117,LF,7775
305021118,UEMP,185
305021118,LF,3811
305031119,UEMP,89
305031119,LF,1757
305031120,UEMP,155
305031120,LF,3647
305031121,UEMP,139
305031121,LF,2959
305031122,UEMP,326
305031122,LF,6142
305031123,UEMP,98
305031123,LF,2386
305031124,UEMP,187
305031124,LF,3782
305031125,UEMP,117
305031125,LF,2602
305031126,UEMP,594
305031126,LF,5147
305031127,UEMP,191
305031127,LF,3019
305031128,UEMP,340
305031128,LF,7223
305031129,UEMP,105
305031129,LF,2276
305031130,UEMP,282
305031130,LF,4534
305031131,UEMP,330
305031131,LF,5826
305041132,UEMP,351
305041132,LF,7423
305041133,UEMP,245
305041133,LF,3420
305041134,UEMP,266
305041134,LF,5327
305041135,UEMP,348
305041135,LF,6870
305041136,UEMP,199
305041136,LF,3491
305041137,UEMP,516
305041137,LF,6306
310011271,UEMP,213
310011271,LF,2359
310011272,UEMP,347
310011272,LF,3394
310011273,UEMP,1106
310011273,LF,14592
310011274,UEMP,1071
310011274,LF,6402
310011275,UEMP,247
310011275,LF,4008
310011276,UEMP,189
310011276,LF,1027
310021277,UEMP,278
310021277,LF,5507
310021278,UEMP,152
310021278,LF,1846
310021279,UEMP,0
310021279,LF,0
310021280,UEMP,761
310021280,LF,8342
310021281,UEMP,502
310021281,LF,5879
310021282,UEMP,364
310021282,LF,5625
310031283,UEMP,457
310031283,LF,4989
310031284,UEMP,420
310031284,LF,4054
310031285,UEMP,257
310031285,LF,3458
310031286,UEMP,324
310031286,LF,2980
310031287,UEMP,810
310031287,LF,7898
310031288,UEMP,126
310031288,LF,2497
310031289,UEMP,156
310031289,LF,3020
310031290,UEMP,177
310031290,LF,3327
310031291,UEMP,394
310031291,LF,2977
310031292,UEMP,259
310031292,LF,2731
310031293,UEMP,555
310031293,LF,7172
310031294,UEMP,125
310031294,LF,2655
310031295,UEMP,155
310031295,LF,984
310041296,UEMP,537
310041296,LF,7422
310041297,UEMP,422
310041297,LF,4707
310041298,UEMP,0
310041298,LF,3
310041299,UEMP,402
310041299,LF,4098
310041300,UEMP,638
310041300,LF,4412
310041301,UEMP,0
310041301,LF,0
310041302,UEMP,1089
310041302,LF,8724
310041303,UEMP,244
310041303,LF,3669
310041304,UEMP,596
310041304,LF,8573
311011305,UEMP,450
311011305,LF,5810
311021306,UEMP,456
311021306,LF,3605
311021307,UEMP,697
311021307,LF,5035
311021308,UEMP,303
311021308,LF,3689
311021309,UEMP,216
311021309,LF,2752
311021310,UEMP,199
311021310,LF,3301
311031311,UEMP,529
311031311,LF,5401
311031312,UEMP,350
311031312,LF,3509
311031313,UEMP,189
311031313,LF,2644
311031314,UEMP,597
311031314,LF,5183
311031315,UEMP,0
311031315,LF,0
311031316,UEMP,331
311031316,LF,4349
311031317,UEMP,723
311031317,LF,5945
311031318,UEMP,174
311031318,LF,2539
311031319,UEMP,591
311031319,LF,8460
311041320,UEMP,426
311041320,LF,6792
311041321,UEMP,824
311041321,LF,13179
311041322,UEMP,183
311041322,LF,3571
311051323,UEMP,359
311051323,LF,4640
311051324,UEMP,262
311051324,LF,4756
311051325,UEMP,395
311051325,LF,5890
311051326,UEMP,545
311051326,LF,4682
311051327,UEMP,396
311051327,LF,6714
311051328,UEMP,317
311051328,LF,3025
311061329,UEMP,247
311061329,LF,3518
311061330,UEMP,620
311061330,LF,3929
311061331,UEMP,423
311061331,LF,2059
311061332,UEMP,466
311061332,LF,8186
311061333,UEMP,529
311061333,LF,4492
311061334,UEMP,332
311061334,LF,4924
311061335,UEMP,243
311061335,LF,3283
311061336,UEMP,903
311061336,LF,4733
306011138,UEMP,150
306011138,LF,3021
306011139,UEMP,376
306011139,LF,5597
306011140,UEMP,99
306011140,LF,2031
306011141,UEMP,332
306011141,LF,6820
306011142,UEMP,527
306011142,LF,7539
306011143,UEMP,257
306011143,LF,3097
306021144,UEMP,306
306021144,LF,3936
306021145,UEMP,549
306021145,LF,5903
306021146,UEMP,243
306021146,LF,4004
306021147,UEMP,418
306021147,LF,5081
306021148,UEMP,305
306021148,LF,4244
306021149,UEMP,345
306021149,LF,4909
306021150,UEMP,0
306021150,LF,0
306021151,UEMP,357
306021151,LF,2481
306021152,UEMP,315
306021152,LF,2286
306021153,UEMP,272
306021153,LF,4401
306021154,UEMP,335
306021154,LF,2855
306021155,UEMP,192
306021155,LF,2128
306021156,UEMP,275
306021156,LF,4333
306021157,UEMP,263
306021157,LF,2183
306031158,UEMP,151
306031158,LF,2039
306031159,UEMP,420
306031159,LF,3949
306031160,UEMP,258
306031160,LF,3815
306031161,UEMP,335
306031161,LF,4920
306031162,UEMP,0
306031162,LF,0
306031163,UEMP,285
306031163,LF,626
306041164,UEMP,162
306041164,LF,2906
306041165,UEMP,128
306041165,LF,2877
306051166,UEMP,297
306051166,LF,4676
306051167,UEMP,269
306051167,LF,1978
306051168,UEMP,182
306051168,LF,2010
306051169,UEMP,235
306051169,LF,3806
306051170,UEMP,389
306051170,LF,4737
307011171,UEMP,99
307011171,LF,2255
307011172,UEMP,238
307011172,LF,3697
307011173,UEMP,103
307011173,LF,3116
307011174,UEMP,80
307011174,LF,1916
307011175,UEMP,73
307011175,LF,2052
307011176,UEMP,144
307011176,LF,3518
307011177,UEMP,101
307011177,LF,3084
307011178,UEMP,125
307011178,LF,1498
307021179,UEMP,233
307021179,LF,3590
307021180,UEMP,206
307021180,LF,3680
307021181,UEMP,78
307021181,LF,1486
307021182,UEMP,119
307021182,LF,2679
307021183,UEMP,525
307021183,LF,8132
307031184,UEMP,116
307031184,LF,2288
307031185,UEMP,84
307031185,LF,1964
307031186,UEMP,116
307031186,LF,2047
307031187,UEMP,154
307031187,LF,2107
307031188,UEMP,153
307031188,LF,2481
307031189,UEMP,443
307031189,LF,6472
308011190,UEMP,228
308011190,LF,3599
308011191,UEMP,192
308011191,LF,3863
308011192,UEMP,395
308011192,LF,7008
308031205,UEMP,384
308031205,LF,3145
308031206,UEMP,54
308031206,LF,862
308031207,UEMP,251
308031207,LF,2201
308031208,UEMP,350
308031208,LF,4669
308031209,UEMP,124
308031209,LF,2397
308031210,UEMP,551
308031210,LF,5560
308031211,UEMP,236
308031211,LF,2319
308031212,UEMP,174
308031212,LF,956
308031213,UEMP,356
308031213,LF,5101
308031214,UEMP,234
308031214,LF,2367
308031215,UEMP,268
308031215,LF,3263
308031216,UEMP,235
308031216,LF,2858
308031217,UEMP,216
308031217,LF,1413
308031218,UEMP,114
308031218,LF,1592
308031219,UEMP,152
308031219,LF,2056
308031220,UEMP,95
308031220,LF,1555
308031221,UEMP,0
308031221,LF,3
308031222,UEMP,311
308031222,LF,3713
308031223,UEMP,686
308031223,LF,8509
308041528,UEMP,180
308041528,LF,4513
308041529,UEMP,120
308041529,LF,2975
308051530,UEMP,299
308051530,LF,2451
308051531,UEMP,535
308051531,LF,4996
308051532,UEMP,0
308051532,LF,0
308051533,UEMP,725
308051533,LF,6897
308051534,UEMP,412
308051534,LF,2981
308051535,UEMP,528
308051535,LF,5708
308051536,UEMP,224
308051536,LF,1977
308051537,UEMP,0
308051537,LF,0
308051538,UEMP,327
308051538,LF,3122
308051539,UEMP,321
308051539,LF,2296
309011224,UEMP,241
309011224,LF,3999
309011225,UEMP,257
309011225,LF,4553
309011226,UEMP,391
309011226,LF,7018
309011227,UEMP,382
309011227,LF,6886
309011228,UEMP,402
309011228,LF,6208
309011229,UEMP,205
309011229,LF,3875
309021230,UEMP,195
309021230,LF,2747
309021231,UEMP,343
309021231,LF,5651
309021232,UEMP,299
309021232,LF,4495
309021233,UEMP,368
309021233,LF,5918
309021234,UEMP,477
309021234,LF,7565
309031235,UEMP,376
309031235,LF,5061
309031236,UEMP,390
309031236,LF,4315
309031237,UEMP,354
309031237,LF,4313
309031238,UEMP,876
309031238,LF,8595
309031239,UEMP,232
309031239,LF,4539
309031240,UEMP,270
309031240,LF,4109
309041241,UEMP,139
309041241,LF,2170
309041242,UEMP,355
309041242,LF,6695
309051243,UEMP,189
309051243,LF,3621
309051244,UEMP,536
309051244,LF,9406
309051245,UEMP,237
309051245,LF,4272
309061246,UEMP,421
309061246,LF,6405
309061247,UEMP,288
309061247,LF,4328
309061248,UEMP,760
309061248,LF,10035
309061249,UEMP,693
309061249,LF,9762
309061250,UEMP,235
309061250,LF,3956
309071251,UEMP,538
309071251,LF,6750
309071252,UEMP,562
309071252,LF,8615
309071253,UEMP,298
309071253,LF,5290
309071254,UEMP,104
309071254,LF,1875
309071255,UEMP,624
309071255,LF,10094
309071256,UEMP,557
309071256,LF,8420
309071257,UEMP,372
309071257,LF,4377
309071258,UEMP,1135
309071258,LF,16019
309081259,UEMP,99
309081259,LF,1846
309081260,UEMP,212
309081260,LF,3572
309081261,UEMP,845
309081261,LF,11865
309081262,UEMP,552
309081262,LF,7778
309091263,UEMP,387
309091263,LF,5811
309091264,UEMP,272
309091264,LF,3436
309091265,UEMP,361
309091265,LF,4701
309091540,UEMP,848
309091540,LF,7003
309091541,UEMP,723
309091541,LF,8127
309101267,UEMP,244
309101267,LF,4131
309101268,UEMP,126
309101268,LF,2360
309101269,UEMP,117
309101269,LF,1965
309101270,UEMP,1127
309101270,LF,12352
312011337,UEMP,363
312011337,LF,4182
312011338,UEMP,188
312011338,LF,4084
312011339,UEMP,82
312011339,LF,1828
312011340,UEMP,116
312011340,LF,1605
312011341,UEMP,252
312011341,LF,4573
312021342,UEMP,723
312021342,LF,7641
312021343,UEMP,160
312021343,LF,1770
312021344,UEMP,555
312021344,LF,6507
312021345,UEMP,0
312021345,LF,6
199999499,UEMP,941
199999499,LF,4272
299999499,UEMP,613
299999499,LF,2647
313011362,UEMP,532
313011362,LF,5766
313011363,UEMP,559
313011363,LF,5825
313021364,UEMP,127
313021364,LF,2161
313021365,UEMP,1368
313021365,LF,11357
313021366,UEMP,1067
313021366,LF,8601
313021367,UEMP,140
313021367,LF,2055
313021368,UEMP,421
313021368,LF,4033
313021369,UEMP,111
313021369,LF,2012
313031370,UEMP,158
313031370,LF,2359
313031371,UEMP,191
313031371,LF,3129
313041372,UEMP,508
313041372,LF,7056
313041373,UEMP,1053
313041373,LF,9309
313041374,UEMP,174
313041374,LF,2642
313041375,UEMP,660
313041375,LF,9844
313041376,UEMP,87
313041376,LF,1598
313051377,UEMP,289
313051377,LF,3916
313051378,UEMP,548
313051378,LF,5485
313051379,UEMP,425
313051379,LF,4368
313051380,UEMP,639
313051380,LF,7352
313051542,UEMP,367
313051542,LF,5777
314011382,UEMP,403
314011382,LF,8636
314011383,UEMP,535
314011383,LF,10743
314011384,UEMP,187
314011384,LF,4306
314011385,UEMP,223
314011385,LF,4544
314011386,UEMP,619
314011386,LF,12903
314011387,UEMP,281
314011387,LF,6128
314021388,UEMP,1067
314021388,LF,12037
314021389,UEMP,582
314021389,LF,9313
314021390,UEMP,1154
314021390,LF,15650
314031391,UEMP,398
314031391,LF,5148
314031392,UEMP,269
314031392,LF,3012
314031393,UEMP,342
314031393,LF,4666
314031394,UEMP,518
314031394,LF,6169
312021346,UEMP,260
312021346,LF,1773
312021347,UEMP,25
312021347,LF,289
312021348,UEMP,348
312021348,LF,5582
312021349,UEMP,344
312021349,LF,2853
312021350,UEMP,203
312021350,LF,2716
312021351,UEMP,260
312021351,LF,3931
312021352,UEMP,501
312021352,LF,5362
312021353,UEMP,281
312021353,LF,3946
312021354,UEMP,251
312021354,LF,2931
312021355,UEMP,185
312021355,LF,1653
312021356,UEMP,369
312021356,LF,3427
312021357,UEMP,268
312021357,LF,4393
312021358,UEMP,227
312021358,LF,2924
312031359,UEMP,385
312031359,LF,7035
312031360,UEMP,0
312031360,LF,0
312031361,UEMP,253
312031361,LF,3985
315011395,UEMP,140
315011395,LF,371
315011396,UEMP,459
315011396,LF,2902
315011397,UEMP,36
315011397,LF,511
315011398,UEMP,187
315011398,LF,620
315011399,UEMP,201
315011399,LF,1005
315011400,UEMP,174
315011400,LF,2286
315011401,UEMP,116
315011401,LF,1501
315011402,UEMP,183
315011402,LF,1153
315011403,UEMP,57
315011403,LF,2206
315021404,UEMP,254
315021404,LF,1800
315021405,UEMP,577
315021405,LF,9519
315021406,UEMP,83
315021406,LF,1766
315021407,UEMP,58
315021407,LF,1770
315031408,UEMP,77
315031408,LF,2457
315031409,UEMP,113
315031409,LF,2161
315031410,UEMP,47
315031410,LF,1162
315031411,UEMP,61
315031411,LF,1459
315031412,UEMP,70
315031412,LF,2012
316011413,UEMP,528
316011413,LF,7539
316011414,UEMP,545
316011414,LF,8291
316011415,UEMP,438
316011415,LF,6159
316011416,UEMP,470
316011416,LF,4692
316021417,UEMP,314
316021417,LF,4737
316021418,UEMP,227
316021418,LF,3161
316021419,UEMP,261
316021419,LF,2723
316021420,UEMP,649
316021420,LF,9380
316021421,UEMP,308
316021421,LF,4730
316021422,UEMP,274
316021422,LF,3674
316021423,UEMP,308
316021423,LF,4493
316021424,UEMP,254
316021424,LF,3930
316031425,UEMP,490
316031425,LF,7260
316031426,UEMP,387
316031426,LF,5431
316031427,UEMP,664
316031427,LF,9303
316031428,UEMP,458
316031428,LF,6173
316051434,UEMP,99
316051434,LF,2001
316051435,UEMP,263
316051435,LF,3743
316051437,UEMP,189
316051437,LF,3383
316051438,UEMP,325
316051438,LF,4320
316051543,UEMP,126
316051543,LF,1903
316051544,UEMP,191
316051544,LF,3146
316061439,UEMP,262
316061439,LF,3788
316061440,UEMP,254
316061440,LF,3556
316061441,UEMP,198
316061441,LF,2792
316061442,UEMP,360
316061442,LF,5049
316061443,UEMP,202
316061443,LF,2770
316061444,UEMP,324
316061444,LF,5167
316071545,UEMP,259
316071545,LF,4024
316071546,UEMP,104
316071546,LF,1745
316071547,UEMP,363
316071547,LF,5119
316071548,UEMP,794
316071548,LF,9086
316081549,UEMP,692
316081549,LF,9974
317011445,UEMP,168
317011445,LF,3528
317011446,UEMP,660
317011446,LF,6202
317011447,UEMP,400
317011447,LF,4463
317011448,UEMP,322
317011448,LF,3275
317011449,UEMP,160
317011449,LF,3227
317011450,UEMP,286
317011450,LF,6530
317011451,UEMP,300
317011451,LF,5536
317011452,UEMP,184
317011452,LF,3396
317011453,UEMP,431
317011453,LF,4581
317011454,UEMP,268
317011454,LF,2768
317011455,UEMP,233
317011455,LF,3988
317011456,UEMP,544
317011456,LF,6426
317011457,UEMP,254
317011457,LF,4963
317011458,UEMP,323
317011458,LF,6859
317011459,UEMP,483
317011459,LF,5665
318011460,UEMP,274
318011460,LF,4283
318011461,UEMP,205
318011461,LF,4012
318011462,UEMP,350
318011462,LF,3280
318011463,UEMP,99
318011463,LF,1746
318011464,UEMP,136
318011464,LF,1853
318011465,UEMP,160
318011465,LF,3003
318011466,UEMP,204
318011466,LF,694
318021467,UEMP,264
318021467,LF,2269
318021468,UEMP,312
318021468,LF,5483
318021469,UEMP,124
318021469,LF,1535
318021470,UEMP,232
318021470,LF,3981
318021471,UEMP,541
318021471,LF,4657
318021472,UEMP,296
318021472,LF,2779
318021473,UEMP,990
318021473,LF,11918
318021474,UEMP,436
318021474,LF,4315
318021475,UEMP,351
318021475,LF,3201
318021476,UEMP,415
318021476,LF,3689
318021477,UEMP,244
318021477,LF,1742
318021478,UEMP,244
318021478,LF,2751
318021479,UEMP,250
318021479,LF,2407
318021480,UEMP,556
318021480,LF,4932
318021481,UEMP,397
318021481,LF,3580
318021482,UEMP,667
318021482,LF,8414
318021483,UEMP,82
318021483,LF,1036
318021484,UEMP,332
318021484,LF,5097
318021485,UEMP,139
318021485,LF,1670
318021486,UEMP,295
318021486,LF,2953
318021487,UEMP,244
318021487,LF,3825
318021488,UEMP,294
318021488,LF,2820
318021489,UEMP,160
318021489,LF,2236
318021490,UEMP,327
318021490,LF,5129
318021491,UEMP,237
318021491,LF,2497
319011492,UEMP,203
319011492,LF,2217
319011493,UEMP,654
319011493,LF,7078
319011494,UEMP,189
319011494,LF,2172
319011495,UEMP,403
319011495,LF,2555
319011496,UEMP,224
319011496,LF,2426
319011497,UEMP,335
319011497,LF,2815
319011498,UEMP,403
319011498,LF,3685
319011499,UEMP,345
319011499,LF,3779
319011500,UEMP,265
319011500,LF,2864
319011501,UEMP,260
319011501,LF,2292
319011502,UEMP,492
319011502,LF,4308
319021503,UEMP,147
319021503,LF,2982
319021504,UEMP,236
319021504,LF,1785
319021505,UEMP,313
319021505,LF,4542
319021506,UEMP,346
319021506,LF,3395
319021507,UEMP,69
319021507,LF,1884
319021508,UEMP,96
319021508,LF,1591
319021509,UEMP,337
319021509,LF,3034
319021510,UEMP,0
319021510,LF,7
319031511,UEMP,205
319031511,LF,1703
319031512,UEMP,634
319031512,LF,5545
319031513,UEMP,208
319031513,LF,2767
319031514,UEMP,702
319031514,LF,7859
319031515,UEMP,115
319031515,LF,1468
319041516,UEMP,212
319041516,LF,1951
319041517,UEMP,172
319041517,LF,2109
319041518,UEMP,598
319041518,LF,4565
319041519,UEMP,241
319041519,LF,1944
319041520,UEMP,719
319041520,LF,5414
319041521,UEMP,507
319041521,LF,4902
319051522,UEMP,422
319051522,LF,3070
319051523,UEMP,138
319051523,LF,1132
319051524,UEMP,885
319051524,LF,6444
319051525,UEMP,354
319051525,LF,2907
319051526,UEMP,181
319051526,LF,2268
397979799,UEMP,4
397979799,LF,68
401011001,UEMP,959
401011001,LF,6935
401011002,UEMP,298
401011002,LF,3600
401021003,UEMP,160
401021003,LF,3715
401021004,UEMP,424
401021004,LF,9121
401021005,UEMP,85
401021005,LF,2234
401021006,UEMP,203
401021006,LF,4638
401021007,UEMP,526
401021007,LF,8765
401021008,UEMP,148
401021008,LF,3388
401021009,UEMP,138
401021009,LF,2764
401021010,UEMP,107
401021010,LF,2860
401031011,UEMP,523
401031011,LF,9285
401031012,UEMP,266
401031012,LF,4654
401031013,UEMP,476
401031013,LF,7456
401041014,UEMP,279
401041014,LF,5024
401041015,UEMP,700
401041015,LF,9324
401041016,UEMP,751
401041016,LF,10519
401051017,UEMP,371
401051017,LF,5307
401051018,UEMP,423
401051018,LF,5974
401051019,UEMP,420
401051019,LF,6900
401061020,UEMP,190
401061020,LF,3469
401061021,UEMP,536
401061021,LF,7856
401061022,UEMP,208
401061022,LF,3612
401071023,UEMP,552
401071023,LF,9403
401071024,UEMP,594
401071024,LF,10231
402011025,UEMP,274
402011025,LF,4844
402011026,UEMP,794
402011026,LF,9175
402011027,UEMP,207
402011027,LF,2920
402021028,UEMP,821
402021028,LF,9166
402021029,UEMP,1078
402021029,LF,6701
402021030,UEMP,685
402021030,LF,3125
402021031,UEMP,674
402021031,LF,5264
402021032,UEMP,508
402021032,LF,5988
402021033,UEMP,52
402021033,LF,1383
402021034,UEMP,857
402021034,LF,4254
402021035,UEMP,115
402021035,LF,1740
402031036,UEMP,1279
402031036,LF,10465
402031037,UEMP,918
402031037,LF,11506
402031038,UEMP,831
402031038,LF,10238
402041039,UEMP,0
402041039,LF,0
402041040,UEMP,608
402041040,LF,6658
402041041,UEMP,569
402041041,LF,7231
402041042,UEMP,0
402041042,LF,13
402041043,UEMP,785
402041043,LF,7490
402041044,UEMP,844
402041044,LF,8175
402041046,UEMP,985
402041046,LF,7023
402041047,UEMP,754
402041047,LF,8418
402041048,UEMP,878
402041048,LF,7489
402041171,UEMP,597
402041171,LF,7475
402041172,UEMP,351
402041172,LF,3539
402051049,UEMP,327
402051049,LF,5522
402051050,UEMP,271
402051050,LF,5050
402051051,UEMP,341
402051051,LF,5468
402051052,UEMP,649
402051052,LF,7474
402051053,UEMP,617
402051053,LF,10201
402051054,UEMP,510
402051054,LF,8556
402051055,UEMP,401
402051055,LF,6214
403011056,UEMP,324
403011056,LF,6695
403011057,UEMP,624
403011057,LF,10360
403021058,UEMP,588
403021058,LF,7071
403021059,UEMP,417
403021059,LF,6905
403021060,UEMP,269
403021060,LF,4821
403021061,UEMP,607
403021061,LF,6854
403021062,UEMP,506
403021062,LF,7209
403021063,UEMP,288
403021063,LF,5828
403021064,UEMP,533
403021064,LF,7090
403031065,UEMP,121
403031065,LF,2368
403031066,UEMP,306
403031066,LF,3465
403031067,UEMP,323
403031067,LF,6261
403031068,UEMP,481
403031068,LF,8272
403031069,UEMP,417
403031069,LF,8129
403031070,UEMP,284
403031070,LF,3724
403041071,UEMP,385
403041071,LF,6374
403041072,UEMP,609
403041072,LF,6920
403041073,UEMP,456
403041073,LF,3681
403041074,UEMP,477
403041074,LF,4489
403041075,UEMP,61
403041075,LF,1464
403041076,UEMP,116
403041076,LF,2377
403041077,UEMP,343
403041077,LF,5715
403041078,UEMP,242
403041078,LF,3099
403041079,UEMP,388
403041079,LF,3130
403041080,UEMP,444
403041080,LF,7124
403041081,UEMP,0
403041081,LF,0
403041082,UEMP,0
403041082,LF,10
403041083,UEMP,139
403041083,LF,2890
403041084,UEMP,530
403041084,LF,6456
403041085,UEMP,451
403041085,LF,4193
403041086,UEMP,380
403041086,LF,5087
403041087,UEMP,823
403041087,LF,10926
403041088,UEMP,69
403041088,LF,1766
403041089,UEMP,342
403041089,LF,6078
404011090,UEMP,267
404011090,LF,4003
404011091,UEMP,510
404011091,LF,7151
404011092,UEMP,438
404011092,LF,7690
404011093,UEMP,717
404011093,LF,9238
404011094,UEMP,226
404011094,LF,2860
404011095,UEMP,542
404011095,LF,7665
404011096,UEMP,365
404011096,LF,6751
404011097,UEMP,778
404011097,LF,8565
404021098,UEMP,0
404021098,LF,0
404021099,UEMP,533
404021099,LF,7869
404021100,UEMP,527
404021100,LF,6982
404021101,UEMP,512
404021101,LF,5125
404021102,UEMP,992
404021102,LF,7743
404021103,UEMP,0
404021103,LF,0
404031104,UEMP,0
404031104,LF,0
404031105,UEMP,71
404031105,LF,1264
404031106,UEMP,478
404031106,LF,6612
404031107,UEMP,985
404031107,LF,12579
404031108,UEMP,682
404031108,LF,8708
404031109,UEMP,152
404031109,LF,2658
405011110,UEMP,138
405011110,LF,3124
405011111,UEMP,254
405011111,LF,4535
405011112,UEMP,166
405011112,LF,3125
405011113,UEMP,100
405011113,LF,1488
405011114,UEMP,137
405011114,LF,3135
405011115,UEMP,87
405011115,LF,2223
405021116,UEMP,59
405021116,LF,1990
405021117,UEMP,85
405021117,LF,2261
405021118,UEMP,114
405021118,LF,1829
405021119,UEMP,248
405021119,LF,4013
405031120,UEMP,100
405031120,LF,2111
405031121,UEMP,170
405031121,LF,2300
405031122,UEMP,673
405031122,LF,5787
405031123,UEMP,109
405031123,LF,1470
405041124,UEMP,188
405041124,LF,2238
405041125,UEMP,139
405041125,LF,1743
405041126,UEMP,156
405041126,LF,1460
405041127,UEMP,165
405041127,LF,2814
405041128,UEMP,77
405041128,LF,1495
406011129,UEMP,40
406011129,LF,1206
406011130,UEMP,136
406011130,LF,3016
406011131,UEMP,75
406011131,LF,2023
406011132,UEMP,41
406011132,LF,1168
406011133,UEMP,450
406011133,LF,7324
406011134,UEMP,72
406011134,LF,1637
406011135,UEMP,0
406011135,LF,24
406011136,UEMP,1178
406011136,LF,9457
406011137,UEMP,0
406011137,LF,0
406021138,UEMP,174
406021138,LF,688
406021139,UEMP,70
406021139,LF,707
406021140,UEMP,66
406021140,LF,940
406021141,UEMP,62
406021141,LF,1423
406021142,UEMP,556
406021142,LF,5738
406021143,UEMP,79
406021143,LF,2284
407011144,UEMP,269
407011144,LF,3751
407011145,UEMP,118
407011145,LF,2283
407011146,UEMP,165
407011146,LF,3163
407011147,UEMP,184
407011147,LF,3680
407011148,UEMP,347
407011148,LF,4830
407011149,UEMP,149
407011149,LF,2402
407021150,UEMP,116
407021150,LF,2668
407021151,UEMP,72
407021151,LF,1799
407021152,UEMP,163
407021152,LF,2194
407021154,UEMP,150
407021154,LF,3094
407021155,UEMP,20
407021155,LF,1314
407021156,UEMP,83
407021156,LF,1575
407021157,UEMP,86
407021157,LF,3518
407021158,UEMP,87
407021158,LF,1582
407021173,UEMP,453
407021173,LF,7182
407021174,UEMP,414
407021174,LF,6634
407031159,UEMP,184
407031159,LF,2996
407031160,UEMP,135
407031160,LF,1644
407031161,UEMP,62
407031161,LF,1475
407031162,UEMP,109
407031162,LF,2469
399999499,UEMP,986
399999499,LF,4074
