SA2_CODE,Both_Parents_Born_Australia,Both_Parents_Born_Overseas,One_Parent_Born_Overseas
101021007,2423,562,421
101021008,4888,1874,927
101021009,5397,3403,1127
101021010,2437,1494,535
101021011,10090,3034,2134
101021012,7535,2859,1699
101031013,1771,233,189
101031014,4135,1170,652
101031015,2141,507,307
101031016,4230,1127,927
101041017,5021,1334,690
101041018,5196,1539,872
101041019,5951,890,812
101041020,5887,1238,946
101041021,2175,480,367
101041022,14,0,0
101041023,2170,437,268
101041024,2242,478,320
101041025,6849,1766,1137
101041026,5302,1240,816
101041027,5761,1480,877
101051539,16285,2502,1771
101051540,9011,1501,1040
101061541,4769,633,645
101061542,7726,1625,1338
101061543,8233,801,750
101061544,5711,609,462
102011028,4227,1581,1124
102011029,6728,1980,1459
102011030,2671,988,539
102011031,7732,3285,1823
102011032,10055,4918,2432
102011033,3607,1450,906
102011034,4568,1367,1024
102011035,3991,1453,908
102011036,4931,1606,1130
102011037,3485,1485,959
102011038,4570,1113,935
102011039,7707,3126,1841
102011040,14473,4404,2979
102011041,6282,1664,1329
102011042,8391,2801,1703
102011043,6549,2478,1445
102021044,14760,2995,2686
102021045,7601,1492,1378
102021046,6463,1261,1038
102021047,10197,2333,2058
102021048,14290,3357,2547
102021049,2103,503,439
102021050,7421,1491,1155
102021051,3017,922,700
102021052,4026,823,657
102021053,9589,2379,1728
102021054,6398,1328,1022
102021055,3061,1196,668
102021056,9514,3044,1936
102021057,5429,1659,1051
103011058,16578,2689,2118
103011059,8483,1081,884
103011060,4764,639,585
103011061,3086,536,383
103021062,5207,293,312
103021063,7032,700,598
103021064,4218,424,366
103021065,8153,499,525
103021066,2822,246,236
103021067,8484,763,669
103021068,2578,210,223
103021069,4526,358,298
103031070,8628,1483,1142
103031071,5595,920,666
103031072,8653,1073,885
103031073,2360,382,285
103031074,7246,939,805
103031075,0,0,0
103041076,5615,532,549
103041077,13702,2148,1465
103041078,14461,2513,1600
103041079,8912,931,888
104011080,14531,1192,1293
104011081,11200,1445,1254
104011082,11658,1835,1473
104021083,3556,1020,788
104021084,11170,3079,1782
104021085,5992,2048,981
104021086,2568,508,394
104021087,2240,377,315
104021088,5619,1542,1050
104021089,13602,2600,2053
104021090,3344,478,500
104021091,7766,2496,1250
105011092,2958,167,161
105011093,3356,401,298
105011094,3160,143,140
105011095,3916,272,216
105011096,4577,690,323
105021097,13796,1089,1065
105021098,1841,117,116
105031099,6005,602,517
105031100,8087,861,626
105031101,12798,1833,1060
105031102,6759,764,492
105031103,4428,285,356
105031104,3518,213,219
105031105,5217,289,335
105031106,6162,514,493
106011107,7529,1047,824
106011108,16143,1584,1702
106011109,5589,779,664
106011110,7012,569,651
106011111,13677,1216,1432
106011112,11950,1684,1363
106011113,3495,396,364
106021114,4797,656,615
106021115,20259,2997,2606
106021116,5832,667,707
106021117,16985,2186,1980
106021118,7671,1024,988
106031119,3718,830,666
106031120,4606,864,708
106031121,12960,3929,2296
106031122,10043,1335,1264
106031123,4204,438,470
106031124,3354,853,507
106031125,9500,1608,1443
106041126,8932,1175,855
106041127,3047,319,288
106041128,4356,604,390
106041129,6201,645,512
107011131,13378,5674,3293
107011132,4860,2157,1293
107011133,9,3,0
107011134,7817,4385,2160
107011545,5458,5646,1784
107011546,3715,4198,1075
107011547,2408,1069,532
107021135,3,0,0
107031136,8847,2780,2003
107031137,4151,1383,908
107031138,4589,1670,938
107031139,3840,962,806
107031140,5027,1176,899
107031141,9131,4506,2333
107031142,5204,2869,1342
107031143,10815,5283,2728
107041144,10370,7004,2696
107041145,8477,3983,2120
107041146,10191,7149,2900
107041147,5576,1352,1334
107041148,6516,2345,1856
107041150,11959,3883,3008
107041548,5534,5116,1586
107041549,6747,7022,2022
108011151,3500,488,355
108011152,9915,1752,1409
108011153,4123,833,636
108011154,4334,747,563
108021155,10744,1001,909
108021156,6492,926,743
108021157,3587,388,388
108021158,4606,860,643
108021159,5460,828,755
108021160,3795,515,457
108031161,224,58,55
108041162,11843,2029,1615
108041163,18818,4234,3165
108041164,11430,2771,1688
108041165,3720,541,464
108041166,8301,1e3,987
108051167,3777,429,412
108051168,7472,1374,1014
108051169,15283,1925,1515
108051170,8809,1362,1127
108051171,4143,455,400
109011172,11025,1836,1360
109011173,6913,1244,808
109011174,6859,1491,972
109011175,9022,881,860
109011176,9879,2297,1070
109021177,2186,243,171
109021178,4422,513,347
109021179,2611,319,217
109031180,4138,492,392
109031181,5067,583,428
109031182,5587,624,453
109031183,5204,448,407
109031184,4470,575,365
109031185,7036,904,710
110011186,15588,3779,2097
110011187,3556,315,266
110011188,4568,504,491
110011189,2467,185,184
110021190,6506,669,553
110021191,9179,838,698
110021192,3858,455,310
110021193,4794,266,299
110021194,4761,596,461
110031195,6148,586,378
110031196,4228,267,232
110031197,5697,376,343
110031198,3710,224,217
110041199,7277,670,506
110041200,3333,167,218
110041201,6016,429,454
110041202,15962,1640,1203
110041203,11199,1533,1054
110041204,4234,417,281
110041205,14555,1180,1157
111011206,13047,1828,1865
111011207,4330,480,484
111011208,17080,3138,2611
111011209,16670,2972,2620
111011210,6408,885,884
111011211,2466,448,398
111011212,8247,1399,1278
111011213,8466,1747,1367
111011214,9259,1927,1556
111021215,6038,949,847
111021216,5906,1299,1089
111021217,10335,1820,1360
111021218,9610,2438,1809
111021219,9480,1692,1434
111021220,6374,1164,1005
111021221,5163,442,571
111031222,10757,2415,1894
111031223,6258,880,666
111031224,7525,2122,1402
111031225,11508,2500,1830
111031226,9443,2371,1284
111031227,9412,2678,1747
111031228,9369,1858,1685
111031229,6435,2029,1344
111031230,16,0,0
111031231,6082,3703,1043
111031232,5004,823,731
111031233,13051,3462,1940
111031234,7700,1980,1328
111031235,5302,1146,1020
112011236,11542,2140,1721
112011237,11610,2138,1849
112011238,3047,1132,821
112011239,4616,1628,1180
112011240,4577,2105,1250
112011241,3867,400,429
112011242,5104,1158,1024
112011243,3943,1807,1139
112021244,9766,761,785
112021245,5149,596,512
112021246,9474,1459,1144
112021247,5065,831,644
112021248,10713,1634,1549
112021249,9964,2043,1621
112031250,8439,2036,1546
112031251,5983,1245,1010
112031252,6118,1358,1124
112031253,8563,2009,1577
112031254,11328,3981,2213
112031550,10106,2777,1889
112031551,2176,474,423
112031552,4857,1827,816
113011256,9621,6008,1618
113011257,8695,1833,1e3
113011258,7141,1268,664
113011259,4620,376,305
113021260,2424,312,243
113021261,4570,597,394
113021262,3493,490,311
113031263,5952,552,472
113031264,2927,180,155
113031265,4100,415,336
113031266,5461,441,341
113031267,12635,1872,1261
113031268,3160,639,354
113031269,16097,2507,1469
113031270,8633,1565,900
113031271,11581,946,874
114011272,5489,1590,932
114011273,2279,689,385
114011274,3289,670,549
114011275,33,7,0
114011276,2454,929,513
114011277,10269,2434,1930
114011278,12784,2633,2071
114011279,9076,2388,1561
114011280,2950,673,447
114011281,2226,535,397
114011282,9977,2377,1672
114011283,3366,757,534
114021284,7311,2932,1847
114021285,3822,1025,810
114021286,5234,1789,1147
114021287,6047,1842,1166
114021288,2129,580,473
114021289,4028,1271,827
115011290,7774,11716,2609
115011291,6337,11204,2016
115011294,3166,2030,835
115011296,4009,7067,1223
115011553,2423,4076,842
115011554,1646,2840,448
115011555,4328,5890,1260
115011556,3204,4917,1067
115011557,1501,3122,470
115011558,4929,11564,1692
115011559,7958,11973,2579
115021297,10302,6827,2814
115021298,2802,1321,852
115031299,1498,466,320
115031300,13825,3791,2850
115041301,6482,2087,1401
115041302,8637,10505,2737
116011303,3787,10806,1237
116011304,5411,10185,1638
116011306,4646,15249,1582
116011307,10407,10090,3022
116011308,6420,14279,1909
116011560,3063,7533,1066
116011561,4018,10013,1285
116021309,3835,10535,1393
116021310,8481,18728,3181
116021312,6931,7344,1829
116021562,1085,2238,346
116021563,7670,12e3,2394
116031313,7012,7769,1823
116031314,2260,5009,718
116031315,4795,13019,1766
116031316,8316,8372,2007
116031317,4888,14591,1643
116031318,10,14,0
116031319,4900,13612,1685
117011320,13,7,0
117011321,3927,4515,1492
117011322,4606,16365,1900
117011323,2885,6458,1080
117011324,0,4,0
117011325,14,11,3
117021326,8035,12955,3339
117021327,7712,7437,3165
117021328,2701,3492,1100
117031329,3268,4938,1233
117031330,5819,6554,2397
117031331,6426,8740,2322
117031332,8714,10191,3573
117031333,6277,8231,2108
117031334,3364,14546,1381
117031335,5197,12606,1959
117031336,4266,8273,1616
117031337,2472,19984,896
117031338,6438,20617,2510
118011339,5698,8155,2632
118011340,5707,9567,2910
118011341,4602,8066,2043
118011342,0,0,0
118011343,8396,10299,3634
118011344,2267,6282,1566
118011345,5807,5453,2354
118011346,3870,5234,1916
118011347,2961,2761,1123
118021348,9134,10518,3518
118021350,8231,9604,2662
118021564,3475,8925,1351
118021565,2749,10735,1286
118021566,2937,5089,1228
118021567,3367,5167,1296
118021568,2098,6522,944
118021569,5508,7899,2289
118021570,3523,6589,1557
119011354,4848,12759,2725
119011355,65,699,54
119011356,1808,7588,1282
119011357,3292,17850,3241
119011358,5615,8217,1738
119011359,11887,9530,3212
119011360,5031,8625,1725
119011361,3257,14066,2068
119011571,1090,12719,1156
119011572,1022,12530,1013
119021362,3046,13142,1737
119021363,2744,24351,1702
119021364,5880,13462,2880
119021366,1921,15521,1959
119021367,2904,8516,1457
119021573,791,14321,732
119021574,565,8338,521
119031368,2014,19298,1046
119031369,7036,13242,2386
119031370,2496,9402,1141
119031371,4821,5640,1673
119031372,7572,7365,2242
119031373,1747,8023,752
119031374,5372,15602,2125
119041375,3446,14631,1863
119041376,4463,17719,2431
119041377,3015,7651,1359
119041378,1515,8432,712
119041379,3151,10563,1472
119041380,3221,8226,1379
119041381,2450,14597,1287
119041382,5419,7580,1928
120011383,6828,11279,2633
120011384,3933,17804,1634
120011385,7059,7275,2631
120011386,6844,9420,2753
120021387,6232,5568,2500
120021388,10521,9356,4363
120021389,5564,5208,2091
120031390,4731,16029,2039
120031391,3509,18215,1562
120031392,2829,5708,1262
120031393,4126,10299,1982
120031394,5657,7401,2437
120031395,4761,5957,1934
120031396,1310,12679,638
120031575,3077,18900,1530
120031576,683,2342,329
121011398,5042,19692,2212
121011399,5286,12012,2453
121011400,10409,11008,4086
121011401,2914,5576,1245
121011402,9981,10506,3850
121021403,8109,6891,2700
121021404,6099,3198,1988
121021406,7629,7644,2560
121021577,1984,8520,838
121021578,3366,5408,1293
121021579,2025,6227,777
121031407,5888,12172,2294
121031408,8283,10625,3327
121031409,5920,7575,2297
121031410,5723,11423,2604
121031411,7790,7896,2576
121031412,6939,7574,2485
121041413,7126,7760,2856
121041414,6058,8210,2467
121041415,11199,10990,4224
121041416,6360,7588,2291
121041417,3290,5277,1090
122011418,8110,7767,3310
122011419,7804,9084,2976
122021420,6309,3201,2228
122021421,5221,3123,1633
122021422,6846,3629,2200
122021423,11437,7323,3870
122031424,5542,5618,2026
122031425,3547,2423,1171
122031426,8265,11763,3223
122031427,4887,5336,2178
122031428,10868,9124,4128
122031429,8515,7868,3218
122031430,6922,6312,2794
122031431,11626,7300,3993
122031432,1811,1057,545
123011433,7812,2495,1792
123011434,11797,5486,2815
123011435,15893,7250,4318
123021436,9461,5797,2387
123021437,6776,8171,1994
123021438,9012,7513,2552
123021439,0,0,0
123021440,5911,10818,1945
123021441,7617,6001,2038
123021442,6080,13645,1900
123021443,5994,10975,1922
123021444,9209,7719,2451
123031445,3660,1035,685
123031446,6070,1713,1289
123031447,10503,2996,2169
123031448,5674,1656,1131
124011449,2999,1280,850
124011450,11521,3597,3087
124011451,11,0,0
124011452,6624,3469,2011
124011453,6369,2437,1927
124011454,12980,4394,3367
124011455,3269,1457,905
124021456,0,3,0
124031457,9190,3523,2071
124031458,12714,6529,3161
124031459,8392,3067,1982
124031460,11184,6265,2939
124031461,9573,4371,2372
124031462,8679,7263,2298
124031463,4814,2889,1251
124031464,6414,4056,1640
124031465,3161,1037,707
124041466,8323,2710,1799
124041467,9693,2692,2047
124041468,3552,1506,824
124051469,2961,2413,792
124051470,8572,7721,2548
124051580,4731,4728,1315
124051581,6304,6522,1681
125011473,2564,11406,1291
125011475,0,0,0
125011582,757,14525,884
125011583,249,10076,214
125011584,676,6684,637
125011585,773,7315,461
125011586,1351,16529,900
125011587,632,3848,331
125021476,6266,18193,1925
125021477,6328,11700,2215
125021478,4544,10687,1619
125031479,2957,12193,1777
125031480,1604,11217,1298
125031481,2073,15543,1695
125031482,8121,13900,3081
125031483,2538,14125,2526
125031484,4088,13108,2244
125031485,4054,20299,2501
125031486,0,12,0
125031487,3,12,0
125041489,4134,14423,1650
125041490,2827,3860,956
125041491,4389,12842,1552
125041492,1852,23749,964
125041493,6854,11956,2039
125041494,4597,4407,1452
125041588,1928,9540,602
125041589,1775,12348,650
126011495,6299,17770,2173
126011496,8117,9069,2456
126021497,5177,17019,1877
126021498,5576,5854,2173
126021499,4585,3323,1663
126021500,4047,14771,1627
126021501,4073,6264,1512
126021503,4132,12816,1620
126021590,1623,1842,533
126021591,6729,16257,2648
127011504,4325,9348,1780
127011505,2981,4095,1015
127011506,7245,6987,2273
127011592,28,17,7
127011593,1028,4951,693
127011594,1391,9674,827
127011595,1808,8952,1028
127011596,1972,7956,1151
127011597,3008,9669,1744
127021509,1410,12906,961
127021510,3083,13494,1544
127021511,1198,21119,749
127021512,2482,12421,1121
127021513,1403,17454,838
127021514,1223,7464,736
127021515,1021,15059,651
127021516,1856,15245,1024
127021517,775,6717,501
127021518,1272,2201,523
127021519,2872,12676,1499
127021520,858,9e3,540
127021521,5,27,0
127031522,3021,10049,1545
127031523,6242,9555,2092
127031524,8461,8885,2415
127031598,2550,19740,1327
127031599,2483,7034,1094
127031600,2946,12076,1713
127031601,756,3853,316
128011529,10512,3963,2386
128011530,8818,5909,2421
128011531,6848,6116,1998
128011602,6319,3200,1546
128011603,7484,2400,1709
128011604,13427,5120,3115
128011605,1965,617,469
128011606,4756,1594,1068
128021533,4397,1005,817
128021534,4837,3840,1424
128021535,11871,5625,2890
128021536,11825,5476,3155
128021537,10,4,8
128021538,10793,5982,2876
128021607,11149,2989,2337
128021608,4834,1184,1010
128021609,2365,676,513
197979799,176,166,30
199999499,4675,3262,947
201011001,8270,1834,968
201011002,8322,1701,1177
201011003,16983,2463,2042
201011004,17090,3007,2174
201011005,5102,944,621
201011006,5347,720,576
201011007,2941,411,354
201011008,10952,1484,1078
201021009,3632,1037,709
201021010,5379,1e3,671
201021011,5367,1755,1032
201021012,3802,824,518
201031013,2366,374,248
201031014,2852,476,338
201031015,3162,605,422
201031016,5917,809,558
201031017,3760,681,411
202011018,10131,1702,1125
202011019,9170,870,757
202011020,9960,1612,1008
202011021,6838,1054,798
202011022,14469,2088,1473
202011023,4142,309,353
202011024,6801,747,661
202011025,9019,1109,798
202021026,5481,599,592
202021027,6626,1281,1051
202021028,5689,1165,896
202021029,2972,674,407
202021030,6193,1589,1105
202021031,4073,1245,956
202031032,3428,326,277
202031033,5091,697,426
203011034,4445,890,689
203011035,4664,1044,746
203011036,4042,653,611
203021037,8786,2734,1611
203021038,13426,8028,2539
203021039,7358,2895,1452
203021040,11878,4178,2213
203021041,14758,4358,2669
203021042,13304,5161,2612
203021043,10386,3677,2106
203021044,8317,2299,1507
203021045,9250,2727,1552
203021046,6486,1852,1167
203021047,6280,5431,1607
203031048,8489,2432,1517
203031049,3319,717,584
203031050,15741,3410,2904
203031051,4484,1507,761
203031052,2781,518,488
203031053,12019,2938,2423
204011054,4147,939,688
204011055,4544,669,532
204011056,9295,2059,1477
204011057,5764,1262,1009
204011058,2748,539,331
204011059,4117,876,549
204011060,2841,599,546
204011061,100,41,19
204011062,2389,488,317
204021063,7462,1122,860
204021064,2522,368,325
204021065,3031,331,247
204021066,13379,2232,1568
204021067,7086,978,772
204031068,2888,613,468
204031069,4865,1482,942
204031070,2284,302,272
204031071,2856,979,414
204031072,4339,602,496
204031073,10813,1790,1444
204031074,16859,3433,2230
204031075,3454,421,380
205011076,10552,2510,1885
205011077,4043,848,633
205011078,5146,1068,824
205011079,12672,2798,2032
205021080,0,0,0
205021081,10116,1805,1205
205021082,5448,876,765
205021083,0,0,0
205021084,6387,1631,896
205021085,4485,815,570
205021086,4034,1098,650
205031087,5580,1392,852
205031088,61,32,14
205031089,6152,1346,954
205031090,7536,1510,1131
205031091,6141,2165,1306
205031092,10,0,0
205031093,13775,4014,2550
205041094,7194,1906,1321
205041095,9905,3316,1801
205041096,7930,3113,1291
205041097,17099,4656,2744
205041098,3254,500,473
205051099,14,3,3
205051100,2737,694,396
205051101,10120,1482,1154
205051102,2814,458,340
205051103,9685,2273,1444
205051104,3599,726,488
206011105,9533,10602,3591
206011106,4091,4554,1599
206011107,5183,5980,1670
206011108,8872,12315,3567
206011109,4058,3929,1361
206021110,4076,2998,1338
206021111,10864,8438,3667
206021112,7128,7450,2587
206031113,6092,5868,1679
206031114,12397,10055,3254
206031115,2863,5215,925
206031116,6193,5505,1674
206041117,2850,13104,1201
206041118,1724,7254,542
206041119,2222,1560,590
206041120,15,33,8
206041121,4141,4473,1379
206041122,2968,28692,1154
206041123,4890,11188,1810
206041124,2444,3178,851
206041125,2362,2151,810
206041126,3196,11802,1167
206041127,0,3,0
206051128,6190,6089,1785
206051129,6548,4935,2298
206051130,6629,6027,2029
206051131,9,0,7
206051132,4168,4930,1304
206051133,8694,10715,2919
206051134,5732,6640,2537
206061135,3964,3094,1264
206061136,7368,7777,2494
206061137,6569,9714,2209
206061138,5626,4792,1629
206071139,3037,3478,906
206071140,3813,2694,1351
206071141,2712,3723,951
206071142,3445,4250,1243
206071143,5441,3959,1889
206071144,12016,12103,3723
206071145,4433,2404,1453
207011146,3688,2691,1009
207011147,5512,8042,1592
207011148,6250,11146,2008
207011149,9733,7917,2779
207011150,7956,5512,2276
207011151,9905,8679,2769
207011152,6511,5874,1895
207011153,10613,9527,3023
207011154,2773,2557,865
207011155,7751,5680,2107
207021156,2932,6538,1009
207021157,4532,13565,1592
207021159,4939,9338,1570
207021160,4301,7207,1294
207021424,3571,9327,1166
207021425,3240,9046,1083
207031161,9246,8691,2491
207031162,4365,4668,1183
207031163,5714,11160,1676
207031164,6153,8930,1735
207031165,3484,7221,936
207031166,2629,6426,817
207031167,4766,3529,1295
208011168,6961,3890,1921
208011169,10842,7376,3069
208011170,6695,6019,2207
208011171,5040,3653,1639
208011172,7938,5993,2648
208011173,8240,5024,2315
208021174,8245,10209,2923
208021176,5316,9879,1908
208021177,6155,9915,3551
208021178,4850,9110,2515
208021179,4497,4402,1838
208021180,2373,4056,798
208021181,3518,4182,1159
208021182,3826,7497,1375
208021426,5012,7275,1783
208021427,5044,5823,1757
208031183,3141,4511,986
208031184,21,14,0
208031185,5532,3768,1495
208031186,6567,4423,1923
208031187,2450,1895,766
208031188,9181,8947,2924
208031189,6721,3302,1889
208031190,5893,4669,1683
208031191,3096,4041,1051
208031192,0,0,0
208031193,9928,6252,2704
208041194,9596,6636,2654
208041195,9464,8383,2490
209011196,4018,4462,926
209011197,11455,5506,2669
209011198,6878,5184,1861
209011199,5064,6110,1470
209011200,5104,4271,1480
209011201,3709,2636,1037
209011202,9622,3668,2154
209011203,8698,6546,2228
209011204,4859,2704,1149
209021205,3156,6413,888
209021207,7826,14290,2470
209021208,6515,13455,2425
209021428,6211,9910,2134
209021429,4319,5700,1496
209031209,13108,5697,3192
209031210,2226,570,507
209031211,2434,586,485
209031212,3174,864,670
209031213,4884,2890,1151
209031214,3987,1375,970
209031215,8453,2880,1802
209041216,1906,4523,655
209041217,1635,3653,512
209041219,3369,16170,1839
209041220,5353,9774,1888
209041221,3757,6261,1229
209041223,2709,15041,1354
209041224,9620,3424,1796
209041225,5143,1577,810
209041430,12277,4977,2830
209041431,4107,6988,1338
209041432,2260,4778,736
209041433,1848,7512,915
209041434,6678,6803,1909
209041435,4207,5974,1369
209041436,4687,5595,1231
209041437,1539,6143,736
210011226,3152,3057,866
210011227,0,0,0
210011228,3540,3488,1036
210011229,8126,13826,2678
210011230,3283,2412,942
210011231,4873,2950,1191
210021232,8e3,2411,1664
210021233,2002,642,491
210021234,2630,726,476
210021235,6134,1378,1061
210031236,2407,3652,926
210031237,2075,9437,1225
210031239,8416,10752,2757
210031438,5315,13165,1942
210031439,1212,1168,374
210031440,1596,2958,681
210041240,7373,2945,1680
210041241,15604,6143,3407
210051242,2472,8212,1110
210051243,2079,11310,1439
210051245,6638,7881,1970
210051246,4690,8966,1960
210051247,1773,10612,1338
210051248,46,31,20
210051249,2500,16451,1710
210051250,2212,3088,653
210051441,2943,4082,842
210051442,2780,7078,1078
210051443,4421,9604,1455
210051444,2390,9971,1133
210051445,1116,1676,401
211011251,5093,4941,1321
211011254,5719,7216,1544
211011255,3212,2216,800
211011256,5787,7211,1667
211011257,3301,3564,940
211011258,3770,5264,1185
211011259,5209,6639,1413
211011260,5809,9713,1602
211011446,10925,6935,2840
211011447,6966,4224,1936
211011448,7467,4582,1972
211011449,2539,911,605
211021261,6983,6261,1999
211021262,5642,2465,1427
211031263,6257,3276,1469
211031265,10426,4449,2492
211031266,7312,7046,1972
211031267,10290,6298,2733
211031268,5068,2862,1250
211031450,7680,4514,2002
211031451,6802,4114,1713
211031452,2639,1220,655
211041269,3750,5440,1012
211041270,6934,6560,1959
211041271,4604,5312,1273
211041272,4319,4589,1181
211041273,3699,6596,1044
211051274,5470,2292,1686
211051275,5416,2749,1318
211051276,8461,2557,1752
211051277,4992,2316,1255
211051278,11029,4160,2644
211051279,2974,1436,891
211051280,3965,1405,988
211051281,11908,6064,2987
211051282,5185,2321,1580
211051283,5940,1794,1459
211051284,5309,2197,1669
211051285,4753,1353,1065
211051286,9752,2938,2287
212011287,6643,4002,1814
212011288,5689,1273,1042
212011289,10321,3769,2706
212011290,4757,1159,884
212011291,9652,5239,2531
212011292,13689,9561,3683
212021293,10403,8309,3067
212021294,9395,12320,3078
212021295,2044,7638,726
212021297,1824,7653,721
212021299,3175,3133,898
212021453,2510,7615,1032
212021454,2418,9170,1110
212021455,4617,6717,1535
212021456,4157,7718,1354
212031300,8004,8297,2261
212031301,7702,14252,2472
212031302,6286,10581,2063
212031303,5020,1969,1154
212031304,4733,7986,1528
212031305,4210,17726,1748
212031306,2507,10781,1118
212031308,4782,1394,1005
212031457,4822,6131,1699
212031458,4567,9787,1616
212041309,2248,7901,939
212041310,1176,10198,596
212041311,2928,23434,1408
212041312,3877,15710,1539
212041313,4834,3726,1277
212041314,3710,19496,1722
212041316,1317,5094,632
212041317,1364,18340,640
212041318,1136,10315,480
212041459,1562,9310,661
212041460,2182,14433,876
212051319,5275,9983,1754
212051320,2723,17276,1035
212051321,4564,14438,1362
212051322,3636,13572,1138
212051323,4565,8816,1307
212051324,5482,10281,1662
212051325,4707,11934,1647
212051326,5817,11920,2221
212051327,5452,11650,1742
213011328,1537,5037,563
213011329,851,7792,600
213011330,3886,18664,1856
213011331,1278,5953,640
213011332,2948,8208,1428
213011333,1641,10242,942
213011334,1792,15476,1006
213011335,1181,13914,680
213011336,1982,6305,708
213011337,1161,9186,537
213011338,2356,13865,1147
213011339,2777,7277,1105
213011340,5017,9624,1949
213021341,5196,5018,1675
213021342,6023,9828,2177
213021343,3565,7714,1659
213021344,8056,6012,2587
213021345,1592,2617,604
213021346,7568,4827,2157
213031347,3005,12771,1005
213031348,4024,9135,1463
213031349,2829,7466,1062
213031350,3721,3579,1318
213031351,3580,5755,1316
213031352,6440,5258,2195
213041353,12681,3859,2565
213041355,5958,10757,2461
213041356,9070,6173,2192
213041357,10475,8486,2722
213041358,8127,5946,2143
213041359,663,671,219
213041360,4649,11665,2130
213041461,989,3146,398
213041462,929,4304,557
213041463,4712,11997,2041
213051361,6681,9283,2137
213051362,6323,10093,1942
213051363,1699,5977,608
213051365,6273,23956,2589
213051366,2441,17317,1290
213051368,4737,4495,1340
213051369,9002,10365,2521
213051464,2935,7399,1170
213051465,5911,13895,2316
213051466,2455,10149,1144
213051467,6935,9423,2003
213051468,5616,4034,1496
214011370,9528,6919,2703
214011371,10609,6757,3155
214011372,9462,5455,2587
214011373,9317,5089,2803
214011374,13579,5443,3545
214011375,8368,4399,2293
214011376,6002,4691,1805
214021377,6074,2812,1377
214021378,3367,858,721
214021379,13200,4212,3014
214021380,12658,6452,3323
214021381,9200,5163,2676
214021382,10101,4732,2785
214021383,10380,3224,2092
214021384,12585,4311,2471
214021385,10765,3573,2610
215011386,5725,857,544
215011387,2220,301,220
215011388,12845,1332,996
215011389,2817,192,179
215011390,5321,660,388
215011391,2649,272,200
215011392,6084,775,564
215011393,2183,201,182
215011394,5102,488,378
215021395,4952,904,507
215021396,3577,472,309
215021398,2840,323,210
215021399,4121,670,436
215021469,11711,3023,1322
215021470,9439,2839,1037
215031400,4773,435,344
215031401,5308,418,421
215031402,2954,301,263
215031403,1366,1150,233
215031404,7648,1447,577
215031405,4500,609,369
216011406,11109,1220,1078
216011407,8086,1128,715
216011408,2963,251,232
216011409,3044,281,243
216011410,2911,453,317
216021411,3957,1274,533
216021412,1907,247,181
216021413,9187,1226,927
216021414,5812,793,535
216031415,5498,1066,634
216031416,11296,4242,1365
216031417,13028,6328,1700
216031418,2931,358,276
216031419,6706,1477,789
217011420,6453,828,585
217011421,7695,909,663
217011422,7955,1079,823
217011423,4701,528,415
217031471,2704,255,230
217031472,9262,1180,873
217031473,4027,489,418
217031474,4105,395,347
217031475,5446,659,468
217031476,2058,664,355
217041477,5110,509,476
217041478,7141,879,602
217041479,16057,1940,1590
217041480,9346,1350,1014
297979799,10,14,3
299999499,2654,2206,605
301011001,9314,3934,2297
301011002,3895,2161,1004
301011003,8265,3793,1989
301011004,9751,4816,2377
301011005,2136,883,511
301011006,6227,3310,1580
301021007,7088,4933,1808
301021008,2863,1925,769
301021009,8687,3839,2147
301021011,4538,1871,1173
301021012,7476,4651,1919
301021013,8450,3752,1995
301021527,5043,2099,1075
301031014,4,0,0
301031015,4030,1946,1050
301031016,6660,2604,1577
301031017,1979,1297,583
301031018,4468,2618,1181
301031019,4163,3267,1260
301031020,7206,3423,1806
301031021,7624,4280,1952
302011022,3963,2041,979
302011023,4141,2748,978
302011024,4011,3397,983
302011025,5001,2161,1271
302011026,4241,2015,993
302021027,6391,3716,1597
302021028,3895,3507,966
302021029,3356,1855,798
302021030,2509,1002,597
302021031,7618,3382,1888
302021032,3746,1536,865
302021033,3916,1603,870
302021034,5630,2302,1438
302031035,4613,3147,1090
302031036,47,23,17
302031037,377,261,90
302031038,3554,1713,901
302031039,5252,2482,1246
302031040,5608,4271,1460
302041041,9186,4865,2120
302041042,5592,1985,1326
302041043,2128,778,498
302041044,3774,1444,928
302041045,4644,5610,1254
302041046,4144,3107,1060
303011047,6413,2537,1645
303011048,2816,1670,771
303011049,5550,3294,1427
303011050,3118,2191,923
303011051,6909,6290,1913
303021052,4854,4239,1418
303021053,8346,4489,2168
303021054,2068,1724,682
303021055,4137,3191,1177
303021056,4451,2139,1265
303021057,3251,1842,917
303021058,1911,2408,591
303021059,4795,2624,1249
303031060,3497,9913,1124
303031061,1139,4050,381
303031062,3785,3451,1078
303031063,7009,4900,2046
303031064,2296,3109,678
303031065,3570,4012,1053
303031066,4375,4709,1222
303041067,1584,2985,522
303041068,4975,3472,1369
303041069,759,3772,330
303041070,3506,2209,985
303041071,6165,2270,1691
303051072,2957,4125,857
303051073,3472,15284,1481
303051074,1494,2495,474
303051075,4933,8395,1684
303051076,3462,4237,996
303061077,1911,5432,742
303061078,3024,9751,1015
303061079,1922,5948,572
303061080,4044,11709,1295
304011081,3382,2865,1029
304011082,2959,3044,851
304011083,1787,1501,582
304011084,4030,3912,1177
304011085,1763,1940,518
304021086,4422,3912,1381
304021087,3083,2292,956
304021088,4515,3909,1446
304021089,1924,1379,591
304021090,4027,3166,1310
304021091,2603,1718,826
304031092,4029,1913,1132
304031093,2680,1216,668
304031094,4730,5322,1392
304031095,2963,1589,815
304031096,4130,6421,1212
304031097,3674,3278,1033
304041098,4671,1708,1232
304041099,13,5,0
304041100,4289,1475,1012
304041101,4890,1847,1229
304041102,0,0,0
304041103,8705,4511,2599
304041104,5887,2256,1406
305011105,2535,5897,750
305011106,2272,3089,753
305011107,2302,2556,876
305011108,3188,3443,808
305011109,5350,3927,1537
305011110,1912,3964,669
305011111,1544,3405,431
305011112,3466,3936,1218
305021113,2227,1065,663
305021114,3266,1942,934
305021115,2640,1912,774
305021116,2674,1286,791
305021117,6451,3592,1713
305021118,3560,1440,921
305031119,1424,763,369
305031120,3491,1309,891
305031121,2622,1450,705
305031122,5240,3128,1384
305031123,2577,890,610
305031124,3001,1817,747
305031125,2625,1051,647
305031126,3434,4682,1017
305031127,2610,1376,637
305031128,4422,3450,1241
305031129,2305,853,589
305031130,3674,2054,1015
305031131,4898,2875,1323
305041132,7850,2684,2124
305041133,2737,1551,761
305041134,5649,1940,1652
305041135,5600,2864,1615
305041136,2941,1449,833
305041137,4675,3924,1352
306011138,2949,1300,795
306011139,4967,3532,1461
306011140,1909,846,588
306011141,6855,3182,1822
306011142,6804,4192,1928
306011143,2977,1487,805
306021144,4683,1672,1035
306021145,3931,4315,1081
306021146,4709,1807,1062
306021147,6562,2001,1323
306021148,5622,1313,1017
306021149,4833,2940,1227
306021150,0,0,0
306021151,2851,1516,676
306021152,2453,1570,542
306021153,4430,2294,1083
306021154,2596,2078,655
306021155,2547,1078,520
306021156,4332,2148,1162
306021157,2536,1153,555
306031158,2694,660,494
306031159,5380,1989,959
306031160,5035,1332,836
306031161,6386,2089,1074
306031162,0,0,0
306031163,2454,7,16
306041164,3726,1141,678
306041165,2308,1557,554
306051166,6951,1770,1165
306051167,3543,743,518
306051168,2308,1178,517
306051169,5449,1374,941
306051170,6399,2409,1017
307011171,3463,311,232
307011172,5915,659,511
307011173,4926,418,324
307011174,3249,329,245
307011175,2948,309,228
307011176,4859,768,386
307011177,4752,264,293
307011178,2696,368,271
307021179,6384,803,685
307021180,5727,785,449
307021181,2307,381,156
307021182,4431,383,350
307021183,13048,1536,1044
307031184,3719,438,338
307031185,3154,400,324
307031186,3402,473,429
307031187,3381,1102,525
307031188,3774,993,553
307031189,11396,1481,1189
308011190,5341,706,407
308011191,5733,764,548
308011192,8595,2116,1097
308031205,4905,767,548
308031206,1510,84,119
308031207,3726,609,500
308031208,6771,978,768
308031209,3505,298,297
308031210,8794,1012,939
308031211,3467,687,359
308031212,2168,252,209
308031213,7038,1750,629
308031214,3912,399,370
308031215,4943,786,493
308031216,4407,523,493
308031217,2282,315,234
308031218,2568,310,256
308031219,3067,461,325
308031220,2363,150,169
308031221,13,0,0
308031222,5712,968,669
308031223,12229,2505,1803
308041528,6758,443,530
308041529,3864,980,439
308051530,3943,896,598
308051531,6328,1843,1066
308051532,12,3,0
308051533,8602,2682,1322
308051534,3284,1373,615
308051535,8348,1364,941
308051536,2488,620,314
308051537,0,0,0
308051538,4092,920,636
308051539,2872,970,447
309011224,3601,2624,997
309011225,4558,2141,1145
309011226,7611,3862,1995
309011227,5135,3821,1460
309011228,5704,3997,1669
309011229,3490,1757,947
309021230,3202,1337,637
309021231,6409,2252,1446
309021232,5456,1885,1338
309021233,7057,2744,1683
309021234,8800,2818,1924
309031235,4148,4258,1154
309031236,3324,3381,935
309031237,4590,3743,1225
309031238,7384,6776,2077
309031239,4729,2872,1172
309031240,4202,3187,1037
309041241,2167,1030,582
309041242,7311,3667,1970
309051243,4033,1539,1109
309051244,8743,5563,2876
309051245,3882,2610,1134
309061246,5833,3887,1657
309061247,4183,2507,1161
309061248,10177,5995,2915
309061249,7812,6991,2369
309061250,3821,2301,1102
309071251,5746,4661,1877
309071252,7644,5956,2139
309071253,4618,4228,1269
309071254,2345,663,389
309071255,9934,5750,2720
309071256,7371,5271,2166
309071257,4234,2645,1247
309071258,13922,10983,4193
309081259,1574,1857,445
309081260,2846,2557,882
309081261,9301,9400,2953
309081262,6053,5918,1932
309091263,5383,4005,1587
309091264,2484,2707,806
309091265,3894,3201,986
309091540,5006,6691,1481
309091541,6565,6922,1929
309101267,3416,3470,1090
309101268,2067,1507,637
309101269,1739,1170,396
309101270,7366,10372,2219
310011271,1298,2637,451
310011272,2008,4679,610
310011273,9254,13815,3002
310011274,4047,10719,1176
310011275,3307,2862,1026
310011276,1061,1267,247
310021277,8687,1247,1056
310021278,3444,797,477
310021279,0,3,0
310021280,13103,2606,1884
310021281,9461,1805,1462
310021282,8129,1286,1161
310031283,7435,1466,1316
310031284,5270,1755,1024
310031285,4814,857,761
310031286,4149,1023,792
310031287,11485,2763,2167
310031288,3152,659,597
310031289,3443,1083,688
310031290,3281,1591,990
310031291,4862,1103,854
310031292,4240,912,760
310031293,10457,2257,1678
310031294,3176,606,510
310031295,1517,880,276
310041296,6029,5100,1798
310041297,4365,2935,1246
310041298,0,3,0
310041299,3750,3221,1043
310041300,3524,5112,1101
310041301,0,0,0
310041302,7799,7837,2271
310041303,2870,2624,938
310041304,5980,6660,1978
311011305,9278,1890,1350
311021306,4363,2216,938
311021307,6256,4416,1572
311021308,3590,2420,1010
311021309,2942,1663,798
311021310,3226,1715,857
311031311,6075,3869,1466
311031312,2719,3225,790
311031313,2503,1541,653
311031314,5165,4412,1316
311031315,0,0,0
311031316,3816,2881,1059
311031317,4988,6296,1572
311031318,2598,1249,578
311031319,6736,6253,2083
311041320,7218,3159,1770
311041321,14883,5434,3661
311041322,3972,1506,1005
311051323,5035,3546,1413
311051324,4328,2497,1216
311051325,5381,3450,1597
311051326,4019,4144,1178
311051327,5309,4173,1628
311051328,3021,2789,831
311061329,2825,2534,975
311061330,3740,4480,979
311061331,1875,3256,484
311061332,7551,4947,2265
311061333,4292,4292,1131
311061334,4041,3422,1219
311061335,1795,3650,578
311061336,3741,6707,1115
312011337,5755,1557,746
312011338,5308,966,624
312011339,2738,267,223
312011340,2356,341,248
312011341,5552,1278,794
312021342,10253,2170,1494
312021343,2262,567,389
312021344,7997,2117,1270
312021345,16,0,0
312021346,1822,1053,291
312021347,262,108,46
312021348,7105,1919,1008
312021349,3840,931,617
312021350,3371,788,421
312021351,6008,696,686
312021352,8474,1023,876
312021353,5664,956,717
312021354,3739,927,663
312021355,2316,458,346
312021356,4360,1219,621
312021357,6210,694,639
312021358,3868,1057,543
312031359,6153,3165,1384
312031360,0,0,0
312031361,5611,1059,769
313011362,9161,2929,1692
313011363,10782,4080,1968
313021364,2578,727,499
313021365,15343,5548,3238
313021366,12341,4025,2475
313021367,2565,643,493
313021368,5024,1802,1074
313021369,2506,650,442
313031370,3546,950,395
313031371,4452,1014,705
313041372,8648,2776,1810
313041373,12600,5133,2748
313041374,3043,905,637
313041375,11168,3990,2594
313041376,1858,570,403
313051377,4642,1937,1076
313051378,6638,2913,1462
313051379,5086,2810,1268
313051380,9295,4371,2071
313051542,6305,3539,1544
314011382,9352,3626,2171
314011383,11019,4692,2541
314011384,5302,1544,1029
314011385,4667,1882,1161
314011386,14561,4523,3477
314011387,6800,2659,1637
314021388,13806,5368,3144
314021389,9378,4897,2248
314021390,12949,11913,3633
314031391,5977,2344,1312
314031392,3514,1278,761
314031393,5057,1900,1282
314031394,6906,3213,1459
315011395,1188,35,11
315011396,5358,733,438
315011397,776,80,63
315011398,1582,48,20
315011399,2510,90,77
315011400,2949,1026,461
315011401,2554,274,230
315011402,3633,258,253
315011403,2655,453,374
315021404,4063,248,142
315021405,10791,3594,1708
315021406,2303,329,184
315021407,2454,190,175
315031408,3892,291,240
315031409,3393,314,243
315031410,1606,131,99
315031411,2280,159,154
315031412,2737,292,251
316011413,9253,4008,2229
316011414,8949,4265,2230
316011415,6086,3062,1542
316011416,5509,2838,1307
316021417,6244,2004,1379
316021418,3799,1440,827
316021419,3611,1617,763
316021420,11694,5010,2507
316021421,7042,2767,1359
316021422,4887,1500,1042
316021423,5539,2135,1177
316021424,4775,1574,969
316031425,8589,3043,1910
316031426,6364,2427,1456
316031427,10662,4612,2158
316031428,6246,2793,1345
316051434,2168,1369,562
316051435,4466,2626,1013
316051437,3420,1674,962
316051438,5640,2575,1270
316051543,2113,895,558
316051544,3655,2105,996
316061439,5060,1528,1001
316061440,4931,1938,1097
316061441,3616,1077,755
316061442,6183,1945,1359
316061443,3699,1284,772
316061444,6306,2201,1437
316071545,5168,1606,1094
316071546,2280,734,462
316071547,6341,2142,1340
316071548,12310,3603,2552
316081549,12818,4644,2876
317011445,5234,594,573
317011446,7471,4265,1030
317011447,7021,1494,860
317011448,4355,1992,495
317011449,4997,507,567
317011450,9694,1493,1316
317011451,8205,1220,1023
317011452,4671,1392,564
317011453,6811,1184,857
317011454,3979,659,604
317011455,5614,1316,806
317011456,8852,2119,1259
317011457,6557,1433,1025
317011458,9677,1359,1008
317011459,9887,1302,1040
318011460,6340,1226,798
318011461,5578,1007,702
318011462,6100,591,581
318011463,2892,193,217
318011464,2663,875,481
318011465,4274,966,700
318011466,2301,46,32
318021467,2775,1146,536
318021468,5891,2098,1126
318021469,1877,665,407
318021470,5008,1033,816
318021471,7206,1367,1134
318021472,3610,1238,617
318021473,15466,2830,2631
318021474,4212,2178,874
318021475,3844,1126,670
318021476,5231,1150,846
318021477,2675,659,411
318021478,3058,1024,625
318021479,2934,852,517
318021480,7331,1202,1156
318021481,5314,1156,790
318021482,10488,2303,1763
318021483,1174,616,247
318021484,6285,1435,1001
318021485,2166,712,406
318021486,4277,838,621
318021487,4102,1234,812
318021488,3079,874,618
318021489,2980,557,447
318021490,4590,2344,1029
318021491,3714,508,499
319011492,3764,572,488
319011493,10927,3035,1783
319011494,3435,547,437
319011495,3659,1267,534
319011496,3938,713,481
319011497,4903,1026,626
319011498,5940,1171,760
319011499,6629,1358,884
319011500,5262,822,643
319011501,4115,588,529
319011502,7765,1155,975
319021503,4545,868,470
319021504,3326,828,452
319021505,7626,1029,932
319021506,7297,791,661
319021507,3020,302,292
319021508,2812,267,191
319021509,6464,1356,885
319021510,4,0,3
319031511,3966,1042,590
319031512,9869,1572,1443
319031513,4861,767,627
319031514,12483,2585,1839
319031515,2648,399,294
319041516,2988,784,482
319041517,3011,980,542
319041518,8165,3240,1475
319041519,3605,1022,599
319041520,9110,2830,1601
319041521,7891,2379,1363
319051522,6235,1476,917
319051523,2384,274,273
319051524,12993,1753,1551
319051525,5598,1123,723
319051526,4096,572,441
397979799,75,49,7
399999499,5483,3384,990
401011001,3573,8516,1180
401011002,3064,2400,754
401021003,4028,1524,866
401021004,9907,4094,2658
401021005,2765,831,540
401021006,5799,1587,1111
401021007,10891,3349,2195
401021008,4081,1053,734
401021009,3230,843,712
401021010,2954,1433,754
401031011,7903,7637,2264
401031012,4252,3858,1061
401031013,7475,5675,1882
401041014,3896,3888,1145
401041015,6760,9981,2037
401041016,7633,10784,2315
401051017,4364,3798,1190
401051018,4713,5614,1389
401051019,5872,4831,1672
401061020,2849,2225,766
401061021,6196,5766,1728
401061022,3486,2746,894
401071023,8775,5558,2296
401071024,9983,6521,2549
402011025,5550,1867,1284
402011026,11192,4789,2450
402011027,3231,1234,754
402021028,9201,5210,2781
402021029,9416,4532,2187
402021030,4388,3840,1009
402021031,5776,4376,1689
402021032,6412,3191,1809
402021033,1222,765,355
402021034,6140,3467,1477
402021035,1582,1895,392
402031036,7397,12147,2093
402031037,9027,11008,2448
402031038,7498,9670,2072
402041039,0,0,0
402041040,6613,5825,1621
402041041,6122,5830,1910
402041042,13,88,3
402041043,5907,8615,1573
402041044,7398,6550,1970
402041046,6281,8421,1703
402041047,8002,6369,2284
402041048,7845,6229,1958
402041171,4320,6974,1341
402041172,2742,3826,707
402051049,4913,3511,1430
402051050,4708,2604,1356
402051051,4992,3671,1459
402051052,7307,6371,1846
402051053,9262,6360,2606
402051054,8700,4208,2428
402051055,6500,3763,1623
403011056,7476,3706,1734
403011057,10475,5682,2280
403021058,6179,5020,1552
403021059,5499,5125,1394
403021060,4765,2833,1277
403021061,6878,5893,1528
403021062,7959,4164,1678
403021063,5366,3036,1342
403021064,7466,5002,1625
403031065,2478,1273,616
403031066,3527,2750,817
403031067,6701,3049,1804
403031068,8766,4128,2077
403031069,8687,4270,2194
403031070,3635,3080,918
403041071,6451,3356,1507
403041072,8113,3797,2188
403041073,4765,2551,1223
403041074,4805,3002,1351
403041075,1606,571,355
403041076,2373,1134,630
403041077,5204,3571,1312
403041078,3431,1700,919
403041079,4118,1856,1067
403041080,7936,3410,1733
403041081,0,0,0
403041082,13,6,0
403041083,3144,1688,758
403041084,7291,3619,1869
403041085,5058,2524,1318
403041086,5748,2577,1395
403041087,11027,6763,3212
403041088,1879,868,466
403041089,6375,3062,1512
404011090,3520,2920,893
404011091,5895,6339,1614
404011092,6941,5503,1683
404011093,6848,7563,2117
404011094,2604,2154,747
404011095,7457,6015,1881
404011096,7442,4460,1637
404011097,6128,8631,1777
404021098,0,0,0
404021099,8077,3616,1956
404021100,8217,3449,1810
404021101,4670,4112,1276
404021102,4180,11750,1192
404021103,0,0,0
404031104,0,0,0
404031105,1370,882,313
404031106,5250,5529,1378
404031107,10528,9636,2564
404031108,6315,7229,1961
404031109,2605,1539,597
405011110,4197,913,607
405011111,6166,1344,955
405011112,3762,1246,743
405011113,2066,522,324
405011114,4890,717,619
405011115,3198,606,434
405021116,3064,420,304
405021117,3472,673,363
405021118,2995,538,318
405021119,6904,1134,756
405031120,3539,381,308
405031121,4004,582,374
405031122,10327,1567,1062
405031123,2527,338,255
405041124,3888,460,413
405041125,3353,749,376
405041126,2916,471,316
405041127,5470,712,450
405041128,2787,598,314
406011129,1840,230,200
406011130,4977,520,499
406011131,3412,258,212
406011132,1823,157,121
406011133,11037,1700,1499
406011134,2622,222,239
406011135,30,4,0
406011136,11989,5407,2555
406011137,0,0,0
406021138,1926,63,45
406021139,785,562,122
406021140,1589,190,127
406021141,1627,337,178
406021142,9593,1202,900
406021143,2466,655,389
407011144,6603,2551,1182
407011145,3036,736,450
407011146,4757,1088,720
407011147,4542,1435,774
407011148,8739,3212,1459
407011149,3461,1234,619
407021150,4040,501,415
407021151,2818,311,279
407021152,3740,640,438
407021154,4043,1183,435
407021155,1806,163,155
407021156,2364,325,248
407021157,4865,775,377
407021158,2427,354,254
407021173,10441,2029,1265
407021174,9988,2084,1145
407031159,4431,1089,502
407031160,2682,700,332
407031161,2271,315,193
407031162,4141,518,373
407031163,1246,182,149
407031164,4250,865,545
407031165,11330,3334,1350
407031166,2643,414,293
407031167,2860,972,343
407031168,3210,852,377
407031169,4054,546,399
407031170,4559,863,447
497979799,3,3,0
499999499,1252,706,276
501011001,2805,1271,847
501011002,14544,5929,3822
501011003,5399,2382,1629
501011004,4154,2452,1493
501021005,9503,4340,2470
501021007,3073,1010,738
501021008,3460,1544,846
501021009,5492,1393,1085
501021010,1909,596,437
501021011,12,0,3
501021012,6733,2658,1545
501021014,4736,2174,1180
501021015,3679,1841,971
501021016,2166,953,514
501021251,4258,2926,1258
501021252,1693,675,472
501021253,6002,3475,1681
501021254,2780,1208,696
501031017,3310,1611,882
501031018,3182,1290,792
501031019,3231,1086,737
501031020,2576,1240,698
502011021,3373,2236,1006
502011022,4292,2563,1326
502011023,5073,2732,1429
502011024,8443,6298,2532
502011025,4059,2992,1129
502011026,3116,1403,866
502011027,7348,6711,2609
502011028,4877,3053,1297
502011029,5249,2152,1343
503011030,2800,2440,1052
503011031,3305,2845,1242
503011032,3593,2069,1184
503011033,3584,2572,1439
503011034,4296,3581,1665
503011035,6347,8607,2656
503011036,3943,2871,1369
503021037,7,14,0
503021038,4089,4084,1905
503021039,5891,6698,2513
503021040,2959,3791,1384
503021041,6019,17656,2674
503021042,5795,6856,2513
503021043,5774,8199,2473
504011044,5874,5727,2465
504011045,7872,10003,3494
504011046,3551,6438,1560
504011047,5600,12315,2410
504011048,2102,4530,946
504021049,1349,824,430
504021050,2933,2490,1296
504021051,2557,1597,882
504021052,6,0,3
504021053,6009,3868,2164
504021054,5516,3845,1853
504031055,6,0,0
504031056,5926,9535,2459
504031057,4687,9889,1988
504031058,2336,1463,797
504031059,12732,15723,5196
504031060,1303,772,448
504031061,1699,1500,699
504031062,3424,5007,1338
504031063,7,0,0
504031064,0,0,0
504031065,2283,1945,752
504031066,3776,4102,1388
504031067,3220,2079,1181
504031068,3698,4258,1395
504031069,0,0,0
505011070,3717,3974,1513
505011071,3415,8083,1748
505011072,6152,6261,2290
505011073,5655,5015,2113
505011074,3262,5013,1511
505011075,3978,4791,1651
505011076,1864,5448,1085
505011077,3535,7540,1736
505011078,5156,5153,2065
505011079,3674,5225,1626
505011080,2169,4315,1053
505011081,3192,3371,1261
505011082,4167,3513,1539
505011083,3296,4418,1306
505021084,4994,7253,2018
505021085,3694,12959,1665
505021086,6298,13575,2975
505021087,0,0,0
505021088,6153,6668,2325
505021089,8598,7300,3376
505021090,3572,10997,1674
505021091,3,3,0
505021092,5759,6083,2307
505021093,3430,7898,1616
505021094,3557,2343,1235
505021095,3249,6257,1471
505021096,5462,5798,2128
505021097,4714,7582,2193
505031098,3188,6790,1311
505031099,6523,11518,3156
505031100,4336,9200,2183
505031101,3376,7e3,1678
505031102,2371,4842,989
505031103,7099,13771,3407
505031104,2876,5764,1256
505031105,4908,10578,2218
505031106,0,3,3
505031107,3636,7254,1813
505031108,8498,12e3,3776
505031255,1827,4391,1034
505031256,291,266,90
505031257,1224,979,475
505031258,2737,4012,1136
506011110,7290,7161,2742
506011111,8,0,0
506011112,2104,2240,841
506011113,4780,11580,2219
506011114,3738,4237,1565
506011115,2816,3294,1348
506011116,2805,2654,1180
506011117,3698,4407,1538
506021118,4471,6645,1624
506021119,5087,7624,2156
506021120,3,0,0
506021121,0,0,0
506021122,6827,13056,2625
506021123,4112,7371,1749
506031124,4597,11381,1874
506031125,2638,5787,1236
506031126,0,0,0
506031127,2897,12595,1288
506031128,3965,7478,1677
506031129,3540,7771,1587
506031130,7,3,0
506031131,4672,11096,1886
506041132,4650,11233,1928
506041133,4455,14636,2142
506041134,6809,8972,2663
506041135,5583,10355,2288
506041136,3956,7141,1576
506041137,6765,12336,2954
506051138,7123,7926,2518
506051139,5475,3981,1870
506051140,6053,5600,2437
506051141,4915,4064,1933
506061142,6506,5952,2694
506061143,3027,1844,1083
506061144,1904,1213,594
506071145,5078,6040,1845
506071146,3845,5359,1423
506071147,5938,7031,2268
507011148,6210,7973,2530
507011150,0,0,0
507011151,0,0,0
507011152,3269,3744,1320
507011153,3187,3091,1276
507011154,3349,4554,1492
507011155,4,3,0
507011158,812,1022,299
507011159,4156,5e3,1566
507011160,3079,4791,1387
507011161,4406,7626,1946
507011163,2841,2905,1199
507011259,3024,3484,1236
507011260,890,1210,353
507021164,3319,2274,1264
507021165,5441,5379,2231
507021166,5381,5502,2370
507021167,5,8,0
507031169,4063,7439,1728
507031170,2947,2828,1151
507031172,31,14,18
507031173,9,12,3
507031174,4104,4131,1596
507031261,1924,2258,726
507041175,3664,5248,1575
507041176,1215,1886,438
507041177,6021,4381,2357
507041178,4872,6776,2056
507041179,2260,4151,921
507041180,3910,4906,1582
507041181,7294,5412,2635
507041182,3785,6016,1555
507041183,2146,1584,817
507041184,1613,3460,649
507051185,11936,13432,4933
507051186,3514,3151,1251
507051187,5379,5197,2091
507051188,5291,6530,1930
507051189,0,0,0
507051190,4623,4294,1739
507051191,7593,7844,2996
507051192,4855,4914,1841
507051193,4233,3836,1731
509011225,7224,3873,2074
509011226,1947,698,517
509011227,2696,1135,721
509011228,2720,1633,901
509011229,1820,400,301
509011230,2367,1084,470
509011231,2557,675,493
509011232,1776,815,464
509011233,5848,2299,1568
509011234,2678,1214,638
509011235,0,0,0
509021236,2633,1579,771
509021237,2536,668,429
509021238,2646,553,443
509021239,4525,2022,1061
509021240,3145,934,583
509021241,2932,813,529
509021242,1845,529,410
509021243,6009,2299,1237
509021244,2205,1144,634
509021245,2970,1106,651
509031246,2377,558,354
509031247,2828,597,461
509031248,1439,506,372
509031249,2726,867,573
509031250,3091,710,582
510011262,7804,2718,1541
510011263,5685,721,345
510011264,2286,219,72
510011265,4608,1090,529
510011266,1755,164,108
510021267,3311,1386,493
510021268,2179,1187,478
510021269,2073,1184,523
510021270,4675,2273,961
510031271,5519,3985,1284
510031272,7916,4217,1745
510031273,2966,1133,591
511011274,7339,1867,1489
511011275,2203,626,451
511021276,2715,1152,442
511021277,2448,875,537
511031278,3753,1585,729
511031279,6582,4354,1479
511031280,4477,2560,1105
511031281,0,0,0
511031282,2402,1042,468
511031283,2939,723,251
511031284,0,0,0
511041285,6766,2280,1308
511041286,4959,1138,808
511041287,4889,1338,936
511041288,5846,2234,1235
511041289,2229,620,470
511041290,1598,546,225
511041291,2585,607,459
511041292,3778,889,599
597979799,128,193,39
599999499,2263,1619,475
601011001,5862,291,322
601011002,4508,303,278
601011003,3209,498,383
601021004,4028,934,676
601021005,5448,1035,866
601021006,2346,378,359
601021007,7337,1492,1080
601021008,5049,1017,776
601021009,3462,488,380
601021010,2052,170,151
601021011,4738,461,451
601021012,3e3,507,481
601031013,3074,389,307
601031014,4067,607,434
601031015,5918,698,583
601031016,2856,589,375
601031017,7413,1912,878
601031018,3342,715,388
601031019,3062,1258,525
601031020,5211,534,383
601031021,2240,1040,365
601041022,6958,2383,1356
601041023,6210,2185,1368
601041024,5131,1274,959
601041025,0,0,0
601041026,1927,946,529
601051027,3781,2156,1043
601051028,5090,1552,1171
601051029,2427,1439,575
601051030,3464,1382,752
601051031,5526,4255,1310
601051032,3284,1425,989
601051033,3376,1283,888
601061034,5477,798,705
601061035,6295,941,762
602011036,1977,457,326
602011037,2986,550,364
602011038,3021,984,595
602011039,2787,716,395
602011040,2104,1052,263
602011041,5991,1698,563
602011042,3542,792,531
602011043,2816,447,366
602011044,4724,774,524
602011045,2834,200,219
602011046,4214,1162,688
602011047,3014,723,480
602011048,3507,505,385
602011049,3023,706,569
602011050,2644,303,242
602011051,2754,601,521
602011052,3493,444,404
602021053,2660,492,288
602021054,3977,827,441
602021055,3657,1062,566
602021056,2519,301,253
602021057,2903,480,317
602031058,2804,507,319
602031059,4747,883,564
602031060,2999,404,279
602031061,2772,298,203
602031062,3729,512,377
602031064,4161,898,471
602031099,670,108,66
602031100,5088,589,399
603011065,1580,200,117
603011066,2251,373,196
603011067,4820,422,330
603011068,9,3,5
603021069,1751,679,303
603021070,2529,882,476
603021071,2450,591,301
603021072,5588,1330,803
603031073,1586,305,178
603031074,3131,512,300
604011075,2471,271,213
604011076,3654,528,365
604011077,2666,378,301
604011078,4749,707,476
604011079,3702,557,380
604011080,2640,317,273
604011081,3067,315,224
604011082,5293,677,486
604011083,3233,399,274
604011084,4569,659,411
604021085,10317,1336,1028
604021086,3556,504,293
604021087,3562,388,235
604021088,2648,371,287
604021089,4174,652,385
604021090,2282,256,219
604021091,4302,874,469
604021092,2369,336,254
604031093,1060,235,138
604031094,2938,460,254
604031095,3095,271,211
604031096,2502,539,304
604031097,3061,442,280
604031098,0,0,0
697979799,36,24,14
699999499,517,145,64
701011001,7,7,0
701011002,1907,2950,518
701011003,7,3,0
701011004,1531,1041,411
701011005,1488,1367,389
701011006,1299,670,284
701011007,1143,1002,327
701011008,1578,1574,448
701011009,1281,966,322
701021010,794,815,249
701021011,1156,700,302
701021012,636,295,114
701021013,1028,1811,321
701021014,0,0,0
701021015,0,0,0
701021016,983,1391,255
701021017,9,0,0
701021018,812,532,239
701021019,1903,1906,540
701021020,1823,1818,555
701021021,1992,1936,569
701021022,2022,1500,516
701021023,891,1082,279
701021024,854,693,256
701021025,1469,1532,437
701021026,1339,1125,367
701021027,967,996,297
701021028,595,1115,189
701021029,786,677,230
701021030,1121,772,312
701031031,2858,1041,567
701031032,5266,1342,1012
701031033,17,4,0
701031034,1921,597,391
701031035,2505,763,455
701041036,1607,851,378
701041037,1465,722,344
701041038,2365,1078,543
701041039,1564,872,370
701041040,1725,502,316
701041041,2363,993,506
701041042,1478,989,346
701041043,3435,1864,910
701041044,1822,638,414
702011045,2322,948,414
702011046,2501,1417,513
702011047,2084,1306,430
702011048,2492,1315,543
702011049,1429,1450,335
702011050,1393,421,126
702011051,1494,367,190
702011052,2890,86,48
702011053,2251,77,37
702011054,1855,45,13
702021055,2212,85,48
702021056,1978,460,144
702031057,2695,730,366
702031058,1392,111,59
702031059,2141,37,13
702031060,2232,74,29
702031061,4159,85,52
702041062,1950,197,105
702041063,6882,140,73
702041064,1578,633,343
702051065,1903,86,40
702051066,3601,149,60
702051067,5566,1372,746
702051068,1981,63,46
797979799,17,51,0
799999499,1208,438,167
801011001,1232,687,379
801011002,1973,3472,620
801011003,2564,3174,722
801011004,1578,768,416
801011005,1423,823,440
801011006,3933,2040,949
801011007,2951,1345,661
801011008,2049,1932,560
801011009,1970,785,476
801011010,1231,393,294
801011011,1736,964,463
801011012,7,0,0
801011013,1523,934,377
801011014,1626,859,427
801011015,2531,1200,594
801011016,3395,2616,920
801011017,2088,902,459
801011018,20,108,12
801011019,3349,2293,923
801011020,1211,980,359
801011021,1242,1013,325
801011022,1702,827,456
801011023,1437,1069,327
801011024,1421,885,431
801011025,1506,584,366
801011026,1418,742,336
801011111,6,6,0
801011112,8,7,0
801031031,8,0,0
801031032,29,0,3
801031113,423,190,69
801031114,47,30,19
801031115,95,36,23
801041034,2964,1735,803
801041035,2214,3500,662
801041036,2549,2195,734
801041037,1481,2289,496
801041038,1802,1829,515
801041039,1736,3831,568
801041040,1971,3185,601
801041043,184,45,36
801041044,2648,3951,798
801041045,6,0,0
801041046,5004,3520,1405
801041047,3115,2553,828
801041048,2412,2175,641
801041116,0,0,0
801041117,0,0,0
801041118,239,352,57
801041119,11,0,0
801041120,24,53,7
801041121,0,0,0
801041122,0,0,0
801051049,560,1128,273
801051050,2596,1365,831
801051051,2039,2134,734
801051053,1061,2405,408
801051054,984,743,286
801051055,1607,1262,566
801051056,1607,742,493
801051057,2073,1937,697
801051058,2592,1641,926
801051060,1502,1608,512
801051061,2657,1917,940
801051123,0,0,0
801051124,1632,864,490
801051125,997,324,333
801051126,0,0,0
801051127,696,559,197
801051128,0,0,0
801061062,1438,883,419
801061063,755,496,229
801061064,2079,1423,626
801061066,0,0,0
801061067,2676,1816,803
801061068,0,0,0
801061069,1415,1091,445
801061070,1382,920,407
801061129,689,458,176
801061130,30,8,6
801061131,2079,1307,657
801071071,2818,1214,713
801071072,1936,1268,465
801071073,3326,1350,766
801071074,2994,1187,710
801071075,2779,1258,754
801071076,1573,826,452
801071077,1576,674,362
801071078,4141,2097,1023
801071079,1700,796,411
801071080,739,844,203
801071081,2373,1229,560
801071082,8358,3625,2083
801071083,851,293,213
801071084,2707,1687,648
801071085,0,0,0
801071086,925,458,221
801071087,1675,794,378
801071088,2172,933,536
801071089,12,4,4
801071090,4049,2081,1059
801071132,8,3,0
801081091,1480,711,404
801081092,1778,686,543
801081093,1661,743,418
801081094,1397,742,354
801081095,1683,815,516
801081096,1082,610,277
801081097,1396,702,385
801081098,1764,989,472
801081133,0,0,0
801091099,1157,833,301
801091100,2711,1474,800
801091101,1620,973,515
801091102,1406,1386,409
801091103,1485,803,462
801091104,876,1098,288
801091105,1301,1164,362
801091106,1368,1309,415
801091107,280,552,91
801091108,1322,758,369
801091109,810,1606,255
801091110,1129,692,300
801101134,3,0,0
801101135,604,858,205
801101136,0,0,0
801101137,3,0,0
801101138,0,4,0
801101139,1118,1048,374
801111140,352,84,78
801111141,27,0,3
897979799,0,0,0
899999499,220,147,70
901011001,308,796,230
901021002,399,37,52
901031003,260,34,29
901041004,751,522,352
997979799,6,0,0
999999499,16,18,3
