SA2 Code (2016),Median commuting distance to work from place of usual residence,Average commuting distance from usual place of residence,Median Commuting Distance to Place of Work (Kms),Average Commuting Distance to Place of Work kms,Method of travel to work - walking,Method of travel to work - bus,Method of travel to work - motor bike/scooter,Method of travel to work - car (as passenger or driver),Method of travel to work - bike,Method of travel to work - train,Method of travel to work - other (inc taxis)
101021008,10.8,11.6,3.5,13.8,62,37,45,3413,19,3,22
101041022,19.5,22.7,null,null,null,null,null,null,null,null,null
101041023,2.2,10.4,3.1,13.1,73,4,null,817,3,null,14
101041024,15.4,22.7,10.5,16.4,59,5,7,945,5,null,12
101041026,7.4,18.2,13.1,16.5,104,20,11,2089,20,null,22
103031073,11.2,32.5,7.7,21.9,57,7,7,705,null,null,10
103031075,null,null,null,null,null,null,null,null,null,null,null
101021010,11.5,12.3,15.2,18.1,101,41,22,2036,20,null,29
101021011,28,28.2,18.7,22.5,153,37,56,6747,24,3,53
102011032,7.9,25.1,12.7,17.6,309,157,45,5448,32,666,38
103041077,3.1,8.8,4.5,12.2,383,44,44,5796,57,6,62
103041078,4.7,11.2,4.4,11.8,169,26,20,7531,32,8,60
103041079,15.3,21.5,13.4,20.2,212,12,20,3922,5,3,50
104011081,18.1,24.4,9.7,20.6,156,25,35,4016,8,null,53
104021083,12.7,18,6.5,12.4,131,3,7,1470,20,null,18
101041017,4.9,15.2,8.1,15.1,97,6,14,1900,14,null,20
101041020,19.9,25.4,7,16.8,129,22,23,2459,9,null,44
101041021,14.8,18.2,4.9,12.7,41,3,7,907,22,null,10
104021086,17.2,19.8,5.2,12.3,34,3,8,1259,3,3,10
101031013,5,19.9,5.4,20.7,61,3,4,717,null,null,16
105011095,3.2,28.2,4.4,32.6,159,55,15,1335,16,null,22
109031183,19.6,32.2,16.1,33.4,229,19,24,1781,12,null,46
109031185,5.6,16.1,4.3,15.7,258,15,17,2528,30,3,43
110011186,3.2,7.6,3.8,10.7,535,47,67,7034,109,11,91
102011039,12,25.3,5.2,10.2,116,58,15,4660,17,180,45
101021012,14.3,13.8,9.2,14.3,69,40,77,5881,42,3,47
101061543,2.8,10.5,3.4,11.4,180,6,11,3143,7,3,35
101051539,3.6,17.6,3.8,15.4,332,53,43,7577,26,15,74
101061544,16.8,27.3,8.6,22.1,225,13,18,1881,5,3,50
102011041,12.7,24.5,4.4,9.4,37,41,15,3343,13,72,20
102011042,17,35.6,5.7,12.6,133,56,13,2914,26,661,23
104021088,10.9,15,3.8,8.4,69,11,17,3096,7,5,12
104021089,8,10.6,5,10.6,182,37,63,6181,74,3,50
104021090,17.9,17.8,10.6,14.6,53,3,10,1282,7,null,22
105011094,2.1,24,2.2,26.1,113,7,13,966,4,null,29
101061541,5.3,28.9,2.8,14.8,115,37,6,2132,4,null,19
101061542,35.5,34.7,12.3,32.3,189,40,52,4119,9,6,47
102021044,12.8,23.2,4,9.4,130,125,36,7038,27,101,37
102021046,19.9,30.7,3.8,9.6,53,27,20,2719,8,27,23
102021047,12.9,25.6,10.8,16.2,64,51,21,5488,34,153,45
102021048,13.9,27.1,5.7,11.3,135,103,44,6081,24,134,46
102021049,19,30.6,12.5,17.6,30,3,5,1153,null,27,4
102021051,12.9,27.3,15.9,20,30,9,10,1760,5,98,11
103011061,3.4,20,6.9,24,83,3,5,1369,4,null,16
103021063,2.7,10,3.1,11,170,3,14,2534,12,null,24
103021066,2.4,21.8,1.7,15.4,105,10,9,823,6,null,15
103021069,2.5,20.4,3.4,26.2,142,61,4,1494,12,3,50
103031070,3.6,16.7,4.8,19.2,240,12,7,3354,25,41,33
102021057,13.7,28.4,14.5,19.1,68,24,5,2336,7,161,24
106011108,12.1,23.4,8.3,17.1,162,27,26,5982,19,3,40
106011110,28.7,32.8,7.2,19.9,141,8,13,2738,7,6,25
102021056,14.8,30.9,11.5,16.9,58,55,16,5012,12,175,32
106011107,24.7,31.2,17.5,23.9,117,12,20,3473,4,3,24
105021097,2.8,4.5,2.8,4.1,321,31,48,5247,34,3,31
105031100,4.5,7.2,5,11.8,107,20,22,3862,20,null,22
106011111,19.9,24.9,11.8,16.6,96,34,37,5437,10,11,27
106021116,13.1,23.8,6.3,12.8,56,13,17,2891,19,14,16
106031119,10.6,23.8,4.2,10.7,75,30,8,1788,5,null,15
106031124,11.5,37.2,4.9,23.1,73,4,6,988,9,null,8
106031125,23.8,25.9,24.2,24.5,151,32,40,4506,35,null,26
105031103,16.5,20.8,11.2,18.9,59,7,14,1998,3,null,28
105031104,2.7,21.6,2.1,15.4,135,3,12,1136,4,null,21
107021135,null,null,19.7,25.8,null,null,null,null,null,null,null
105031101,3.6,7.2,4.1,10.2,309,30,60,6419,57,4,68
107031136,18.7,24.7,8,11.9,73,30,23,5478,10,56,31
107031138,18.4,27.7,6,12.8,120,8,12,2326,8,56,16
107041150,11.8,25.3,4.1,10.3,149,98,43,6491,75,367,32
110011188,16.7,18.7,3.1,14.1,112,3,26,1910,15,3,25
110021191,2.7,7.6,3.5,11.3,154,14,24,3450,22,null,38
110021193,12.2,28,1.3,20.3,165,9,14,1403,4,null,32
107031142,14,20.8,6.3,12,95,35,16,3404,11,50,28
107041145,7.8,21.2,5.4,11.7,134,92,31,4791,51,213,31
107031139,16.7,26.2,1.4,8.3,51,12,9,2052,5,38,10
108051170,22.8,26.8,1.5,15.1,141,17,30,2857,6,5,32
108051171,11.3,13.7,9.5,13.4,55,12,15,1419,3,null,9
107031140,21.9,28.1,5.4,14.4,108,12,12,2415,13,27,16
107041147,31.9,31,8.9,21.5,99,6,18,2983,12,431,19
107041148,17.5,29.1,4.3,10.7,127,60,17,3496,33,468,28
109031182,2.6,8,2.8,10,155,3,5,2392,27,3,19
107041548,3.9,18.6,8.7,14.2,846,261,40,3667,90,241,57
126021499,9.7,10.7,7.7,11.3,109,428,32,2666,35,16,36
108031161,null,1.1,null,1.1,51,null,9,53,54,null,4
108041162,17.6,19.5,7.4,13.4,180,20,16,4086,13,3,39
108041163,4.9,9.1,4.6,10.7,269,44,114,8970,71,5,84
109031181,17.3,24,6.4,20.5,123,3,8,1877,14,3,27
107041549,4.3,18.1,8.4,13.7,515,247,42,4693,69,302,43
108041164,3.8,7.9,6,13,278,37,45,4582,52,7,56
108051167,4,17.3,4.1,15.8,100,6,11,1170,9,4,22
109011175,16.4,22,10.4,18.1,228,16,19,3569,19,4,57
109021179,5.8,38.1,9.3,47.2,151,8,7,994,11,null,35
109031180,3,13.2,3.1,13.5,85,3,3,1644,11,4,26
110031198,18.6,26.8,18.2,30.2,135,9,6,1321,null,null,30
111011208,8.6,13.7,7.9,13,229,175,83,8449,89,32,71
112011240,5.2,13.6,12,17.7,235,17,44,2595,238,8,58
108021155,6.4,10.9,10.5,19,123,19,25,3413,13,3,25
108021159,14.8,20.4,6.6,14.4,77,12,23,1945,null,null,17
108021160,4,18.2,2.4,8.9,86,10,9,1111,7,null,9
109011176,5.8,9.1,4.7,10.1,124,42,27,4715,42,null,38
111021221,15.3,19.4,12.7,15.5,25,15,25,2459,4,7,10
113011257,10.3,20.5,10.2,20.4,358,25,24,4346,21,null,73
109021178,8,14.5,9.8,13.1,125,17,5,1726,8,null,26
110041199,3,16,3.1,13.5,124,73,7,2949,10,null,32
112011241,23.1,24.6,5.3,14.3,95,7,8,1342,26,null,9
112011242,12.6,19.2,2.6,9,117,20,25,2764,36,3,31
113021262,12.6,20,10.7,24.2,87,null,3,1461,3,4,14
113031265,4.6,20.9,2.7,16.6,97,6,11,1603,5,3,23
113031266,2,17.1,1.9,13.1,203,13,13,1787,16,null,26
113031267,6,9.4,6.2,10.8,131,28,30,6468,43,4,60
112021244,4.2,13.6,6,16.4,170,10,27,3227,28,null,26
112031251,4.9,15.3,11.2,15.7,143,12,22,2378,26,3,21
112031252,14.5,22.2,8.2,13.1,121,15,22,2570,10,4,51
112031253,20.7,24.5,3.7,10.2,166,45,21,4029,38,9,41
112031254,8.9,16.5,8.9,15,239,84,49,5327,83,13,73
112031550,7.5,16.1,4.7,10.6,64,53,43,4844,48,null,46
110041201,14.6,24.7,7.7,21.3,200,8,9,1940,null,null,24
110041203,4.5,8.4,5.7,11.3,252,26,38,5239,23,3,48
110041205,16.6,23.2,6.3,21.6,295,31,52,5810,13,null,57
111011209,8.8,14.4,8.9,14.6,129,143,82,8485,63,58,36
112031552,5.5,13.5,7.9,14.1,79,41,20,1881,38,4,13
111031228,5.4,14.1,4.9,9.7,261,72,59,5265,213,25,39
111031230,2.1,46.1,17.7,22.9,null,null,null,null,null,null,null
111011210,10.3,14.4,6.3,11.1,49,46,23,2532,7,9,17
111031231,8.2,15,10,17.1,167,168,43,2918,36,21,35
112021245,19.9,24.9,14.3,23,107,14,10,1816,null,3,31
112021247,15.1,24.7,8.9,18,148,10,16,1724,7,5,30
112021249,15.3,19.3,9.6,15.4,184,38,33,4769,19,3,41
111011211,12.6,16.7,8.9,14.2,22,18,13,1138,19,4,4
111011214,10.4,16.1,8.9,12.9,90,52,38,4754,22,19,27
111021215,14.7,19,11.5,15.5,29,18,36,2612,7,36,9
111021219,18.4,22.9,10.1,15,114,41,33,3938,11,51,27
111031222,6.2,12.6,6.6,11.8,166,149,60,5733,102,52,37
115011557,14.1,17.1,0.9,7.2,19,328,11,1800,null,17,20
111031223,14.2,17.6,18.1,23.2,54,17,28,2459,12,37,16
113021260,4.8,18.5,5.8,22.2,94,3,10,912,null,4,13
111031225,5.6,12.2,7.4,12.9,233,161,51,5834,133,42,52
114011276,22,29.1,8.2,15.3,50,3,7,1177,20,5,20
114011279,23.6,27.6,3.1,10.6,83,18,26,3464,20,8,33
114011283,16.6,32.2,4.6,16.8,62,3,6,1253,3,null,15
114021285,22.6,36.2,2.8,12.9,31,14,4,2266,3,29,14
114021286,6.9,24.2,10.9,19.3,119,14,16,2826,8,63,36
114021287,9.3,20.5,11.2,21.7,147,19,9,3154,15,47,29
114021288,21,30.5,7.5,27.4,66,3,8,1044,null,6,19
114021289,19.1,34.7,9.5,20.4,114,20,8,1861,10,32,16
111031226,12,17,8.4,14.6,42,63,43,5428,27,11,21
112031250,11.2,20.3,8,13.3,169,50,27,3934,60,5,53
115021298,14.9,18.2,10.7,15.8,69,21,16,1644,3,51,27
115031300,21.5,26.5,6.7,12.2,120,29,45,8403,8,163,53
115041302,16.6,19,7.7,12.7,110,1006,44,8153,22,132,50
112011236,4.6,13.8,8.8,15.8,239,42,34,4669,144,8,35
112011239,12.3,20.7,4.1,11,83,19,18,2370,35,null,30
113031269,5.5,8.7,3.6,7.9,206,36,58,8204,40,3,64
115011290,13.4,15.6,7,10,102,1834,46,7055,31,90,63
126021500,10.6,11.3,14.9,19,943,1177,80,4461,53,1148,52
113031270,2.7,7.4,5.8,11.1,631,27,31,3903,65,3,196
113031271,15.5,23.7,11.4,20.2,523,19,36,4586,20,3,54
114011273,22.1,29.7,2.3,16.3,31,8,10,947,8,3,7
114011275,50.7,63.1,171.5,155.6,null,null,null,13,null,null,null
115011291,11.8,15.5,11.9,18.1,171,1034,38,6885,23,216,57
115011559,14.8,17.3,6,11,79,1199,37,8416,24,109,61
115021297,16.4,18.9,10.5,15.1,269,288,53,7092,16,105,52
115011294,13.5,15.7,4.1,9,27,135,13,2092,3,30,13
126021501,9.9,10.5,14.8,18.8,199,823,48,3352,49,245,33
116011560,11.6,15,7.2,11,87,111,19,3742,12,403,44
116011561,14.1,17.2,7.7,11.8,103,178,35,4684,15,715,51
115011556,13.1,15.5,6.1,9.4,88,647,23,3027,12,19,22
101041019,4,13,14.1,18.3,216,12,17,2449,25,4,19
115011558,14.9,16.8,3.5,8.6,92,1329,39,5403,18,295,53
101041025,7.3,16.7,6.9,11.7,197,12,16,2909,16,3,34
116011303,14.4,17.5,11.1,16,210,283,28,4531,19,1167,61
101041027,5.1,18,4.7,11.6,139,8,16,1890,11,3,22
103031072,3.2,14.6,3.4,12.8,222,6,18,3832,22,null,18
116011307,12.7,16.1,12.3,17.7,100,495,70,7731,31,888,55
116021309,14.7,17.7,3.2,8.6,89,1135,38,5361,19,164,57
116021310,17.3,19.8,4.1,9.2,134,1558,55,10562,25,612,101
116031314,16.5,18.8,14,19.3,36,91,11,2778,10,224,12
103031074,23.1,27.3,30.3,38.4,190,5,33,2669,3,9,25
116031315,16.1,19.5,4.5,9.6,78,143,43,6926,18,729,55
104011082,6.1,17.2,5.9,13.6,289,24,22,3673,51,3,62
116021562,16.1,18.6,1.8,6.2,15,115,8,1402,null,120,12
116021563,16.6,19.7,6,12.5,78,205,44,7692,26,1559,62
104021084,4.1,7.7,6.4,11.8,217,37,65,5213,73,null,60
116031317,16.7,19.5,9.3,14.1,170,101,28,5002,6,1075,55
104021085,3.3,7.9,7.6,13.6,227,31,25,2928,52,null,41
101031014,2.3,14,2.9,13.3,203,8,13,2093,22,3,39
101051540,22.4,36.6,11.5,24.2,198,14,44,3699,9,5,64
117011320,4.5,7.2,16.7,22.1,null,null,null,null,null,null,null
117011324,null,null,19.1,24.5,null,null,null,null,null,null,null
117011322,6.2,8.1,13.1,19.5,751,1222,117,5565,138,2113,134
121031412,14.3,14.6,7.8,15.2,270,42,21,4163,42,1560,55
121041413,6.2,8,4.4,10.1,672,2757,126,4440,113,99,102
121041414,5.6,7.5,10.2,14.2,1320,1336,98,3413,127,2721,115
121021406,14.5,15.2,8.9,16.1,180,55,47,4720,34,1770,53
117021328,7,8.8,10,15.4,216,196,61,1687,126,1411,36
121041416,5.2,7.7,9.1,13.8,1177,1684,101,3447,125,1485,139
117031330,5,7.6,11.5,17.7,989,444,165,3202,528,3573,104
102011028,17.1,29.6,1.6,7.8,37,18,17,2473,5,73,25
122021421,11.8,15.6,4.3,10.5,91,267,52,3170,18,14,65
122021422,13.3,16.1,1.9,8,176,457,59,4533,19,9,59
124011454,24.2,29.8,7,13.1,180,38,53,7225,34,717,47
117031336,2.8,5.6,9.7,16.9,3262,1255,112,1621,296,1907,189
102011029,16.8,31.8,1.8,8.9,41,17,19,2966,11,246,29
117031331,3.8,6.7,8.1,14.2,1766,2196,160,3086,425,459,141
102011030,19.7,27.2,23.2,27.4,144,3,16,1251,null,32,40
102011031,8.9,24.1,9.5,13.2,123,37,23,3822,23,179,29
121031409,12.6,13.2,11.2,17.3,142,89,46,4122,48,1357,49
121031410,13.5,13.7,5,10.6,178,402,55,5420,28,713,68
121031411,13.9,14.1,6.4,12.3,156,102,48,4293,71,1464,49
117031338,4.8,7.7,10.6,16.2,1374,3223,288,6023,567,2237,223
124031459,16.1,22.2,8.7,15.5,78,34,32,4910,22,473,32
118011341,5.8,7.4,6.8,13,766,663,131,2619,218,2229,101
118011344,8.1,8.8,1.1,6.4,163,324,107,3169,24,96,69
118011347,4.6,6.4,4.3,10.2,338,336,36,1467,52,864,70
118021348,7.7,9,2.4,7,653,3315,281,6417,363,128,138
119011354,10,12.6,6.4,9.5,93,108,20,5596,16,363,56
119011356,10.4,12.4,14,18.9,65,49,12,3069,7,278,39
104021091,20.4,20.3,8.3,15.2,128,23,28,3798,12,null,36
119011357,8.5,10.5,8,13,149,139,19,6195,11,469,90
105011092,1.4,27.7,1.4,29.1,252,7,23,834,15,null,27
119011358,15.8,15.2,8.5,12.8,99,130,22,4595,12,1240,52
105011093,2,15.4,2,17.5,135,9,19,1343,18,null,28
105011096,1.4,34.3,1.4,33.4,263,7,10,1308,12,3,31
119011360,15.2,15.3,5.8,10.1,137,94,23,4479,22,1234,40
107011545,8.4,18.9,8.1,12.2,63,87,35,3817,11,70,35
107011546,9.3,19.4,11.9,16.4,73,56,11,2319,17,51,14
119011361,10.5,12.5,5.1,9.3,105,119,26,5044,11,868,63
109031184,4.9,14.6,5.4,13.5,54,7,3,1882,19,3,13
120011383,11.6,11.5,6,10.4,243,244,66,6446,71,899,81
120011384,13.5,12.5,13.9,17.5,580,166,50,5338,80,4126,120
120011386,9.3,10.2,5.9,10.5,209,1323,120,5961,110,154,85
119011571,12.3,12.9,9.3,13.1,193,138,8,3603,11,962,61
119031371,14,13.5,4.6,10.7,124,40,20,3236,21,1489,31
119031372,14.7,14.4,7.9,12.7,82,79,25,5172,17,870,37
102011038,12.4,26.5,1.1,7.1,31,37,11,2352,5,55,7
119031370,13.5,13.2,4.8,9.1,119,68,22,3250,7,1435,35
119031368,13.4,12.9,5.8,10.4,555,181,25,4599,14,3093,43
102011040,17.1,33.9,2.8,9.4,199,128,43,5435,41,705,63
119031373,14.8,14.3,6.7,11.1,107,91,23,2188,3,1141,23
102021045,19.7,32.3,7.1,13,24,40,23,3589,3,56,20
119041378,12,11.9,10.7,14.6,568,84,31,2265,18,1696,35
119041375,10.1,11.1,8.1,13.3,242,145,52,4381,74,3974,81
102021050,22.8,31.4,11.8,17.9,53,24,10,3067,3,33,21
102021052,32.2,39.1,2,11.8,28,19,3,1870,null,11,17
119041377,11.8,12,4.9,8.5,100,113,29,3171,18,1261,51
119041379,12.8,12.7,5.8,9.9,223,75,22,4154,16,1966,49
102021053,15,24.9,6.4,12.1,130,144,23,4229,22,61,33
102021054,16.1,27.5,7.8,12.9,64,27,13,2584,5,35,22
120031391,10.6,10.5,9.5,13.8,690,317,54,4129,56,3718,60
125031480,10,13.2,11.7,15.9,73,48,10,3287,14,568,35
102021055,14.8,28.9,14.4,19.1,79,17,11,1696,8,120,5
103011059,5,14.5,5.8,12.7,88,19,15,3881,23,4,26
120031575,12.2,11.8,9.5,13.8,436,352,35,5246,29,3755,72
103011060,18.5,26.8,9.6,21.7,81,9,14,2189,3,null,24
103021062,3.2,35.9,3.2,35.8,226,27,19,1707,6,null,42
103021064,14.7,21.2,4.6,15.4,105,3,24,1427,5,null,22
125031482,10.6,14.1,12.2,15,102,324,41,8479,26,560,68
103021065,2.9,15.5,2.9,14.6,199,22,17,2979,14,null,46
120031576,12.2,11.5,12.9,17.7,22,55,10,1017,null,118,7
103021067,2.4,12.1,2.3,9.5,202,13,17,3319,17,null,43
103021068,20.5,26.7,26.6,28.4,108,3,8,758,3,null,21
126011496,13.3,15,7.9,14,216,365,58,5195,35,1979,54
125031484,10.1,13.4,5.9,10.7,94,210,18,5274,11,764,67
121011399,9.1,9.3,8.5,12.8,707,1673,120,4860,131,1516,61
103031071,17.9,30,16.3,27.4,124,13,6,2352,4,19,24
103011058,4.3,13,4.7,13.8,526,28,36,7933,58,17,70
105021098,94.3,97.8,110.6,101.9,174,6,23,366,3,null,29
105031099,3.1,23.5,2.3,20,245,17,34,1710,5,null,36
105031105,9.9,24.3,7,22.7,161,9,11,1769,13,null,40
121021404,24.3,23.5,2.5,15,119,20,45,3487,14,795,33
121021577,15.5,15.4,11.6,19,543,47,21,2283,14,2196,36
123021441,19.7,23.9,5.9,11.8,80,83,31,5164,13,782,31
127031599,13.7,16.1,7.4,13.4,50,89,18,2468,3,143,23
128011529,14.1,16.2,4,8.4,170,26,44,5869,37,1176,39
123031446,28.7,33,25.8,29,78,14,13,3626,7,99,16
124011449,13.2,29.4,2.7,13.2,81,14,7,1381,15,118,11
124011451,null,13.3,31,35.8,null,null,null,null,null,null,null
127021520,13.9,16.3,6.6,11.9,29,92,11,3108,3,249,22
124051581,16.6,19.5,10.9,17.2,128,78,39,4397,20,555,41
127021521,0.4,3.3,16.4,20.2,null,null,null,null,null,null,null
122011418,10.9,10.5,3.9,8.4,265,1644,149,4987,135,25,91
122031428,11.6,12.6,11.5,16.4,208,1229,129,7742,70,47,74
123011433,16.6,24.6,9.2,15.9,76,36,17,4738,3,97,26
125011473,13.7,13.4,16.3,20.5,276,229,36,5473,67,730,79
123011434,18.2,23.3,8.4,15.1,91,54,35,8200,25,229,54
128011530,11.2,14,7.3,12.5,407,60,39,5483,30,1077,60
125021478,10.8,13.1,3.9,9,94,272,46,5295,24,479,39
128011531,12.3,13.9,7,12.1,95,70,31,4932,20,299,43
105031106,7.7,22.5,3.5,18.5,167,14,22,1979,4,3,38
128011603,11.4,14.4,0.5,6.2,69,25,25,4021,20,524,29
128011604,18.8,19.2,7.1,13.8,488,44,68,8149,98,1532,59
125041491,13.7,15.3,13.5,16.5,486,776,37,4993,23,1580,53
128011606,11.1,14.7,3.5,9.2,89,10,19,2688,23,412,17
128021536,19,17.9,4.3,9.1,112,37,30,6058,45,1901,47
128021538,18.7,17.4,8.1,15,256,54,61,6081,55,2307,60
123011435,20.9,24.9,10.7,17.7,102,132,59,11533,32,486,61
123021436,18.6,24.7,8.8,16.3,75,94,42,5510,11,372,44
123021442,22.7,23.3,11.1,15.5,86,87,31,5678,13,1827,48
128021607,19.3,20.6,4.4,11.3,155,18,35,5514,18,827,33
128021609,21,22.8,null,6.9,24,13,8,1441,11,133,8
106011109,25.1,34,17.9,25.3,47,9,9,2396,null,8,12
106011112,7.6,22.8,9.9,26.3,304,24,45,5829,26,6,125
106011113,23.6,30.5,48.7,52.2,51,4,26,1491,null,4,15
123031445,37.4,36.9,10.5,22.7,41,3,3,2041,5,33,18
124011455,9.1,30.7,5,12.6,43,4,7,1578,3,168,10
106021114,15.6,23.6,11.1,19.1,88,17,12,2280,11,24,16
106021115,14.2,20.8,8.8,14.9,171,56,46,9440,40,82,48
106021117,16.3,24.2,12.6,19.1,124,61,40,7715,19,33,55
124031464,16.1,20.5,9.9,16.5,276,72,31,3617,25,584,35
106021118,17.3,21.1,16.8,20.7,54,17,26,4003,12,36,28
124031465,29.5,30.3,8.2,18,30,14,8,2061,3,19,9
124041466,14.4,20.1,14.9,19.3,221,29,41,4525,70,248,35
124041468,16.1,20.4,12.5,17.1,100,6,6,2192,3,64,37
125011582,11.5,13.3,10.2,13.8,215,56,16,3355,12,1427,64
106031120,33.2,32.8,2.7,12.8,32,24,17,1695,9,null,13
106031121,6.7,25.6,5.7,14,251,73,33,5682,38,12,50
106031122,18,20.4,21.2,24,114,54,39,4205,14,3,30
125021476,11.6,14.1,5.3,9.3,204,716,57,7552,33,850,61
125031485,10.5,13.2,6.7,10.7,214,392,30,7213,32,1343,129
125031486,1.8,1.8,16.5,20.1,null,null,null,null,null,null,null
125041489,11.9,13.5,12.1,15.8,911,669,47,5200,90,1194,70
125041588,13.1,15.6,12.5,16.2,96,65,13,3053,13,1182,31
125041589,13.7,15.2,7.1,11,238,262,14,3289,16,1714,61
127011506,23.2,26.3,12,16.8,105,32,25,6211,3,337,47
127021511,11.8,14.8,7.1,10.9,406,77,19,5610,24,1144,53
127021514,12.7,16.7,3.3,7.5,26,77,4,3068,3,185,29
127021518,12.4,15.5,15.4,18.9,45,11,3,1377,null,32,20
127021519,10.8,14,9.6,14.2,100,118,30,4838,22,286,41
126021590,10.9,11.2,2.4,8.9,31,154,15,1381,16,39,13
106031123,21.4,26.7,6.5,14.6,26,3,15,2056,null,4,10
106041126,6.1,15.4,16,32.1,122,13,39,3869,13,9,19
106041127,21,24.9,22.7,37.3,79,4,16,1301,null,null,15
106041128,3.7,16.3,4.2,16,121,6,8,1986,12,3,19
106041129,17.2,29.2,12.3,26.9,222,17,26,2426,8,3,53
127011505,16.2,18.9,13.8,17.4,135,13,12,2405,4,110,30
127011595,15.9,18.1,7.7,13.7,16,138,7,4201,3,213,30
127011597,18,20.5,6.2,12.5,28,75,19,5475,6,283,27
127021510,11.5,15.5,4.4,8.8,63,160,9,6082,7,244,40
127031523,14.6,16.4,13.9,18.6,99,92,37,6272,22,556,43
107011131,13.5,22.1,8.6,11.4,92,100,39,7428,16,187,55
107011132,14.9,22.7,11.4,17,30,38,20,3328,13,78,13
107011133,null,null,14.4,17.8,null,null,null,null,null,null,null
107011134,8.5,18.6,9.9,14.8,58,81,41,5421,34,135,40
105031102,4.7,8.5,5.2,11,79,16,27,3128,17,null,29
127031598,13.4,15.7,12,16.4,551,199,24,5296,14,986,62
128011602,13.2,14.7,7.5,13,260,33,21,3814,23,819,49
110011189,1.9,21.5,1.9,23.3,104,3,26,802,null,3,30
110021190,2.3,14.9,2.3,15,217,10,19,2081,14,4,29
110021192,19.6,29.3,2.7,25.6,92,7,26,1112,null,null,21
110021194,3.7,25,2.7,23.1,134,16,16,1402,7,null,38
107031141,15.1,23.4,6.3,12.3,76,59,19,6358,18,114,41
108051168,17.6,20.9,3.3,12.1,94,20,22,2816,8,3,26
108051169,4.1,10.6,11.2,16.4,231,32,43,5058,40,5,51
109011172,7.6,10.9,7.2,13.7,198,20,45,6000,54,3,32
108011151,21.1,33.7,7.7,23.7,92,10,6,1246,6,5,9
108011152,3.5,11.3,3.6,12.3,170,20,17,3356,46,5,20
108011153,21.1,26.9,8.1,16.3,85,9,5,1369,4,3,23
108011154,3.1,10.3,5.8,13.2,111,9,5,1130,17,null,21
108021156,18.6,22.1,11.6,19.5,171,17,9,2300,19,null,31
108021157,6.9,14.3,12.4,16.4,71,10,8,1129,6,4,22
108021158,4.9,13.3,6.7,12.8,74,14,11,1356,null,3,14
108041165,20.6,24.2,12.6,21.5,64,7,16,1523,3,null,25
108041166,15.4,15.1,9.2,14.5,108,8,27,3222,9,null,22
101021007,19.5,38,4.2,17.1,114,11,5,1006,5,3,16
101031015,20.6,33.1,4.5,23.6,77,7,6,1014,null,null,14
101031016,17.7,25.5,15.2,28.4,399,30,5,2386,29,23,73
101041018,7.7,17.1,4,10.2,71,25,10,2121,16,3,27
101021009,9.7,10.7,8.5,16,239,112,67,4367,54,3,34
103041076,22.2,23.7,22.2,24.8,137,14,18,2287,3,4,21
104011080,3.2,9.2,5.9,16.3,315,22,37,4811,120,5,38
102011033,22.1,32.4,15,19.4,28,29,16,2309,9,66,19
113011256,3.8,7.5,3.8,9.5,213,15,32,7095,44,8,61
110041200,19.9,27.4,39.5,41.6,118,21,4,1186,3,3,23
110041202,4.8,8.3,4.5,10,251,46,65,7229,49,4,58
110041204,4.8,8.5,7.3,12.8,74,10,22,1507,9,null,17
102011034,13.3,26.6,6.9,11,50,23,11,2080,9,69,17
102011035,10.4,26.5,6.3,12.7,11,33,16,2234,6,245,19
104021087,8.4,20.1,5.6,14.3,91,10,7,674,4,null,9
102011036,11.7,26.4,12.8,15.6,51,19,21,2715,8,259,11
111011206,13.1,17.6,8.4,13.2,131,89,39,5917,25,6,31
111011207,16,19.7,3.8,9.4,33,45,7,1752,7,null,8
111011212,22.3,26.7,4.1,11.5,78,51,13,3539,13,13,15
102011037,12.8,32.2,7.2,11.2,30,32,11,1650,17,389,16
102011043,10.1,26.1,7.5,13.2,76,71,28,3184,10,262,20
107011547,11.6,21,7.6,10.2,21,31,8,1221,7,12,16
111011213,12.5,17.7,2.1,7.3,47,34,28,4381,23,16,23
111021216,25.9,32.3,3,18.4,23,15,13,2706,3,57,21
111021220,23.1,27.4,4.6,14.5,34,11,12,2903,5,36,23
113011258,3.3,10.7,3.4,10.4,178,7,13,3386,26,4,21
113011259,3,18.8,2.3,17.4,164,7,8,1650,11,null,27
113021261,2.1,9.4,2.7,12.1,106,3,4,1951,12,4,14
113031263,2.6,13.1,2.6,12,143,16,21,2050,20,null,27
113031264,6,19.3,4.9,16.7,95,8,14,1103,null,null,22
113031268,7.1,12.6,11.9,16.1,45,8,12,1749,16,null,15
107031137,16.3,22.8,8.3,14.1,22,18,14,2264,13,66,18
110011187,14.7,21.1,7.4,21.9,106,6,27,1262,9,null,31
107031143,14,20.3,6.2,11.6,125,100,34,5712,30,69,48
107041144,6.2,19.2,5.8,11.7,202,249,33,6465,78,230,52
107041146,5.8,18.5,6.1,13.3,218,174,53,6707,68,202,58
109011173,4.8,8.6,4.4,10.2,94,34,25,3386,39,6,24
109011174,3.8,8.8,7.3,11.5,326,23,16,3408,72,5,38
109021177,1.8,21.3,1.9,23.6,104,null,9,857,8,null,25
110031195,2.6,8.7,3.1,13,154,5,15,2608,16,null,26
116031318,1.3,4.2,17.5,22.1,null,null,null,null,null,null,null
116031319,16.5,18.9,13.4,17.6,95,71,22,6594,12,1202,65
110031196,25,39.3,26.9,45.2,200,5,10,1524,9,null,44
110031197,3.3,10.8,3.4,11.4,129,43,9,2367,13,null,13
111031224,4.3,12.9,9.1,16.2,325,210,51,3743,189,66,30
111021217,13.4,18,10.3,14.4,58,41,32,5467,10,17,18
111021218,20.9,29.1,13.5,19.3,119,13,30,4067,15,108,35
111031234,5.5,13,7.9,14,172,140,57,3941,76,37,27
115011296,13.9,16.1,10.1,14.3,30,903,28,3930,19,137,35
112031551,12.5,19,6.4,12.3,17,13,12,1134,3,null,11
115041301,18,20,13.8,17.2,106,25,20,3993,12,135,26
111031227,6,13.1,11.3,16.4,238,194,69,5011,121,53,47
112011243,10.1,17.4,8.5,13.8,126,16,20,1938,54,null,32
112021246,6.7,12.3,6.4,14.1,93,27,41,4443,10,null,36
112021248,3.2,9.8,10.8,18.8,354,31,48,4490,75,3,63
114011272,15.9,24.9,12.9,20.1,163,10,12,2281,16,22,26
114011274,19.6,25.6,2.8,16.2,52,5,8,1266,8,3,16
114011277,6.3,14.8,7.2,15.6,166,23,47,4893,64,26,40
114011278,5.1,13.5,11.2,20.1,257,20,63,5430,67,18,77
114011280,21.2,32.6,2.2,12.9,34,4,3,851,14,7,7
114011281,16.4,25.2,9.5,18.4,38,null,3,1162,8,5,11
114011282,4.3,20.1,4.4,10.6,199,17,29,3847,28,6,34
114021284,4.9,25.4,7.7,17.3,190,22,15,3283,25,92,42
115011554,14.7,16.8,10.5,12.4,22,245,3,1395,3,50,10
111031229,6.5,14.9,10.6,17.6,783,190,44,3693,163,47,37
111031232,16.4,20.1,18.5,19.4,93,13,9,1953,27,12,9
111031233,8.4,14.7,8.3,14.1,154,163,68,6384,42,25,46
115031299,37.9,39.4,9.3,26,41,3,7,823,null,4,12
111031235,4.8,13.5,11.1,17.6,220,136,41,2845,216,28,41
125011585,11.2,12.9,2.7,7.3,74,15,3,2142,9,832,22
112011237,14.7,16.4,11.1,15.1,189,35,45,5270,28,7,64
112011238,10.4,16.1,10.2,15,127,15,9,1578,7,3,34
115011553,12.9,15.7,9.8,15.4,85,573,16,2417,8,26,15
115011555,13.2,15.6,6.8,10.6,114,620,20,3866,13,36,29
116011304,15.2,18.1,6.2,10.5,78,184,41,5199,19,826,43
116011306,16.9,19.5,5.6,11.4,69,195,34,6358,9,1532,67
116011308,11.9,15.6,10.6,14.4,141,182,56,7044,29,1475,64
116021312,17.2,20.6,13.4,18.4,124,118,30,5647,23,713,54
116031313,14.6,18.1,6.2,10.8,69,117,31,4093,17,296,45
120031394,8.2,9.6,5.4,10.4,244,552,103,3730,182,2375,67
116031316,17.7,21.7,8,12.6,54,109,36,4915,12,490,40
117011321,7.3,9.4,12.6,18.7,163,479,82,3613,56,62,48
117011323,6.6,8.7,5.3,11.5,216,767,50,2981,61,38,40
117031329,2.6,5.3,7.9,13.6,2520,806,97,1297,178,1089,128
117021327,6,8.2,6.5,11.8,750,1000,136,3895,405,3257,114
117011325,9.5,74.2,16.3,22.4,3,null,null,9,null,null,null
117031337,1.8,5.7,13.6,18.9,6307,1624,55,1618,102,2783,234
117021326,7.6,9.3,8.8,13.2,646,1071,173,5256,416,3387,107
118021569,6.2,7.9,5.7,11.5,784,2158,154,3867,319,137,111
118021568,7.5,8.8,4.3,9,223,1194,72,2208,33,21,41
121021579,17.3,16.1,10.1,18.3,220,36,19,1712,13,1675,21
117031332,4.7,7.1,8,13.3,2015,1458,184,3294,682,3836,144
121031407,11.8,12.2,8.5,14.4,210,89,51,4470,53,2528,70
121031408,10.4,10.5,6.6,10.9,289,408,54,5021,84,2367,88
121041415,7.5,8.5,7.3,11.8,632,2943,133,6058,124,80,158
117031333,2.9,5.6,10.1,17,3364,731,150,2141,209,2948,695
122021423,10.6,13.9,7,12.4,396,919,103,8064,86,24,61
117031334,2.6,5.9,11,17.1,4236,1244,110,2306,216,1035,189
118011342,null,null,8.1,21.4,null,null,null,null,null,null,null
124011452,4.2,26.5,6.9,16,414,27,33,3053,23,401,98
124011453,29.5,34.4,4.2,12,75,13,32,3427,12,493,32
117031335,3.4,6.5,10.4,17.7,2461,1336,141,2209,520,2651,206
118011343,4.8,7,5.6,11.1,855,531,171,5312,140,1973,210
118011339,7.1,8.2,3,9.7,551,873,317,4081,329,813,115
118011340,7.7,8.6,2.1,7.7,658,1102,426,4690,263,312,137
118011345,3.6,5.7,7.1,13.8,1572,1901,140,2737,231,524,151
118021350,9,10.6,9,16.2,227,1242,126,6590,95,28,67
118011346,7.9,9,7.2,11.9,226,292,75,2856,25,72,71
118021564,4.9,7.4,6.5,13.1,648,1685,83,2342,175,74,61
118021565,5.9,7.8,3.6,8,653,1642,73,2605,108,40,37
118021566,8.3,9.9,3.9,8.9,112,866,78,2664,74,25,50
118021567,9,10.6,3,8,115,940,103,2735,87,20,47
118021570,6.4,8,5.9,12,911,1782,96,2499,167,56,68
124031461,14.6,19.9,7.6,13.7,130,66,33,5933,23,375,47
124031462,17.7,20.5,11.3,17.7,182,86,57,5992,16,912,39
124031463,19,22.5,11.6,16.3,79,12,11,3595,3,133,29
119011355,13.4,14.2,15.1,20.1,5,null,null,267,4,86,5
119011572,11.2,12.6,10.3,14,211,124,17,3541,13,719,51
124051470,17.6,20,2.9,8.8,59,100,42,7754,12,399,54
125011475,null,null,16.1,23.5,null,null,null,null,null,null,null
119011359,15.4,16.1,7.2,11.6,154,74,37,7935,27,1616,61
119021362,10.8,11.4,6,10.3,171,140,36,4901,19,1144,75
119021363,11.2,11.5,6.5,10.6,486,603,73,6940,36,2891,125
119021364,10,11.1,8.3,13.9,152,346,89,6339,96,1420,74
119021366,11.1,11.8,7.2,11.5,125,91,23,4655,18,966,96
119031369,14.6,14.1,3.7,7.9,274,182,51,6014,35,3171,72
119031374,13.2,13.2,5.3,10,352,169,31,6061,16,2115,63
120021387,5.9,7.8,7.1,12.1,453,1531,107,3237,193,45,111
119021367,11.9,12.2,5.5,9.5,82,77,20,3788,5,647,47
119021573,12,11.8,4.3,8.3,215,61,21,3182,7,1112,112
119021574,12.8,12.6,2,5.5,73,16,9,2108,3,745,64
119041376,11.3,11.6,4,8.4,372,213,51,6452,41,2537,87
119041380,10.4,11.8,4.7,9.6,176,202,41,4105,20,419,61
119041381,11.5,11.8,7.6,12,298,343,57,4165,26,3240,77
119041382,12.2,12.9,5,8.4,132,206,46,4988,19,339,41
120011385,7.7,9.4,6.1,10.4,235,1698,104,5063,135,58,81
120021388,5.9,8,7.1,12.2,815,2397,234,6089,465,1091,188
120021389,5.5,7.7,8.3,14.3,420,1694,116,3342,226,179,94
125041490,12.1,14.3,10.6,14.9,56,355,26,2437,15,49,23
125041492,14.6,15,15.9,19.1,1114,881,45,5393,44,4434,100
125041493,11.7,14.6,8.6,12.7,143,313,58,6060,43,1470,60
125041494,11.1,14.4,7.7,11.3,49,503,31,3543,13,65,30
126011495,12.8,13.6,7.2,11.9,245,361,67,6292,60,3084,54
120031390,9.3,10.3,8.2,13.4,557,453,95,4474,112,4228,91
126021591,10.6,10.8,8.7,13.3,364,1974,117,7750,67,686,87
127011504,13,15.5,8,14.5,43,154,16,3271,8,134,31
127011592,2.4,11.5,15.8,17.9,null,null,null,12,null,null,null
120031392,9.8,10.5,5,9.7,89,181,40,2569,58,1267,37
120031393,10.1,10.5,4.5,9.6,171,332,58,4724,58,836,57
120031395,8,8.8,5.5,11.8,250,368,56,3026,146,1791,60
120031396,13.2,12.5,14.2,19,312,105,37,3396,44,2702,81
125031479,10.2,13.2,11.6,15.7,104,108,14,4408,10,643,61
125031481,12.1,13.6,12.1,15.8,202,147,31,4554,27,1697,69
125031483,9.5,12.2,9.3,12.9,80,121,9,4224,8,642,51
121011398,8.3,8.6,12.6,16.7,1490,755,55,4252,92,4444,107
126021503,12.8,12.5,9.1,14.3,299,336,56,4867,49,2859,56
121011400,8,9.2,12,15.9,589,2300,138,6591,144,755,110
121011401,6.3,7.6,13.9,19.1,700,652,54,1889,62,1773,66
121011402,7.9,8.6,8.5,12.8,415,2432,105,5950,133,187,96
121021403,17,17.1,12.2,23.3,122,82,55,5325,34,1369,37
122021420,10.2,16.9,2.2,9.8,233,300,48,3853,38,19,52
122031427,10.8,11.6,4,8.2,137,739,58,3518,36,52,37
122031429,12.1,11.4,5.2,11.7,509,1446,197,6389,212,16,84
126021497,11.1,12.3,6.1,11.2,438,457,42,5982,59,2235,74
126021498,10,10.5,10.3,14.7,188,1200,78,4234,49,29,58
121021578,15.9,15.6,8.4,18.5,210,41,23,2353,19,1229,18
122031430,9.5,10.3,4.8,9.4,298,1349,145,4536,147,17,56
122031431,8.9,12.8,3.7,8.5,262,1515,164,8158,76,14,78
122031432,14,15.1,13.4,18,56,82,6,1192,7,11,6
123021437,21.1,24.7,9.5,17.4,184,73,33,5120,14,990,40
121041417,4.6,7.4,14.3,19.5,1064,450,49,1565,67,1891,109
122011419,13.3,11.7,5,10,881,1137,187,4298,245,35,96
122031424,6.9,10.4,1.2,4.6,146,656,70,4426,34,7,62
122031425,7.9,11.3,5.3,11.9,49,290,67,2507,31,null,14
122031426,8.2,11.2,3.3,8,673,2503,196,7802,151,23,112
123021438,18.2,22.6,6.8,13.3,71,69,38,6917,14,549,36
123031447,32.5,33.9,9.6,19.2,118,17,20,5802,9,164,32
123031448,25.7,31.1,7.5,16.1,85,14,22,3328,3,35,19
124011450,18.1,26.2,5.6,12,119,24,47,6235,34,911,43
124021456,null,null,40.4,48.6,null,null,null,null,null,null,null
124031457,14.3,19.4,3.3,8.9,66,74,29,5637,25,428,33
124031458,17.1,22.3,8,12.8,73,72,58,8698,13,611,39
124051469,17,19.4,18.1,21,17,19,8,2861,4,137,20
123021439,null,null,null,null,null,null,null,null,null,null,null
123021440,22,23.6,15.7,20.9,149,65,24,5545,18,1452,42
123021443,19.9,23.5,11.8,18.9,108,83,42,5777,10,1084,50
123021444,20.8,25.7,7.9,14.3,73,107,37,6435,10,589,42
124031460,20.5,23.2,3,8.6,80,86,41,8565,22,445,45
124041467,17.5,19.9,14.7,17.2,117,31,45,5775,26,264,41
124051580,15.6,18.5,6,12.2,48,50,42,3635,9,251,13
125011583,14.7,14.3,12.5,16.4,166,49,13,2177,17,1428,43
127011596,17.7,19.8,6.6,12,50,71,9,4028,5,255,28
125011584,10,12.3,13,16.9,33,31,6,1939,6,384,37
125011586,13,12.9,13.3,17.3,238,115,25,4552,35,2556,60
125011587,10.6,13.4,13.5,17.3,33,14,3,1225,7,377,8
125021477,10.8,13,14.8,18.3,120,451,95,6370,48,487,75
125031487,5.5,7.5,16,18.5,null,null,null,null,null,null,null
127011593,15.4,18.3,4.1,9.6,26,51,6,2550,3,87,15
127011594,15.8,17.8,5,10.6,42,128,11,3904,4,204,25
127021509,14,16.8,5.2,10.3,36,162,6,4613,7,262,23
127021512,12.1,15,4.5,8.6,74,130,21,4527,11,314,25
127031600,18.6,20.8,14.7,18.1,55,96,19,5799,8,569,47
127031601,13,14.9,11.8,16.7,209,29,3,1027,null,322,12
128011605,12.2,15.2,null,5.4,12,6,8,1118,4,99,7
128021533,18.4,20.6,10.1,16.1,52,6,4,2113,9,371,18
128021534,16.2,17.8,3.6,10.9,27,43,12,4028,3,323,25
128021535,16.4,18.6,10,15.8,145,76,29,7980,19,625,58
128021537,12.5,12.6,22.4,31.1,null,null,null,null,null,null,null
127021513,12.3,15.3,4.9,9.5,134,86,8,4963,16,912,44
127021515,11,14.2,8.5,12,135,76,12,3245,21,781,43
127021516,11.1,14.2,6.1,9.7,68,84,25,4605,16,441,32
127021517,12.3,15.8,7.7,11.7,24,65,3,2289,3,142,24
127031522,15.9,18.2,7.9,12.1,73,95,22,4647,12,484,41
127031524,20.5,21.6,23.5,36.1,266,89,63,6831,62,1282,70
128021608,17.1,18.6,4.2,9.7,27,11,15,2329,14,505,18
