Year,SA2 Code,highest year of school completed (persons over 15) over year 8,persons with post school qual - bachelor ,highest year of school completed (persons over 15) over year 11,highest year of school completed (persons over 15) over year 10,highest year of school completed (persons over 15) did not go to school,persons with post school qual - with a post-school qualification,persons with post school qual - grad dip/grad cert,persons with post school qual -inadequately described,highest year of school completed (persons over 15) not stated,highest year of school completed (persons over 15) over year 12,persons with post school qual - adv diploma,persons with post school qual -certificate,persons with post school qual - postgrad,highest year of school completed (persons over 15) over year 9
2016,101041021,4.6,12.6,7.1,26.7,0.1,64.4,3.3,13.2,9.8,42.4,9.1,23.6,2.7,9.4
2016,101041022,16,24,null,null,null,64,null,28,28,36,12,12,null,null
2016,101041023,7.4,6.5,9.1,29.8,0.4,53.8,1,16.6,14.5,29.1,6.5,21.6,1.4,9.7
2016,101021008,6,8.8,6.9,25.1,0.5,53.5,1.9,9.2,7.5,47,8.3,22.3,3,7.1
2016,101041024,5.4,9.1,7.6,33,0.2,62.3,1.7,11.9,9,35.6,8.9,28.5,2.4,9.2
2016,101041026,5.8,9.8,7.2,29.8,0.3,60.7,2,12.3,9.7,37.7,9,25.1,2.6,9.6
2016,103031073,9.4,5.8,7.2,32.1,0.4,53.5,0.7,16.4,14.9,25.4,5.7,23.4,1.2,10.5
2016,103031075,null,null,null,null,null,null,null,null,null,null,null,null,null,null
2016,101021010,3.2,16.2,6.9,19.1,0.4,62.7,2.2,8.4,6.7,58.7,9.6,19.2,7.1,4.8
2016,101021011,2.2,15.6,5.9,19.1,0.2,69.1,3.5,12.3,10.9,57.1,10.9,20,6.9,4.5
2016,102011032,3.9,14.7,6.2,24.2,0.4,62.6,1.5,11.5,9.1,49.3,10,21.2,3.7,6.9
2016,103041077,7,11.3,6.4,28.7,0.5,57.2,1.6,12.8,10.8,37.3,7.7,21,2.7,9.3
2016,103041078,4.2,13.5,7,28.6,0.5,61.7,2.1,9,7.3,45.1,9.1,24.7,3.4,7.4
2016,103041079,4.9,12.1,6.6,30.5,0.1,61.3,1.5,11.1,9.2,40.7,9.1,24.5,3,7.9
2016,104011081,6.9,6.6,7,35.6,0.4,55.8,1.2,13.6,10.9,28.3,7.2,25.8,1.4,10.9
2016,101041017,5.9,6.8,7.5,32.3,0.3,56,1.6,14.5,11.7,32.4,7.2,24.4,1.5,10
2016,101041020,5.3,11.2,8.8,30.1,0.3,63.3,2.4,12.4,9.8,37.7,8.8,26,2.6,7.9
2016,104021083,3.8,17.2,7.2,24.8,0.2,67.5,2.8,10.9,9.2,47.7,11.1,21.3,4.4,7
2016,104021086,4.6,10.2,7.8,32.2,0.2,64.2,1.8,12.3,10,37.8,9.6,27.7,2.5,7.6
2016,101031013,8.4,8.1,7.6,30,0.9,50.8,0.8,12.1,9.5,33.2,6.6,22.3,1.1,10
2016,105011094,8.4,6.8,7.4,26.1,0.9,51.8,0.6,20.9,18.9,29,5.2,17.3,0.9,9.4
2016,105011095,6.2,7.4,6.5,30.4,0.5,49.8,0.9,16,14.3,31.9,5.7,19.2,1,10.1
2016,109031183,7.1,7.5,14.8,24,0.4,51.6,0.8,14.9,12.2,31.3,7.6,19.8,0.9,10
2016,101061542,3.1,16.4,6.5,21.3,0.2,66.1,3.5,9.9,8,55.7,10.1,19.7,6.5,5.3
2016,101021012,2.8,15.2,6.7,19.1,0.2,62.7,3.4,6.3,5.1,61.2,11.2,19,7.6,4.9
2016,101061543,7.1,7.5,8.3,32.7,0.6,51.7,1,12.2,10.6,30.5,6.6,23.4,1,10.1
2016,101061544,7.5,8,6.7,31,0.5,52.7,0.9,13.4,11.1,32.7,7.6,21.5,1.3,10.6
2016,101051539,5.6,7.6,6.6,30.2,0.5,57.6,1.3,15,13.3,34.6,8.4,23.3,1.9,9.1
2016,102011041,2.7,17,6.8,26.3,0.1,66.5,2.3,8.3,5.6,52.4,11.7,23.2,4,6.1
2016,102011042,5.5,9.2,6.7,29.7,0.4,55.6,1.4,11.9,9.6,38.1,8.3,22,2.7,10
2016,104021088,2.7,15.9,7.7,27.9,0.2,67.2,2.2,9,6.9,48.2,11.4,25.4,3.5,6.5
2016,104021089,5.6,11,7.9,31.2,0.2,58.5,1.7,9.6,7.5,38,8.9,25.3,2.1,9.5
2016,104021090,5.5,10.7,7.1,32.6,0.1,59.7,1.6,12.1,9.8,33.8,8.2,24.8,2.1,10.9
2016,101061541,4.4,11.8,7.5,25.6,0.3,59.7,1.9,13,11.4,43.9,8.1,22.1,2.7,7
2016,109031185,7.8,7.2,12.7,25.8,0.3,53.4,0.9,16.1,13.5,29.7,6.6,21.9,0.8,10.2
2016,110011186,4.1,14.7,5.8,19.4,0.3,61.5,2.7,11.3,9.4,54.6,7.2,17.2,8.4,6.4
2016,102011039,2.1,18.3,6.6,24.5,0.2,65.7,2.4,8.1,5.8,55.3,11.3,21,4.8,5.5
2016,102021044,5.1,8.9,7.3,32.5,0.2,57,1,11.2,9.3,36.4,8.6,25.6,1.6,9.2
2016,102021046,6.1,5.8,7.6,36.3,0.4,54.3,0.8,11,9.3,29.2,7.8,28,1,11.2
2016,102021047,4,9,7.4,33.1,0.2,57.5,1.3,8,6.4,39.8,9.5,27.8,1.9,9
2016,102021048,6.3,5.4,7.5,33,0.3,52.8,0.7,14.1,12.5,29.6,6.9,24.9,0.9,10.8
2016,102021049,3.3,11.9,6,29.8,0.3,63.6,1.6,12.6,10.1,43.9,10.5,23.9,3.1,6.8
2016,102021051,3.3,14.2,7.2,28.8,0.3,62,1.6,7.5,4.9,49.1,11.1,24.2,3.4,6.5
2016,103011061,6.1,6.3,6.2,32.8,0.3,55.2,0.9,17.7,15.8,29.8,6.3,22.8,1.2,8.7
2016,103021063,8.6,6.6,6.6,33.5,0.4,50.2,1,13.3,11.2,28.3,5.9,22.4,0.9,11.4
2016,103021066,7.5,7.7,6.5,32.6,0.2,52.5,0.9,14.8,12.3,30.4,6.7,21.3,1,10.7
2016,103021069,6.8,6.7,6.6,33.7,0.1,52.7,0.8,17.4,14.9,27.8,5.2,21.7,0.8,10
2016,103031070,6.4,6.1,6.9,33.6,0.3,54.7,1,16.6,14.7,28.1,6,23.9,1.1,10
2016,102021057,6.3,6.8,7.7,31.7,0.5,52.3,0.8,12,9.6,33.6,7.6,23.9,1.2,10.6
2016,102021056,4.8,8.2,8,31.6,1.1,54.8,1,7.9,6.1,39.6,9.8,26,1.9,8.8
2016,105021097,9.2,6,7.7,33.1,0.3,51.3,1.2,14.3,13.1,24.9,5.4,23,1.3,11.9
2016,106011107,4.4,8.8,7.7,34.4,0.2,59.7,1.2,10.4,8.6,35,8.3,29.4,1.6,9.7
2016,105031100,5.7,10.1,7.5,31.2,0.5,56.5,1.8,11.1,9.3,37.6,6.8,24.5,2.3,8.3
2016,106011108,6.8,4.7,7.8,33.4,0.3,53.1,0.6,15.5,14.2,25.7,5.7,25.8,0.7,11.8
2016,106011110,5.7,8.9,6.9,36.1,0.2,58.7,1.3,12,9.7,31.8,9.1,25.8,1.9,9.6
2016,106011111,7,4.1,7.3,38.3,0.2,49.7,0.5,10.8,9.2,24.3,5.5,28.1,0.6,13.7
2016,106021116,2.7,15.3,7.3,30.3,0.1,64.7,2.1,7.8,6.1,46,10.6,25.3,3.7,7.6
2016,106031119,4.1,8.9,8.6,32.1,0.4,61.4,1.5,13,11.5,33.4,8.9,27.5,1.7,9.7
2016,106031124,5,8.6,7.1,36,0.3,59.1,1.4,11.6,7.9,31.8,9.7,25.9,2,11.5
2016,106031125,3.8,7.5,7.7,33.2,0.2,60.4,1,11.9,10.1,35.5,9.6,28.9,1.6,9.6
2016,105031103,4.9,11.2,6.5,32.7,0.1,62,1.4,13.7,10.9,36.9,7.8,26.4,1.5,8.2
2016,105031104,9.5,7.1,6.7,33,0.3,50,0.6,14.3,11.4,27.6,5.6,21.6,1,11.6
2016,107021135,null,null,null,null,null,null,null,null,null,null,null,null,null,null
2016,107031136,4.3,7.9,8.4,36.4,0.4,58,1.2,8.1,6.2,35.8,9.1,30,1.7,8.5
2016,107031138,3.5,15.5,6.5,27.9,0.2,66.3,2.8,9.9,7.7,47.6,11.8,21.5,5,6.7
2016,105031101,5,12.8,6.9,29,0.3,59.5,1.7,10.9,9.4,42,7.6,23.8,2.7,7.5
2016,107041150,4.3,14.4,6.2,27.4,0.3,64,2.5,8.2,6.1,47.2,10.4,23.1,5.3,8.6
2016,110011188,5.3,11.8,6,28.9,0.2,62.7,1.9,11.6,9.9,42.3,9.1,23.7,4.3,7.4
2016,110021191,7.7,7.7,6.8,32,0.3,51.9,1,12.5,10.5,32,6.1,23.8,0.8,10.8
2016,110021193,8.8,7,6,31.9,0.3,50.8,0.9,15.7,13.9,28.9,6.4,20.2,0.7,10.1
2016,107031142,6.4,7.4,7.6,35.3,0.7,55.1,1.1,8.6,6.6,34.4,9.2,27,1.7,9
2016,107041145,6.5,11,6.5,29.2,0.7,57.8,1.5,8.8,7,41,9.2,24,3.2,9.1
2016,107031139,3.4,16.4,7.2,28.6,0.1,68.5,3.1,7.2,4.9,48.6,12,25.8,4.3,7.3
2016,108051170,6.5,7,6.1,35.3,0.2,56.9,1.2,13.8,11.4,28.6,7.8,25.8,1.3,11.8
2016,108051171,7.8,6.1,7.2,36.6,0.3,50.8,1,11.7,9.3,26.3,6.2,24.9,0.9,12.5
2016,107031140,3.4,17.7,5.7,25,0.4,70.1,3.1,12,10.5,48.6,11.2,21,4.8,6.4
2016,107041147,2.3,15.2,6,29,0.1,67.7,2.4,9.4,6.9,50.1,10.9,24.7,5.2,5.6
2016,107041148,2.1,21.8,5.7,21.8,0.1,72.6,3.8,7.5,5.8,59,10.8,18.4,10.2,5.5
2016,109031182,7,7.2,10.5,26.7,0.5,54.1,1.1,15.7,13.8,30.8,6.5,22.1,1.3,10.5
2016,107041548,3.6,19.2,4.5,16.8,0.7,68.2,2.4,15.2,13.5,56.6,8.2,15.5,7.8,4.4
2016,108021160,7.3,7.2,6.7,35.9,0.3,54.9,0.9,12.3,9.8,28,7.3,26.3,1.1,12
2016,108031161,1.2,12.5,7.3,25.1,null,68.2,null,14.4,11.3,48.9,8.9,30.9,2.1,3.1
2016,108041162,5.2,8.3,7.3,34.6,0.2,58.5,1.3,12.2,10.1,30.9,8.5,26.6,1.6,11.6
2016,109031181,7.1,6.5,13.2,26.6,0.2,52.9,1,14.6,12.4,30.7,6.8,23,1,9.6
2016,108041163,4,12.8,7.7,29.3,0.2,62.3,2.1,10.6,8.2,42.9,10.2,23.6,3,7.8
2016,108041164,6.4,8,7.5,30.9,0.3,56.2,0.9,13.3,10.9,33.6,8.9,23.3,1.7,10.3
2016,107041549,5.5,17.6,5,17,1.3,60.5,2,8.2,6.5,59.6,8.6,16.8,7.1,5.1
2016,108051167,8.3,8.1,6,34.2,0.2,53.7,1.4,12.2,10.2,28.6,7.6,23.3,1,12.4
2016,109011175,5.8,9.5,10.3,30.1,0.2,57.8,1.4,11.6,9.2,35.1,9,24.6,1.7,9.3
2016,111021219,5,10.7,7.3,31.3,0.3,58.2,1.3,10.3,8.2,36.9,8.6,24.2,3.1,10.9
2016,111021221,5.2,5.8,8,41.3,0.3,53.7,0.8,6.9,5.4,27.5,7.1,32,1.2,12.5
2016,110031198,6.7,8.2,6.6,30.4,0.5,51.8,0.9,17.4,15.4,32.4,5.9,18.5,0.7,8.4
2016,113011257,7.6,7.5,7.6,32,0.6,50.5,0.9,14.4,12.1,31.3,5.7,21.2,0.9,8.9
2016,110041205,6.3,8.7,6.6,32.9,0.2,57.5,1.2,13.2,10.8,33,8,25,1.5,10.1
2016,111011208,4.4,15,6.3,29.4,0.4,61.5,1.8,7.7,6,44.8,9.4,24.3,3.5,8.6
2016,115011557,1.9,24.9,4.6,13.4,0.7,66.1,1.8,5.6,3.6,72.5,10.8,12.1,11,3.5
2016,108021155,8.2,5.1,6.5,30.8,0.4,55.3,0.7,20.4,18.3,24.3,5.3,23.1,0.8,11.5
2016,108021159,5.7,9.5,7.5,33.9,0.3,58.9,1.5,12.4,10,32,7.9,26.2,1.6,10.5
2016,109011176,6.9,6.4,10.3,29.7,1.2,53.3,1,12.2,10.1,31.6,6.9,25.5,1.3,10.2
2016,113021262,6.2,8.3,7.8,32.9,0.4,55.1,1.1,13.2,11.4,31.8,7.8,23.7,1.1,9.6
2016,113031265,5.2,6.2,6.3,27.4,0.3,62,0.7,28.6,26.9,25.7,5.3,20.2,0.9,8.3
2016,113031266,7.5,7.8,6.8,35.5,0.3,49.8,1.1,12,10,28,5.8,22.5,0.7,11.8
2016,109021178,8.6,7.2,15.1,23.1,0.4,54,1.2,16.2,13.8,29.1,6.9,21.6,0.9,10.1
2016,109021179,9.5,5.9,12.5,23.7,0.5,48.6,0.7,17.4,15.8,27.9,5.2,18.8,0.9,9.9
2016,109031180,7.4,6.6,14,27.8,0.3,53.6,1,14.1,11.7,29.3,6.7,24.3,1,9.5
2016,113031267,4.3,12.8,7.9,29.1,0.3,60,2,8.2,6.3,44,8.6,25.1,3.3,8
2016,110041199,7.1,7.7,7.4,32.9,0.5,53.1,1.1,12.7,11.3,31.5,6.1,23.9,1.4,9.4
2016,112031250,4.2,13.6,7.2,26.4,0.2,62.5,2,12.7,11.1,44.2,10,21.1,3.1,6.8
2016,112031251,6.8,8.9,7.9,30.5,0.3,57.2,1.5,13.4,11.4,34.4,8.1,23.7,1.7,8.5
2016,112031252,4.5,11.4,7.8,29.7,0.3,63.1,2,14.8,12.2,38.3,9.5,22.9,2.4,7.2
2016,112031253,4.5,11.8,7.6,29.8,0.2,61.4,1.9,11.2,9.2,41.7,9.2,25,2.4,7.1
2016,112031254,4.9,8.5,7.9,30.3,0.3,57.1,1.2,14.2,12.1,36.4,8.3,23,1.9,8.1
2016,112031550,5.6,8.3,8,32.3,0.2,53.8,1.3,10.1,7.4,37.6,9,23.8,1.4,8.9
2016,112031552,8.3,5.8,7.6,31,0.5,50.5,0.8,13.3,11.9,30.5,7.1,22.6,0.9,10.3
2016,111031228,2.2,24.6,5.5,19.4,0.3,69.9,2.8,7.6,5.8,61.7,10.4,17.1,7.3,5.1
2016,111031230,null,null,null,null,null,null,null,null,null,null,null,null,null,null
2016,111031231,4.6,10.6,4.3,19.1,0.8,47.7,0.8,8.8,7.3,56.2,6,17,4.5,7.7
2016,110041201,7.3,6.2,7,33.1,0.4,50.5,0.8,15,12.9,28.7,6.4,21.3,0.8,10.6
2016,110041203,5.2,13,6.3,27.8,0.5,60.6,2,12.6,10.5,41.8,8.1,21.9,2.9,8
2016,114011275,9.5,26.2,null,26.2,null,92.9,null,23.8,23.8,47.6,11.9,42.9,null,null
2016,111011209,4.3,12.7,6.6,30.6,0.3,59.5,1.7,7.7,5.9,42.8,8.7,25.5,3.3,9.4
2016,114011276,4.2,13.7,7.3,26.9,0.3,66.7,2.9,11.3,8.9,43.8,10.2,23.3,5.5,8.3
2016,114011279,7.1,5,7.2,35.1,0.3,53.7,1,11.9,9.6,27.9,7.7,27,1,12.8
2016,111011210,7.1,6.4,7.9,31.8,0.4,49.9,1,11.3,9.6,28.8,7,22.9,1.3,14.4
2016,111011211,4.6,15,5.2,28.8,0.2,62.4,2.2,9.9,7.8,43.3,9.3,22.5,3.8,10.1
2016,111011214,4.5,13.3,6.5,31.5,0.3,60.6,1.8,8.3,6.1,41.5,10,24.1,3.1,9.7
2016,111021215,5.5,7.9,7.6,34.7,0.2,55.8,1.3,11.1,8.8,31.5,7.7,26.2,1.6,11.5
2016,111031222,3.5,18.5,6,25.2,0.4,64.2,2.3,6,4.5,53.4,10.5,22,5,7.1
2016,114011283,4.5,9.1,5.9,34.7,0.3,63.5,1.8,12.4,10.7,34.6,8.4,29.2,2.8,9.3
2016,114021285,4.1,7.3,8,36.4,0.3,57.3,1.4,8.6,6.4,36,8.9,29.5,1.7,8.9
2016,111031223,7.1,4.3,7,36.7,0.3,45.6,0.5,9.8,7.9,26.6,5.6,24.7,0.8,14.5
2016,113021260,6.8,6.6,9.5,28.5,0.4,55.3,1.2,18.2,15.9,29.5,6.8,21.7,1.1,9.3
2016,112011239,2.9,14.9,8.1,23.7,0.1,67.4,2.5,13.4,11.3,47.9,11.3,21.8,3.6,5.9
2016,111031225,3.9,18.4,6.1,25.1,0.3,63.7,2.5,7,5.3,52.2,9.9,20.3,5.7,7
2016,112011240,1.8,19.1,6.5,16.7,0.1,72.1,2.3,19.2,17.5,53.8,9.6,17.4,4.4,3.5
2016,112011241,6.5,7.5,7.3,33.9,0.2,55.6,1,13.8,11.9,29.7,6.9,25,1.5,10.7
2016,112011242,2.5,19.8,7.6,23.9,0.1,68,3,8.7,6.4,53.7,10.7,20.6,5.3,5.9
2016,112021244,9.3,5,7.3,35.5,0.5,47.5,0.6,12.5,10.7,25.1,5.2,23.4,0.7,11.8
2016,112021245,8.6,6.1,7.4,34.6,0.3,52.5,1,14,12,26.8,6.5,24.2,0.8,10.5
2016,112021247,7,8.5,7.6,33,0.3,54.4,1.4,13.6,12,30.9,7.5,21.9,1.4,9.1
2016,112021249,4,14.6,7.4,28.5,0.2,65.6,2.6,12.4,10.2,43.1,9.8,22.7,3.5,6.5
2016,111031226,3.5,11.5,7.7,32,0.3,57.5,1.4,5.7,4,44.1,8.9,26.5,3.5,8.3
2016,115021298,3.1,16.8,6.1,24.1,0.7,66.2,2.1,8.1,5.5,54.7,11.9,21.9,5.4,6.2
2016,115031300,3.6,10.6,6.7,32.9,0.3,62.7,1.7,9.2,7.4,41.2,10.4,27.9,2.8,8
2016,115041302,2.5,21,5.7,18.9,0.4,64.5,1.9,5.9,3.9,64,11.4,17.4,6.9,4.5
2016,112011236,5.8,10.6,6.6,30.1,0.3,59.1,1.6,14.1,11.8,35.9,8.6,22.2,2,9.5
2016,114021286,3.7,12.5,7.3,26.9,0.3,62.9,1.8,12.8,10.7,43.4,9.4,22.2,4.3,7.6
2016,114021287,4.5,11.3,7.6,29.5,0.4,59.6,1.9,10.5,8.3,41.4,8.8,23.7,3.4,8.3
2016,114021288,3.1,15.5,6.1,25.8,null,69.4,2,11.6,10.6,48.2,10.7,24.2,5.5,5.9
2016,113031269,5.3,11.4,7.9,29.2,0.6,56.7,1.6,8.7,7.2,41,7.8,25.1,2.3,8.8
2016,114021289,2.6,16,5.8,26.7,0.2,67.9,2.6,11.2,9,49,10.9,22.3,4.8,6.8
2016,126021499,2.5,25.3,5.5,12.3,0.3,68.8,2.7,11.4,8.8,65.8,8.9,9.2,11.3,4.6
2016,115011290,2.7,22.4,4.9,17,0.5,68.1,2.3,7.1,4.9,65.6,10.7,15.4,10.1,4.4
2016,115011559,2.1,21.9,5.6,17.3,0.5,65.1,2,5.6,3.5,66.8,11.4,15.8,8.3,4.2
2016,115021297,3.4,17,5.8,23.3,0.6,63.3,1.8,8.7,6.2,54.7,10.6,20.3,5,5.9
2016,126021500,2.3,28,2.9,7.9,0.8,70.2,1.9,8.9,7.1,76.5,8.4,8.1,14.9,2.6
2016,113031270,5.2,12.7,6.8,24.7,0.5,57.8,1.5,12,10.8,44.2,6.4,21.7,3.6,7.9
2016,113031271,5.4,9.5,7.4,31.2,0.2,57.9,1.2,12.8,10.9,36.1,7.5,25.3,1.7,8.8
2016,114011273,5.9,8.7,6.7,33.4,0.3,60.1,1.3,12.2,9.4,34.5,8.8,26.7,2.1,9.6
2016,115011291,2,23.7,5.1,16.3,0.6,67,2.2,5.2,3.1,69.3,11.7,14.5,9.7,3.6
2016,126021501,4.2,23.6,4.2,15.1,1.4,64.9,2.1,6.5,4.7,66.1,9.5,13.5,9.8,4.4
2016,115011294,1.7,21.5,5.1,21.9,0.4,65.9,2.5,7.1,4.2,61,12.7,16.5,5.7,5.6
2016,123021441,4.4,9.2,6.8,29.5,0.7,54.1,1,8.5,6.4,43.3,8.7,23.7,3,8.8
2016,116011560,5.4,14.3,5.8,20,1.4,54.6,1,8.8,6.6,55.2,9,16.5,5.1,5.7
2016,116011561,6,14.2,5.7,19.8,1.7,54.8,1,8.5,6.7,54.4,9,17.1,5,5.6
2016,123031446,2.9,11.1,6.4,33,0.3,62.8,1.6,8.3,7.1,43.2,10.7,28.2,2.7,7.1
2016,115011556,2,25.5,4.8,14.1,0.8,68.5,2.5,5.9,3.8,70.7,11.3,13.5,9.7,3.9
2016,124011449,2.5,18.2,6.2,22.5,0.3,69.2,3.2,10.3,8.6,53.8,11.1,19.4,7,5.9
2016,124011451,null,null,null,null,null,null,null,null,null,null,null,null,null,null
2016,115011558,2.1,27,4.9,12.2,0.5,68.9,3.1,5.9,3.8,73,10.8,10.2,11.8,3.5
2016,116011303,4.7,17.2,4.6,16.9,1.4,61.2,1.2,9.4,7.8,59.8,9.8,15.5,8.1,4.8
2016,124051581,6.4,7.3,6.8,26.5,1,50.7,0.6,14.4,12.3,38.7,6.7,19.6,2.1,8.3
2016,125011473,1.2,24.5,2.9,7.1,0.7,76.8,1.9,22,20.9,65.6,8.5,8.4,11.4,1.6
2016,116011307,4.4,14.1,5.5,23.1,0.8,58.8,1.6,9.4,7.3,52.7,9.4,19.6,4.8,6.1
2016,125021478,3.3,21.2,4.5,14.8,1.3,63.1,1.7,8.4,6.3,65.4,9.8,13.5,8.5,4.4
2016,116021309,2.5,22.7,5.3,15,0.8,62.7,1.6,5.1,2.4,70.4,10.1,13.7,9.5,3.6
2016,125041491,2.4,26.5,3.5,11.5,0.8,74.8,2.1,10.9,8.8,69.7,8.4,11.4,15.5,3.3
2016,116021310,2.1,23.2,4.8,13.8,0.5,69.4,1.9,10,8.5,67.3,10.7,14.1,9.4,3
2016,116031314,4.3,14.3,6.8,20.4,1.1,55.4,0.9,7.8,5.2,56.5,9.4,18.9,4.1,5.7
2016,116031315,3.9,14.8,6.3,20.7,1,53.2,0.8,7.5,5.7,57.1,8.9,18.1,3.2,5.3
2016,116021562,2.2,22.4,5.8,15.8,0.7,64.9,1.8,5.3,3.5,68.3,10.3,17.3,7.9,3.8
2016,116021563,2.9,19.1,5.4,19.4,0.7,62.4,1.8,5.8,4.3,62.7,10.4,18.1,7.2,4.5
2016,116031317,7,12,6.5,19.3,2.3,50.3,0.7,10.2,8.2,49.9,7.6,15.8,4,6.8
2016,117011320,null,14.3,null,38.1,null,42.9,null,14.3,null,38.1,null,19,null,14.3
2016,117011324,null,null,null,null,null,null,null,null,null,null,null,null,null,null
2016,121031412,1.4,29.6,4.9,10.5,0.3,71.8,3.1,8.2,5.8,73.6,9.8,8.4,12.7,3.5
2016,121041413,0.9,33.9,3.6,7.7,0.2,79.9,3.7,9.5,7.6,78.6,10.7,8.2,13.9,1.5
2016,121041414,0.8,35.4,3.1,6.6,0.2,81.6,3.8,9.1,7.4,80.5,9.9,7.5,16,1.4
2016,121041416,0.9,34.3,3.2,6.6,0.2,80.7,3.3,11.5,9.9,77.8,9.7,7.4,14.5,1.4
2016,117011322,5.4,20.6,4,12.2,1.8,60.6,1.3,9.1,7.4,66.1,8.8,12.4,8.3,3.2
2016,122021421,2.1,19.9,5.3,19.1,0.2,69.2,2.2,11,7.9,61.2,12.4,17.3,6.5,4.1
2016,122021422,1.3,22.6,6.3,17.8,0.1,70.6,2.6,6.7,4.4,66.7,13.7,18.6,6.6,3.4
2016,124011454,2.6,16.5,6.5,26.1,0.2,66.8,3.1,6.7,4.8,53.7,12.2,22.1,6.1,6.3
2016,121021406,1.9,25.5,5,14.2,0.6,69.3,3.3,6.8,4.6,69.7,10.3,12.3,11.2,3.9
2016,117021328,4.5,23.3,4.7,12.1,1.8,65.9,2.8,8.8,7.5,67,9.5,12.9,8.4,2.4
2016,117031336,2,31.4,2.9,5.9,1,78.4,2.5,15.7,14.4,72.3,8.7,7.5,12.6,1.6
2016,117031330,1.1,33.2,3.3,6.9,0.4,79.8,3.6,10.2,9.1,78,9.3,9.4,14.1,1.2
2016,117031331,1.8,29.8,3.1,7.4,0.6,75,2.9,12.6,11.4,73.5,7.7,7.2,14.9,2.2
2016,101041025,4.8,10.8,10.9,26.7,0.2,60.6,2.1,12.9,10.6,39.4,8.7,23.8,2.2,7.6
2016,121031409,1.4,31.7,4.3,8.3,0.3,72.4,3.6,5.7,3.9,78.9,9.2,6.8,15.4,3.1
2016,121031410,1.6,29.3,4.9,9.9,0.3,71.5,2.8,6.8,4,76,10.8,8.5,13.3,3.3
2016,121031411,1.3,28.8,5,11.1,0.3,72.3,3.3,8.3,6,72.7,10.3,9,12.5,3.6
2016,117031338,2.5,25.6,3.8,6.9,0.9,69.2,1.9,13,11.2,72.7,8.1,9,11.5,2
2016,124031459,4,10.8,6.5,29.9,0.4,58.7,1.7,9,7,44.7,9.7,23.9,3.6,7.5
2016,118011341,1.6,29.3,3.6,7.7,0.3,76.4,2.4,16.2,14.4,70.3,8.7,8.4,11.2,2.2
2016,101041027,5.7,9.9,7.5,28.6,0.3,61.3,2.1,14.6,12,36.8,8.4,23.9,2.4,9.1
2016,103031072,5.3,9.9,8.1,30.7,0.3,59.1,1.3,13.5,11,36.7,7.3,25.7,1.5,7.9
2016,118011344,1.4,30.8,3.7,8.4,0.1,73.9,2.3,10.1,7.3,76.7,10.7,9.9,10,2.3
2016,118011347,1.1,35.2,3.4,5.9,0.2,79.3,2.8,13.6,11.6,76,7.8,6,13.8,1.9
2016,118021348,1.6,29.4,3.6,9.6,0.3,76,3.1,11.7,10.3,72.3,9.1,10.8,12,2.4
2016,119011354,7.7,9.5,5.6,21.6,3,47.5,0.7,10.3,8.2,47.3,8.1,16.6,2.4,6.6
2016,103031074,6.3,7.2,6.3,31.6,0.3,58.2,1.1,17.3,14.8,30.5,6.5,24.9,1.2,10
2016,119011356,7.6,11.7,6.1,18.1,2.8,48,0.8,8.8,6.8,53.3,8.2,15.6,2.8,5.5
2016,119011357,7.6,11.2,5.4,18.1,3.4,47.4,0.8,10.3,8.2,52.4,7.7,13.9,3.5,4.9
2016,104011082,6.3,8.5,7.2,33.8,0.2,57.1,1.4,13.2,10.4,31.7,7.7,24.8,1.6,10.5
2016,104021084,5.7,9.8,7.7,29.8,0.8,57.2,1.2,12,10,36.8,9.1,23.4,1.7,9.1
2016,120011383,5,22.1,4.4,15.8,1.1,65.1,2.3,7.7,5.7,63.9,10.3,14.5,8.3,4
2016,119011358,5,14.8,4.9,21.8,1.3,56.2,1.4,8.4,6.8,53.7,9.2,17.9,4.5,6.4
2016,120011384,2.4,28.3,3,7.5,1.2,70.8,1.9,8.3,6.5,77.1,8.7,8,15.6,2.3
2016,120011386,5.6,22.2,4,15.2,1.2,67.2,2.6,10.1,7.8,62.4,10.1,13.9,8.3,3.9
2016,119011360,5.6,14.7,5.1,20.8,1.7,55,1.1,8.6,6.7,53.8,9.1,17.3,4.2,6.5
2016,104021085,5.8,10.8,7,25.8,1,61,1.2,16.9,14.7,37.7,8.3,21.4,2.2,8.1
2016,101031014,5.8,9,6.8,27.6,0.5,60.3,1.4,17.2,14.6,36.7,7.4,23.2,2.1,8
2016,119011361,7.9,11.6,5.4,18,3.3,47,0.7,9.5,7.5,52.2,7.8,14.5,2.9,5.7
2016,119011571,6.4,15.7,4.1,12.1,3,53.9,1,10.8,9,61.3,8.9,11.5,6.1,4.1
2016,119031371,3.2,23.3,5,16.3,0.8,65.7,2.4,6.6,4.3,66,10,15,8.6,4.3
2016,119031372,4.4,16,5,21.6,0.9,59.2,1.7,7.9,5.7,55.8,10.4,18.6,4.6,6.8
2016,119031370,5.6,17.3,4.1,14.8,2.2,54.9,1.2,8.7,6.7,61.4,9,12.8,5.8,5
2016,101051540,6.4,8.7,6.5,31.3,0.3,59.7,1.5,13.5,11.2,35.4,8.7,25,2.3,8.9
2016,119031368,4.8,21.2,3.5,9.3,2.4,58.4,1.1,8.3,6.2,70.4,8.6,8.3,10.9,3.4
2016,102011028,2.1,18.8,6.6,24,0.1,68.8,2.7,7.7,5.3,56.7,12.5,22.2,4.8,5.4
2016,119031373,6.8,15,5.1,14.4,2.8,52.2,1,10.5,8.8,56.7,8.2,11.9,5.6,5.5
2016,119041378,4.2,24.5,4,10.5,1.3,66,1.5,8.9,7.3,70.1,9.6,10.9,10.8,2.6
2016,119041375,4.3,23.3,4.6,11.6,1.9,64.1,1.6,9.6,7.9,66.9,9.2,10.4,10,2.8
2016,119041377,7.3,17.7,4.6,15.3,2,56,1.5,7.3,5.9,60.6,10,14.3,5.2,4.3
2016,119041379,5,20.8,4.4,13.6,1.6,61.6,1.5,7.7,5.8,65.8,10.6,13.2,7.9,3.8
2016,102011029,3,14.4,6.4,28.4,0.2,63.7,2.3,8.8,5.9,48.4,11,23.6,3.7,7.7
2016,102011030,4.6,11.2,6,28.9,0.5,62,1.4,13.9,11.8,41.2,9.7,23.1,2.8,7.1
2016,120031391,4.7,24,3.5,8.2,2.3,61.4,1.7,8.2,6.3,72,8.5,7.9,11.1,3
2016,125031480,9,8.4,5.5,16.2,5.4,43.5,0.4,13.2,11.6,46.7,6.6,12.9,1.8,5.6
2016,102011031,3.8,13.2,5.9,26.7,0.3,60.1,1.7,11.7,10.4,44.8,10.1,19.8,3.6,8
2016,120031575,3,28,2.9,7.5,1.4,65,1.6,9.1,6.9,75.8,8,6.9,11.4,2.5
2016,104021091,4.9,10.8,7.3,29.8,0.9,57.3,1.6,12.1,10.2,38,8.7,22.5,1.6,8.9
2016,105011092,7.9,7.3,7.7,24.9,0.8,53.7,0.6,22.9,20.6,26.7,6.5,15.2,1.2,11.4
2016,125031482,5.8,14.8,5.1,23.2,1.5,56.3,1.2,8.1,5.8,52.9,9.3,18.6,4.2,5.7
2016,125031484,7.2,11,5.3,19.5,3.4,49.5,0.8,10.1,7.9,50.6,8.4,15.9,3.3,6.1
2016,105011093,6.7,6.9,8.7,30.9,0.4,54.1,0.9,16.6,14.9,29.4,4.8,23.6,1.5,8.9
2016,120031576,3.9,21.5,4.4,13.9,0.9,62,2.1,8,6.6,66.8,9.8,13.2,7.7,3.4
2016,105011096,9.3,6.9,7.6,27.1,1.1,48.9,0.7,17.9,15.4,29.1,6,16.3,1,10.4
2016,127011592,null,null,5.8,23.1,null,48.1,null,26.9,25,30.8,5.8,9.6,null,15.4
2016,126011496,1.5,28,4.7,11.8,0.5,71.8,3.3,6.8,4.8,73.2,9.9,9.9,13.8,3.5
2016,121011399,1.4,31.1,3.7,7.9,0.6,75,2.9,7.5,5.6,78.5,9.9,8.8,14.6,2.3
2016,107011545,10.2,5.9,7,29.3,2.2,47.9,0.6,10.6,8.7,33.6,7.1,22.4,1.3,9
2016,121021404,2,19.8,6.2,22.4,0.2,68.6,2.8,6.3,4,60.4,11.7,21.1,6.9,4.9
2016,121021577,2.4,28.1,3.4,9.4,0.9,70.7,2.5,6.6,4.6,76.7,10,9.8,13.7,2.7
2016,127021521,11.4,null,8.6,17.1,20,31.4,null,8.6,null,45.7,null,17.1,null,null
2016,122011418,1.4,30.2,5,11.4,0.1,73.3,3.2,7.9,5.4,73.6,11,10.9,10.3,3.1
2016,122031428,2.4,21.4,5.6,18.3,0.4,66.6,2.3,7.3,4.9,64,12.5,16.3,6.8,4.4
2016,127021520,11.9,10.7,4.8,15.9,6.8,41.2,0.6,7.2,5.3,50.2,7.2,13.9,1.6,5.2
2016,123011433,3.5,12.6,6.3,30.3,0.3,62.5,1.9,10.1,8.2,43.7,10.1,24.5,3.3,7.6
2016,127031599,9,6.6,6.7,20,3.7,44.3,0.4,13.3,11.5,40.9,7,15.6,1.5,8.2
2016,128011529,2.5,17.6,5.7,24.1,0.3,66,2.1,6.7,4.5,57.3,12,22.3,5.3,5.7
2016,123011434,3,12.1,7.2,29,0.4,58.6,1.6,7.1,5,48,10.7,24.1,3,7.3
2016,128011530,3.6,15.3,5.3,24.2,0.5,62.6,1.5,9.4,7.4,53.1,10.8,20.9,4.7,6
2016,128011531,3.8,15.5,5.4,23,0.6,61.1,1.4,10.5,7.8,53.5,10.6,19,4.2,6
2016,107011546,13.3,6,6.9,27.5,3,48,0.7,12.1,10.1,31.1,6.5,21.1,1.7,8
2016,128021536,2.5,19.4,5.7,21.6,0.3,67.2,2.6,6.6,4.3,60.5,12.4,19.8,6.3,5.1
2016,128021538,2.9,17.5,5.5,22.4,0.4,67.2,2,9.4,7.1,56.1,11.3,21.4,5.7,5.6
2016,128021607,2.5,13.5,6,30.1,0.2,63.9,1.9,6.3,4.1,50.3,11.7,27.1,3.5,6.7
2016,128021609,1.5,16.3,6.5,27.5,0.2,65.4,2.9,4.7,2.7,57.3,13.2,24.3,3.9,4.6
2016,123011435,3,11.1,7.7,29.6,0.3,57.1,1.3,5.8,4.3,48.1,10.7,25.3,2.8,7.1
2016,123021436,5.2,7.1,7.8,29.7,0.8,50.4,0.8,9.6,7.5,40.3,7.9,23.2,1.8,8.7
2016,109031184,7.7,9.1,17.2,20.6,0.3,53.7,1.4,12.2,10,33.7,7.4,22,1.2,10.6
2016,123021442,4.9,13.2,5.4,20,1,57,0.9,11.3,9.6,52.4,8.1,16.7,6.7,6.6
2016,102011038,3.2,12.2,7,30.3,0.1,63.1,1.7,8.4,6.4,44.4,11.1,27.4,2.5,8.7
2016,102011040,5,8.7,6.7,30.9,0.2,57,1.2,11.9,9.7,37.4,8.8,23.9,2.5,10
2016,123031445,4.6,6.3,7.1,37.4,0.4,55.9,1,9.2,7.7,32.9,8.6,29.4,1.5,9.9
2016,124011455,2.6,18.4,5.9,21.9,0.3,69.7,3.5,9.7,7.6,56,11.3,19,7.6,5.5
2016,102021053,5.3,8.4,6.4,32.3,0.2,56.2,1.2,13.2,11.3,34.6,8.2,23.4,1.8,9.9
2016,102021054,6.1,6.5,6.5,34.7,0.3,55.2,1,14.2,13.5,29,7.6,24.8,1.2,9.9
2016,124031464,6,10,6.7,26.1,0.4,56.3,1.2,12.7,10.9,42,8,20.8,3.6,8
2016,102021055,3.2,11.2,7.3,29.2,0.1,57.7,1.1,9.9,8.2,44,9,24.1,2.3,8
2016,127011506,4.5,11.8,5.8,25.7,0.9,60,1.1,10.7,9.2,48.1,9.7,23.2,3.5,6
2016,124031465,4.5,7.4,7.8,36.7,0.2,55.4,0.6,8.6,6.8,36.1,7.8,29.4,1.7,8
2016,124041466,5.4,9.1,7.5,30,0.4,56.3,1.3,10.5,8.7,39.4,9.1,23.6,2.7,8.7
2016,124041468,5.4,4.9,5.2,32.2,0.4,61,0.6,25,23.6,25,5.7,23.3,1.3,8.3
2016,125011582,8.5,13.7,4.3,11,6.6,45.4,0.7,9.3,7.3,58.2,7.5,8.3,5.8,4.2
2016,127021511,10.7,8.3,5.5,13.5,8.9,34.8,0.4,9,7.5,47.7,5.9,9.9,1.3,6.1
2016,127021514,9.1,11.4,5.3,18.1,5.5,43.6,0.4,5.9,4.5,51.9,8.6,15.5,1.8,5.5
2016,127021518,10.1,8.6,4.5,27.5,1.8,52.8,0.5,13.4,11.3,38,6.8,21.7,2,6.7
2016,125021476,2.3,24.5,4.4,12.2,1.1,65.8,2.3,6.6,4.3,71.6,10,11.3,11.2,4.1
2016,127021519,10.6,8.7,5.2,19.8,5.1,45,0.6,9.3,7.6,45.1,7.8,17,1.7,6.6
2016,103011059,4.8,10.3,7.3,30.3,0.4,58.4,1.8,9.8,8.1,40.4,8.3,26.2,2,8.7
2016,125031485,7.2,14.3,5,16.5,3.7,52.7,1,9,6.7,56.1,9.2,14.3,5,4.8
2016,125031486,null,null,null,null,null,null,null,null,null,null,null,null,null,null
2016,125041489,2.9,22.5,3.8,11.4,1.8,67.8,2,12.3,10.4,66.5,9.2,10.8,11,3.2
2016,125041588,5.6,18.9,4.8,15.3,1.7,60.8,1.5,9.5,7.9,60.4,8.4,10.9,11.5,4.2
2016,103011060,3.7,10.1,6.3,29.2,0.2,67.5,2.5,18.4,15.7,37.8,8.7,25.1,2.7,7.2
2016,125041589,4.2,24.2,3.5,11.5,1.6,66.6,1.8,9.2,6.9,68.7,8,9.3,14.1,3.5
2016,103021062,7.6,6.5,6.5,30.3,0.7,49.2,1.1,17,14.5,30.8,5.6,18.4,0.7,9.4
2016,103021064,7.9,8.5,6.5,34.7,0.5,53.2,1,12.2,9.8,29.5,7.7,22.8,1.1,11.1
2016,103021065,7.4,7.6,7.6,31.3,0.4,53.1,1,14.3,11.8,31.7,6.7,22.4,1.2,9.9
2016,126021590,3.5,24.2,4.6,16.9,0.8,67.3,1.9,6.6,4.5,65.8,10.9,15.7,8,4.1
2016,103021067,6.4,7.4,7.6,32.2,0.3,54.5,1,14.6,12.7,31.7,6.1,24.3,1.2,9
2016,103021068,7.3,6.8,6.6,31.7,0.4,53.2,0.9,15.2,13.1,30.6,6.3,22.6,1.2,10.3
2016,103031071,6.1,6.7,6.6,34.3,0.2,59.7,1.1,17.4,14.9,28.5,7.5,25.5,1.6,9.3
2016,103011058,4.4,12.1,6.4,25.4,0.3,61.1,1.9,13.8,12,44.5,7.8,22.1,3.3,7
2016,127011505,10.8,6.9,5.2,28.2,2.8,48.4,0.5,13,11,33.5,5.9,21,1.1,8.4
2016,127011595,5.4,11.5,5.8,18.3,3.6,49.3,0.7,6.9,4.6,57.6,9.7,18.1,2.3,4.8
2016,127011597,4.2,14.6,6,17.9,2.3,55.1,0.9,7.6,5.6,59.9,10.5,18.2,3.3,4.2
2016,127021510,9.5,11.1,5.3,20.6,3.9,46.7,0.7,7.2,5,49.7,8.6,17.2,2,6.1
2016,105021098,9.7,4.4,8.5,26.2,0.3,51.3,0.7,23.4,18.9,25.6,5.2,16.4,0.8,10.8
2016,127031523,4.8,14.1,5.5,23.1,1.4,57.1,1.1,7.4,5.3,54.3,9.9,20.6,4.1,5.7
2016,105031099,8.1,7.4,6.7,31.9,0.3,52.4,1.1,15.8,12.5,30,5.9,20.9,1.2,10.6
2016,105031105,6.7,8,6.9,31.3,0.4,52.1,0.8,14.4,12.5,32.1,6.4,21.8,0.7,10.1
2016,105031106,6.8,5.6,5.7,27.5,0.3,58.1,0.7,24.9,22.8,26.3,6,20,0.9,10.5
2016,106011109,4.7,8.8,7.7,32.9,0.1,61.8,1.5,14.4,12.6,32.7,8.1,26.7,2.3,9.2
2016,106011112,5,7.9,9.3,33.7,0.2,55.4,1,9.1,7.6,35,6.8,29.1,1.6,9.2
2016,127031598,8,11,4.9,13.6,3.6,54.1,0.7,16.6,14.4,50.6,8.7,13.6,3.6,5
2016,128011602,2.9,14.8,5.7,25.3,0.5,63.6,1.9,9.1,7.2,52.8,11.8,22.2,3.9,5.7
2016,128011603,2.7,17.5,5.5,24.8,0.3,64.8,2.3,7.4,4.5,56.6,11.9,21.3,4.3,5.6
2016,128011604,1.8,16.9,5.5,23.6,0.2,69.2,2.2,10.6,8.4,55.7,12.1,22.4,5.1,4.8
2016,128011606,2.4,19,5.7,22.6,0.2,66.8,2,7.9,4.6,59.5,13,20,4.7,4.8
2016,106011113,4.5,7.6,7.5,34.6,0.2,61.5,0.8,17.2,14.8,29.5,7.1,27.2,1.3,8.9
2016,106021114,5.5,9.5,7.8,30,0.3,58.1,1.2,11.2,9.3,37.6,8.2,25.8,2.2,9.4
2016,106021115,4.6,10.5,7.5,32.2,0.3,57.9,1.5,8.9,6.8,38.8,9.3,25.4,2.4,9.8
2016,106021117,4.7,6.9,8.5,35.7,0.3,54.7,0.9,9.3,7.6,32.8,7.5,28.7,1.4,10.3
2016,106021118,3.9,8.8,7.7,35.8,0.2,56.3,1.4,5.2,3.8,39.9,9.5,29.5,1.9,8.7
2016,106031120,5.3,5.6,7.3,36.9,0.2,56.6,0.9,12.1,9.7,28.3,8.4,28.6,1.1,12.3
2016,106031121,4.1,9.7,7.5,30.9,0.5,62.3,1.4,13.1,10.8,37.5,10.1,25.5,2.5,8.7
2016,106031122,6.1,5.3,7.5,34.9,0.3,50.9,0.6,11.5,9.8,29.2,6.4,26.1,1,12.2
2016,106031123,3.2,11.6,7.1,35.7,0.2,62.7,1.4,8.3,6.3,38.9,9.7,29.2,2.6,8.6
2016,106041126,5.8,6.1,8.7,33.8,0.3,52.7,0.8,12.7,11.1,30,5.8,26.1,1.3,10.4
2016,106041127,6.2,5.8,7.6,35.8,0.4,54,0.8,12.8,11.2,28.4,7.1,27.1,0.5,10.3
2016,106041128,6.2,9.6,6.8,30.3,0.3,57.5,1.2,13.4,11.2,36.6,7.4,24.3,1.6,8.6
2016,106041129,6.4,7.1,6.5,33.1,0.3,55.3,0.8,15,12.9,30.9,6.8,24.7,1,9.9
2016,107011131,5.9,6.7,7.6,35.8,0.4,53.2,1.1,8.6,6.4,32.9,7.8,27.5,1.5,10.9
2016,107011132,3.5,9.6,8.2,33,0.4,60.1,1.4,7,4.8,42,10.8,28.5,2.7,8.1
2016,107011133,null,null,null,null,null,null,null,null,null,null,null,null,null,null
2016,107011134,5.5,12.9,6.5,27.6,0.7,61.5,1.9,10.2,8.3,44.5,9.2,23.3,3.9,6.9
2016,105031102,4.9,9.3,8,31.3,0.5,55.6,1.1,12.5,10.1,36.4,7.5,23.3,1.9,9.1
2016,110011189,6.3,8.7,6.1,29.1,0.2,56.1,1.3,16.8,14.3,34.1,7.7,20.8,1.2,10.2
2016,110021190,8.5,6.8,6,31.6,0.4,54.6,0.9,17,14.7,28.9,7.1,21.6,1.2,10
2016,110021192,9.5,5.2,7.2,31.8,0.5,51.8,0.8,17.2,14.5,26.6,6.4,21.4,0.8,10.3
2016,110021194,7.1,7.1,7.1,31.3,0.4,54.4,1.1,16.5,14.2,29.8,6.7,21.8,1.1,10.1
2016,107031141,4.2,11.6,7.5,31.4,0.4,60.8,1.5,8,5.9,43.6,10.5,26.3,2.9,7.1
2016,108051168,4.5,10.3,7.1,34.6,0.1,62.4,1.9,11,8.1,35.9,9.8,27.1,2.4,9.7
2016,108051169,8.2,6,6.8,33.3,0.4,52.3,1,13.6,11.2,28.1,7.1,23.6,1,12
2016,109011172,3.5,14.4,10.9,22.7,0.4,62.7,2.6,8.1,6.1,49.5,9.9,24.8,3,6.9
2016,108011151,7.6,6.4,6,35.8,0.3,52.3,1,12.1,10.1,28.5,7.5,24.1,1.4,11.9
2016,108011152,5.9,8.1,6.9,33.5,0.3,56,1.2,13.1,11,30.3,8.2,23.8,1.5,12.1
2016,108011153,5.7,7.4,6.9,35.6,0.1,60.5,1,12.7,10.5,31,8.2,29,2.1,10.3
2016,108011154,8.6,4.6,6.5,35.3,0.3,52.3,0.8,15.9,12.9,21.9,6.6,24,0.6,14.6
2016,108021156,7.1,7.6,7,33.3,0.3,57.3,1.1,14,11.5,29.6,7.3,25.9,1.4,11.1
2016,108021157,7.3,7.5,6,34,0.3,56.1,1.2,13.7,10.8,30.1,7.1,25.2,1.4,11.5
2016,108021158,7.3,6.3,7.1,31.4,0.2,54.2,1.1,15.3,13.7,28.2,7,23.5,1,12.1
2016,108041165,5.9,8.9,7.6,31.1,0.1,62.3,1.7,14.2,11.7,34.6,8.8,27.3,1.6,9.2
2016,108041166,5.9,7.9,7.6,33.7,0.3,57.2,1.2,12.1,10.5,31.6,7.8,27,1.1,10.5
2016,124031462,4.6,11.3,6.5,26.1,0.7,55.8,1.2,9.8,7.9,47,8.1,21.3,4.1,7.2
2016,110041200,7,7.6,6.1,33.6,0.4,52.9,0.9,14.9,12.3,30.4,7.5,21.7,0.5,10.5
2016,110041202,5.4,8.3,7.6,32,0.4,55.6,1.3,11.9,9.6,35.6,8.1,24.4,1.6,9.4
2016,110041204,7.7,4.6,7.1,33.3,0.4,49.5,0.4,16.1,13.8,26.1,4.8,23.1,0.6,11.6
2016,111011206,4.7,10.6,7.3,34.7,0.2,58.8,1.3,9.2,6.8,35.7,8.7,27,1.9,10.6
2016,111011207,5.3,7.4,7.1,38.5,0.3,53.4,1,9.1,7.4,28.9,7.7,27.2,1.2,12.3
2016,111011212,5.5,9.8,6.7,35.9,0.3,57.5,1.7,9.3,7.4,33,8.3,26.2,2.2,11.1
2016,111011213,2.6,17.7,6.3,29.6,0.1,66.1,2.3,6.5,4.5,49.4,11.4,23.3,4.9,7.7
2016,111021216,4.8,9.9,7.7,35.3,0.2,60.6,1.6,8.5,5.9,36.8,10.5,27.4,2.8,9.4
2016,124031463,4.7,12,6.1,29.6,0.6,59,1.1,9.5,7.3,44.6,9.3,23.7,3.3,7.1
2016,125031481,6.7,14.9,4.7,14,4.1,52.1,0.9,10.4,8.5,57.5,8.9,11.5,5.6,4.5
2016,125031483,8.2,9.8,5.2,17.5,4.4,46.4,0.6,12,10.3,48.5,7.8,13.1,3,6
2016,126021503,2.8,28.2,3.4,10.2,1.2,71.3,2.2,6.6,4.6,75.2,9.6,11.5,13.3,2.8
2016,121011400,1.6,32,4.3,9,0.3,74.5,3.4,7.1,5.2,76.7,9.1,8.1,14.8,2.8
2016,121011401,1.6,34.7,3,6.3,0.4,80.3,3.3,9.2,7.8,79.5,9.1,7.4,16.7,1.5
2016,121011402,2.5,31,4.3,9.8,0.6,72,3.1,7,5.2,74.7,9.6,8.5,12.7,2.9
2016,121021403,1.9,21.5,5.5,18.4,0.5,68.6,2.8,5.9,3.9,65.4,11.8,19.1,7.6,4.4
2016,122021420,1.4,22,6.5,17.8,0.1,69.1,2.7,8.1,5.5,65.3,13.1,16.6,6.6,3.5
2016,122031426,2.7,21.6,5,15.4,0.9,68.7,2.1,9.5,7.5,65,11.8,17.5,6.2,3.5
2016,122031427,2.7,23.9,5.2,15.7,0.5,66.1,2.7,6.5,4,67.4,10.9,13.2,9,4.6
2016,122031429,2.1,25.8,4.7,13.5,0.4,72.4,2.5,8.9,6.9,69.3,11.5,15.3,8.3,3.1
2016,122031430,2.3,23.2,5.3,16.3,0.4,69.8,2.9,8.6,6.4,65.2,11.5,16.3,7.3,4
2016,122031431,2.3,19.1,5.6,19.5,0.3,68.6,2.2,11.2,8.5,59.1,11.7,19.5,5,4.8
2016,122031432,2.3,19,6.3,21.6,0.4,65.8,2.3,8.9,6.5,57.6,11.2,18.3,6,5
2016,123021437,4.7,11.9,6.3,23.4,0.8,55.3,1.1,10.8,8.7,48.8,8.7,19.3,3.5,7.4
2016,116031316,6.8,7.6,7.3,25.1,0.8,47.3,0.5,13.7,11.9,38.8,6.1,16.6,2.9,9.2
2016,116031318,7.9,null,10.5,23.7,null,68.4,null,31.6,34.2,21.1,null,26.3,null,null
2016,116031319,5.5,15.7,6,20.6,1.3,53.8,0.9,7.5,5.5,55.5,8.3,17.9,3.4,5.7
2016,123031447,4.1,8.2,7.5,33.6,0.4,59.2,1.3,11.3,9.1,37,8.7,27.3,2.4,8.4
2016,123031448,4,8.9,6.5,34.5,0.3,60.1,1.2,9.1,6.9,39.6,8.9,29,2.9,8.2
2016,124011450,1.9,19.4,6.3,24.8,0.1,69.1,3.5,6.5,4.4,57.2,11.6,21.2,7,5.2
2016,124021456,null,null,null,null,null,null,null,null,null,null,null,null,null,null
2016,124031457,4.8,6.8,7.5,34.6,0.5,51.7,0.7,7.9,6,37.8,7.7,26.7,1.8,8.9
2016,124031458,3.8,10.5,7,29.7,0.5,56.2,1.1,7.9,6.5,45.3,9.2,24.4,3.2,7.2
2016,124051469,2.8,10.5,7.4,31.8,0.5,53.6,0.8,6.4,4.2,46.4,8.5,25.1,2.4,6.8
2016,101021007,3.7,12.8,5.6,25.7,0.2,66.9,2.4,16.5,13.7,43.5,8.5,21.3,5.3,7.5
2016,101031015,4.4,11.6,6.6,27.1,0.3,63.1,1.2,14.5,12,41.5,8.6,24.2,2.7,8
2016,101031016,2.5,12.7,7.5,22.6,0.2,68.4,1.7,12.6,10.6,52.1,9.8,28.2,3.1,4.6
2016,101041018,5.7,9.3,7.1,29.1,0.2,59.3,1.9,13.8,11.9,37,8.4,23.5,2.4,8.9
2016,101041019,5.7,11.1,8.7,28.5,0.1,58.4,2,13.1,11,38,7.7,22,2.4,7.9
2016,101021009,5.8,14,5.5,20.1,0.9,60.7,2.3,11.1,10,52.2,8.8,19.3,5.1,5.3
2016,125011585,8.1,15.7,4.8,13.9,5.2,47.1,0.8,7.4,4.9,58.2,7.9,11.4,3.8,5
2016,103041076,6,9.5,6.8,32.9,0.1,57.8,1.5,12.5,10.1,35.6,7.4,24.9,1.9,8.6
2016,104011080,7.2,7,6.5,33.7,0.4,53.8,1,14.3,11.7,30.1,6.5,23.9,1.1,10.4
2016,102011033,3.1,10.3,7.3,28.1,0.4,60.6,1.2,10.1,7.7,46.7,11,25.7,2.2,6.4
2016,113011256,8.3,8.4,7,28.1,1.6,52.5,1,15.1,12.4,34.9,6.1,20.5,1.6,7.7
2016,102011034,4.2,10.8,6.9,31.2,0.1,58.1,1.6,9.2,6.4,41.5,9.2,24.8,2.5,9.6
2016,102011035,3.3,12.2,7.5,28.5,0.6,60.1,1.7,7.3,5.3,47.6,10.2,25.7,3.1,7
2016,104021087,6.2,9.4,7.2,29.5,0.4,55.2,1.8,13.2,12.1,33.8,7,22.5,1.7,10.9
2016,111021220,4.4,10.7,7.5,34.1,0.1,62.3,1.8,7.2,5.1,38.8,11,28.8,2.7,10.1
2016,102011036,3.5,12.9,7.8,28.3,0.1,60.6,1.8,7.4,5.2,48.4,10.5,25.2,3,6.7
2016,113011258,7.5,7.6,7.9,33.8,0.4,51.7,0.9,14.5,12.4,28,5.5,22,1.1,10
2016,113011259,7.4,6.6,7.2,31.5,0.6,52,1.1,17.6,15.4,27.1,5.9,20.2,0.9,10.6
2016,102011037,3.1,14.7,6.4,26.7,0.4,63.6,2,8.3,6,50.1,11.6,22.7,4.3,7.3
2016,102011043,4.4,10.1,7.6,27.2,0.3,59,1.2,12.5,9.9,42.3,9.8,23.1,2.2,8.4
2016,102021045,5.9,4.3,8.7,37,0.3,48.7,0.5,9.1,6.5,30,6.7,27.6,0.5,11.6
2016,102021050,5.5,5.5,7.1,38.2,0.1,52.7,0.7,11.1,9,27.2,7.2,27.3,0.9,12.7
2016,102021052,4.8,5.8,7.4,39.4,0.3,53.7,0.8,8,6,30.4,7.3,30.7,1.1,11.7
2016,113021261,6.9,7.5,7.9,31.4,0.3,54.1,0.8,16.1,14.3,29,6.7,22,1,10
2016,113031263,8.1,7,6.8,33.7,0.3,52.7,1,13,9.8,31.1,7.6,23.1,1.1,10.3
2016,107011547,9,6,6.1,33,0.6,52.7,1,12.3,9.9,29.4,7.3,24.1,2,11.7
2016,113031264,6.5,7.4,7.1,33.2,0.4,50.6,0.7,13.8,11.1,31.1,6,21.6,1,10.6
2016,113031268,3,14.8,5.8,21.5,0.2,58.3,1.6,8.9,6.4,57.7,7.6,21.4,3.9,5.1
2016,107031137,5.4,5.2,7.8,36.1,0.6,55.7,0.7,12.7,10.1,28.8,7.4,29,0.8,11.1
2016,110011187,7,10.2,6.3,28.6,0.4,55.2,1.3,13.1,10.5,38.6,7.1,20.9,2.7,8.3
2016,107031143,7.8,5.3,7.2,33.6,0.9,50.8,0.8,12.2,10.2,29.1,6.9,24.6,1,11.2
2016,107041144,6,14.6,5.8,24.7,0.9,60.5,1.9,8.3,6.4,49.3,9.3,20.7,5.7,6.8
2016,107041146,4.7,17.2,5.3,22.1,0.6,63.1,2.4,6.7,4.7,56.5,9.5,20,7.3,5.9
2016,109011173,5.9,9.1,10.9,27.7,0.8,57.1,1.8,11.5,10.3,35.9,7.8,25.3,1.7,8.6
2016,109011174,3.9,15.4,10.4,19.5,0.4,63.8,2.9,13.1,12.2,47.5,9.2,18.7,4.4,5.9
2016,109021177,8.7,6,9,25.8,0.3,49.2,0.7,16.7,14.9,31.7,6.3,18.9,0.7,9.5
2016,110031195,6.7,8.1,7,27.6,0.6,54.7,0.9,18.4,16.3,32.5,6.1,20,1.2,9.2
2016,110031196,6.4,8.2,7.7,27.1,0.5,52.1,1.3,17.5,14.6,35,7.2,16.9,0.8,8.6
2016,110031197,6.7,7.8,7.7,29.8,0.4,53.9,1.1,14.9,12.7,32.7,5.9,22.4,1.7,10.1
2016,111021217,4.7,8.8,7.3,34,0.3,55.9,1,8,6.1,37.4,8.2,27.9,2,10.2
2016,111021218,5.8,9.5,7,31.9,0.5,59.4,1.3,12,9.9,34.5,8.7,24.7,3.1,10.5
2016,111031224,5,19.6,5.2,21.5,0.6,64,2.6,9.6,8,53.5,8.6,17.8,5.8,6.1
2016,111031234,3.7,14.5,5.8,23.9,0.5,61.4,1.8,11.7,10,48.5,8.3,21.5,3.8,7.4
2016,115011296,2,28.1,4.7,12.6,0.5,68.3,2.5,4.9,2.8,73.7,9.9,11.4,11.4,3.6
2016,112031551,3.3,13.4,8.9,28.6,0.1,60.9,2,7,5.9,46.3,10.2,25.4,2.5,7
2016,115041301,4.1,9.1,6.9,35.5,0.5,58.7,1.2,8.1,5.9,39.4,9.5,28.8,2.1,7.9
2016,112011243,3.2,15.8,7.3,22.1,0.4,67.8,2,16.7,14.6,47.5,10.6,18.8,3.8,5
2016,112021246,5.8,11.9,6.8,30.7,0.3,59,1.5,11.3,9.5,38.5,7.6,24.6,2.1,8.5
2016,111031227,5,14.5,6.2,25.3,0.6,60.4,1.5,9.8,8.3,47.4,8.7,21.7,4.3,7.1
2016,112021248,5.9,11.7,7.1,28.7,0.4,58.4,1.9,12.4,10.5,39.1,7,22.6,2.7,8.3
2016,114011272,3.5,14,5.6,28.5,0.2,66.6,2.3,13.4,10.8,42.9,10.4,22,4.4,8.5
2016,114011274,6.8,6.9,6.1,33.8,0.3,56.6,1.7,13.2,11.7,29.2,7.5,26,1.6,12
2016,114011277,5,10.1,7.2,30.9,0.3,61.2,1.9,11.4,9.1,37.6,9.9,25.6,2.3,9.9
2016,114011278,5.8,6.2,7.4,29.2,0.3,59.1,1.1,18,16,31.4,7.6,24.8,1.4,9.9
2016,114011280,7.5,5.3,6.3,38.3,0.1,54.1,0.9,11.8,10,24.5,6.5,28.6,1.1,13.2
2016,114011281,5.2,9.4,7.5,34.8,0.1,64.3,1.9,10.4,8.3,34.8,9,31.2,2.5,9
2016,114011282,5.3,8.3,6.7,33,0.2,58.1,1.7,12.7,10.3,34.3,8.1,25.3,1.9,10.3
2016,114021284,2.9,17.3,6.6,22.7,0.2,66.7,2.8,10.8,7.9,53.7,12.2,17.5,6.1,5.9
2016,111031229,1.7,26.6,5,14.9,0.3,73.1,2.9,11.1,9.4,64.7,8.5,14,10.1,3.9
2016,111031232,4.6,9.9,6,31.2,0.2,62.6,1.3,16.8,14.6,32.6,7.9,24.2,2.7,10.8
2016,111031233,5.3,12,6.4,29.3,0.5,57.8,1.2,9.8,7.4,40.4,8.3,23,3.5,10.7
2016,115031299,4,9.5,5.8,29.3,0.1,67.3,1.7,18.1,15.6,38.2,8.7,25.6,3.4,7
2016,111031235,3.4,21.1,5.5,20.5,0.4,68.2,2.7,9,7.8,56.8,9.3,19.7,6.3,5.5
2016,112011237,4.8,14,7,29.1,0.3,63.5,2.3,10.9,8.7,42.4,10,23.1,3.2,7.8
2016,112011238,2.3,19.5,6.3,20,0.2,70.6,2.4,15.2,13.4,53.8,11.5,17.1,5.1,3.9
2016,115011553,1.8,24.8,4.8,15.9,0.4,68.5,2.3,6.2,3.9,69.2,11.3,14,10,4.2
2016,116021312,5.2,15.1,5.6,24.6,0.9,59.7,1.2,9.9,8.2,48.8,8.3,19.8,5.3,6.7
2016,115011554,2.7,21.8,4.3,14.9,0.5,68.4,2.2,16.7,14.1,58.5,9.2,10.1,8.5,5
2016,115011555,2.2,23.1,5.2,16.2,0.6,66.6,2.5,6.1,3.9,67.5,11.5,14.2,9.2,4.4
2016,116011304,6,13.5,5.8,21.2,1.5,53.8,0.9,8,6.1,52.4,8.7,18,4.7,7
2016,116011306,4.9,18.8,5.2,17.5,1.2,56.6,1.1,8,6,59.9,8.4,14.5,5.7,5.2
2016,116011308,5.3,15.6,5.4,20.2,1.2,57.6,1.3,8.8,6.7,55.6,9.1,16.3,6.5,5.7
2016,116031313,7.6,4.9,7.8,25.3,1.6,41.8,0.3,13.2,11.7,36,5.3,16.8,1.1,10
2016,120031394,5,24.5,4.1,10.5,1.6,69.8,3.8,10.2,8.6,67.4,9.2,11.9,10.2,2.7
2016,117011321,3.5,16.1,5.3,17.8,0.6,63.1,1.5,11.3,9.5,58.6,10.4,17.8,5.9,4.7
2016,117031329,0.9,32.5,2.9,5.5,0.5,82,2.7,18.4,16.9,71.8,8.2,6.8,13.4,1.4
2016,117021327,3.4,28.6,3.6,9.2,1.1,74.3,3.4,11.1,10.2,70.2,9,10.2,12,2.3
2016,117011323,5.2,15.5,4.9,15.6,1.5,59.1,1.2,12.2,10.1,58,8.6,15.1,6.4,4.7
2016,117011325,null,12.1,null,6.9,null,86.2,null,55.2,55.2,29.3,null,10.3,8.6,5.2
2016,117031337,1.3,27.8,2.2,3.2,1,73.6,1.2,17.9,16.3,74.5,10.9,4.9,10.8,1.4
2016,118021568,3.5,23.9,3.9,10.4,1,64.6,1.7,9.4,7.3,70.5,8.4,10.6,10.6,3.2
2016,117021326,6.4,23.6,3.9,10,2.7,65,2.6,10.6,9.5,64.7,8.2,10.8,9.3,2.7
2016,118021569,2,30,3.7,8.6,0.3,76.3,3,10.2,8.3,75.1,9.3,11.3,12.5,2
2016,121021579,2,29.8,3.5,9.5,0.7,75,2.9,8.7,6.8,74.9,9.6,9.1,14.9,2.5
2016,117031332,1.4,31.5,2.6,5.4,0.4,72.4,3.1,10.7,9.6,79.2,7,7.3,12.8,1.4
2016,121031407,1.6,31.7,4.3,7,0.4,71.7,2.6,7.6,5.5,78.2,8.2,6.2,15.4,3
2016,121031408,1.5,32.6,4.4,7.6,0.4,73.3,3.3,6.5,4.7,78.6,9,6.6,15.3,2.8
2016,121041415,0.9,31.6,4.4,8.1,0.2,75.9,3.1,10.3,8.2,75.8,9.8,7,14.1,2.4
2016,117031333,1,27,3.5,6.2,0.3,82,2.6,24.3,23.1,64.7,8,8.2,12,1.3
2016,122021423,2.2,18.2,5.9,20.3,0.3,67.8,2.1,10.1,7.5,59.4,12.1,20.2,5.2,4.5
2016,117031334,1.5,30.8,3,4.7,0.8,73,1.9,13,11.4,76.7,8.6,6.3,12.4,1.8
2016,118011342,null,null,null,null,null,null,null,null,null,null,null,null,null,null
2016,124011452,3.1,16.9,6,20.9,0.4,68.9,2.9,12.8,10.2,54.1,11.4,17.9,6.9,5.3
2016,124011453,2.7,16.7,6.6,25.9,0.1,68.1,3.4,7,5.1,53.5,12,23,6.1,6.1
2016,117031335,2.1,29.6,3.3,5.7,1,72.4,2.2,14.3,12.9,73.4,7.6,7.1,11.6,1.8
2016,118011343,0.9,32.4,3.6,6.4,0.2,76.3,2.6,13.3,11.2,75.7,8.6,6.7,12.7,1.9
2016,118011339,1.6,31.2,3.7,7.9,0.3,78.1,2.4,13.8,11.5,73,9.5,9.7,11.7,1.9
2016,118011340,1.2,32.5,3.3,6.9,0.2,78.9,2.6,15.4,13.3,73.5,8.8,8.8,10.7,1.6
2016,118011345,1,34.8,3.3,6,0.2,80.5,3.3,12.3,10.9,77.2,7.9,7,15.2,1.4
2016,118021350,3.8,14.1,4.8,17.6,0.8,64.3,1.3,19.2,17.3,50.9,8.4,15.4,5.9,4.8
2016,118011346,1.3,30.7,4.4,8.2,0.2,70.6,2.2,10.7,8,74.8,8.9,7.2,10.8,3.2
2016,118021564,1.7,24.1,3.3,5.6,0.7,60.6,1.5,9.8,8.2,78.8,6.6,7,11.5,1.8
2016,118021565,3.6,26.9,3.3,6.9,0.9,62.7,1.6,7.9,6.2,76.5,6.5,7.9,11.9,2.7
2016,118021567,3.9,21.7,4.2,13.5,0.8,66.9,2.2,11.4,9.5,64.3,9.2,13.3,9.1,3.8
2016,118021566,3.7,25.2,3.8,12,0.8,67.7,2.2,9.4,7.1,68.6,8.9,11.9,10.2,3.9
2016,124031461,4.4,8.9,7.1,30.9,0.4,54.4,1.1,8.8,7.1,41.6,8.4,24.7,2.5,8.5
2016,118021570,1.8,28.8,3.6,7.7,0.4,75.5,2.7,13.8,12.3,72.1,8.2,9.6,12.5,2
2016,119011355,3.4,23.6,2.9,8.1,2.1,66.5,1.8,11.9,10.2,72.4,11.6,10.1,8.3,2.2
2016,119011572,7.4,12.9,4.8,13.3,4.3,48.5,0.6,12,10.1,55.5,8.2,11.3,3.5,4.6
2016,124051470,4.1,9.3,7.3,30.2,0.7,52.5,0.8,7.9,6.1,44.9,8.3,24,2.2,6.7
2016,125011475,null,null,null,null,null,null,null,null,null,null,null,null,null,null
2016,119011359,4.2,13.9,5.3,25.4,0.9,57.9,1.4,7.7,5.7,51.6,9.9,21.1,4,6.7
2016,119021573,8.3,16.6,3.7,10.6,4.6,52.7,1.1,10.3,8.3,60.8,7,9.1,8.8,3.7
2016,119021362,8.3,13.7,5,14.9,3.2,51.2,1,9.3,7.5,56.6,8.9,14.1,4.2,4.6
2016,119021363,6.1,16.8,3.8,10.9,3.3,52.6,1.1,8.9,6.8,64.9,9,10.4,6.5,4
2016,119021364,10,16.2,4.2,16.1,2.4,56.7,1.5,9.1,7.1,56.1,9.4,15.1,5.2,4.1
2016,119021366,8,11.2,5.2,16.3,4.3,46.3,0.6,10.1,7.7,53.6,7.9,12.7,3.7,4.8
2016,119021367,6.9,14.1,5,17.4,2.4,52.9,0.9,9.1,7.1,56,8.9,15.9,4.1,5.2
2016,119031369,4.2,20.9,4.7,15.4,1,63.3,1.8,7.8,5.9,64.2,9.7,14.7,8.3,4.5
2016,119031374,4.1,22.1,4.4,12.9,1.5,60.9,1.4,7,4.7,68.4,10.1,11.4,8.9,4
2016,120021387,1.5,31.3,3.6,9,0.3,78.9,3.9,11.2,10.1,73.3,8.9,7.9,15.7,2.3
2016,119021574,6.9,16.9,4.5,10.6,3.2,55.2,1.2,10.6,9.2,62.6,8.6,9.6,8.2,3.2
2016,119041376,5.7,17.8,4.3,13.8,1.8,58.5,1.2,10.5,8.7,61.9,9.4,12.9,6.7,3.7
2016,120021389,2.6,28.7,3.9,10.1,0.5,74.8,3.4,10.2,9.2,71.3,9.4,10.1,12.9,2.4
2016,119041380,6.2,16.3,4.9,16,1.4,60.5,1.3,12.2,10.1,57.6,10.3,15.4,5,3.9
2016,119041381,4.9,21.2,3.8,11.1,1.5,62.6,1.2,11.7,10,65.8,9.1,10.7,8.6,3
2016,119041382,5.9,15.3,4.9,20.3,1,60.4,1.4,10.3,8.1,54.5,10.7,18.2,4.5,5.3
2016,120011385,4.3,25.2,3.9,13.4,0.8,70.8,3,10.3,8.2,65.7,10,12.6,9.6,3.8
2016,120021388,2.8,29.1,3.6,10.1,0.6,74.5,3.6,9.8,8.5,71.8,9.1,10.1,12.9,2.7
2016,120031390,4.4,25.5,3.2,9,1.7,67.6,2.3,10.2,8.3,70.7,9.1,9.2,11.4,2.8
2016,120031392,7,21.1,3.9,12.9,1.7,63.5,2.7,8.1,6.9,64.5,9.6,13.3,8.7,3.1
2016,120031393,6.3,19.7,4.3,14.8,2,60.2,1.9,8.3,6.3,62.7,9.2,14.2,7,3.7
2016,120031395,6.6,25.7,3.7,11.3,1,68.4,2.9,8.5,7.2,67,9,11,11.3,3
2016,125031479,7.7,10,5.6,18.1,3.9,47.6,0.8,12.4,10.2,47.9,7.6,14.5,2.3,6.6
2016,120031396,2.5,25.4,3.3,6.5,1.4,68.4,1.6,12.1,10.4,73.9,8.6,7.6,13.2,2
2016,121011398,2.2,30.4,3.2,6.6,0.9,70.6,2.4,8.5,6.6,78.2,8.7,6.4,14.2,2.4
2016,126021497,2.8,26,3.6,9.6,1.1,66.2,2.2,6.4,4.6,75,9.2,9.2,13.2,3.3
2016,126021498,3.7,24.8,4.3,13.5,0.8,69,2.5,8.6,6.3,67.2,10.8,13.1,9.2,4.1
2016,121021578,2.3,23.6,4.6,14.1,0.8,70.3,2.9,8.5,6.8,67.9,11,13.4,10.9,3.4
2016,121041417,0.8,34.7,3.1,5.9,0.3,82.1,3.3,12.3,10.4,77.8,8.6,6,17.3,1.6
2016,122011419,1.1,31.9,3.9,9.1,0.1,78.3,2.9,11.6,9.5,74.2,10.1,9.4,12.3,2.3
2016,122031424,4.5,16.9,6,20.3,1,62,1.8,8.6,6.2,56.6,10.8,19.3,4.7,5.4
2016,122031425,3,16,6.3,21.7,0.4,64.5,1.7,8.5,5.9,56.8,12.8,21.3,4.1,5.9
2016,123021438,4.4,8,7.5,28.7,1.1,51.4,0.8,9,7.3,43.1,8.6,23,1.9,8
2016,123021439,null,null,null,null,null,null,null,null,null,null,null,null,null,null
2016,123021440,3.7,14.9,5.9,22,0.8,58.5,1.2,9.7,7.7,54.4,8.7,18.3,5.6,5.6
2016,123021443,4.8,11.1,6.6,23.9,1.3,52.3,1,8.3,6.1,50.6,8.5,18.9,4.5,6.7
2016,123021444,4.2,8.8,7.1,27.5,0.8,52.7,1.1,10.2,8.3,44.2,8.5,22,2.2,7.9
2016,124031460,2.7,12.2,7.4,28.5,0.4,56.6,1.4,6.1,4.2,50.7,10.8,22.7,3.5,6.1
2016,124041467,4.8,7.6,8,33.8,0.4,54,1,8.3,6.6,37.4,8.1,27.2,1.9,8.8
2016,124051580,6.4,6.4,7.3,28.9,1.3,47.1,0.8,10.2,8.4,39.5,6.6,21.4,1.8,8.3
2016,125011583,7.7,16.1,3.7,7.8,7.9,49.5,0.9,10.6,8.3,61.7,7.7,7,7.2,3
2016,127011594,7.7,10,6.1,17.5,4.6,43.3,0.6,7.3,5.7,53.4,8.1,15.8,1.5,5.1
2016,125011587,7.4,13.4,5.4,15.1,3.8,47.8,0.8,7.9,5.9,56.8,8.8,12.8,4.3,5.6
2016,125011584,8.9,12.7,5.7,14.1,5.3,44.3,0.8,9.4,7,54.6,7.3,10,3.9,4.5
2016,125011586,4.8,19.9,3.6,9.4,3.3,54.5,1.2,9.2,7.2,68.5,9,9,6.2,3.2
2016,125041490,2.8,22.9,4.8,17,0.6,67.2,2.5,5.7,3.3,66.8,11.5,15.4,9.2,4.6
2016,125041492,2.2,28.4,2.6,6.7,1.6,73.3,1.8,12,10,75.1,8.1,6.5,16.5,1.9
2016,125041493,4.6,18,5.2,19.7,1,60.7,1.7,8.1,6.1,57.5,9.1,16.1,7.7,5.9
2016,125041494,3,19.9,5,21.3,0.5,63.9,2.2,5.6,3.5,61.7,11.5,18.7,6,5
2016,125021477,4.3,17.6,5,16.4,2.1,59.1,1.4,8,6.2,61,9.8,15.8,6.5,4.9
2016,126011495,1.6,29,3.7,9.2,0.7,70.5,2.8,5.8,3.6,78,9,8.2,15.6,3.1
2016,126021591,4,22.8,3.9,13.5,1.1,66.6,1.8,8.9,6.6,67.4,9.8,13,10.3,3.5
2016,127011504,9.1,4.2,6.9,21.8,4.2,40.5,0.3,15.1,13.4,35.3,5.7,14.4,0.9,9.4
2016,125031487,null,null,null,null,null,null,null,null,null,null,null,null,null,null
2016,127011593,5,14.2,5.8,18.5,2.8,51.5,1,7.1,5.3,58.1,9.5,17.1,2.8,4.5
2016,127011596,4.9,13.2,6.3,18.2,2.2,52.6,0.7,7.1,5,58.6,10.2,18.1,3.2,4.8
2016,127021509,9,9.6,5.7,16.2,7.2,39.7,0.5,6.7,5.2,51.1,7.6,13.9,1.4,5.6
2016,127031600,4,14.8,6.1,17.1,1.8,55.6,1,8.1,5.9,60.8,10.6,16.9,4.3,4.3
2016,127031601,6.9,11.6,5.2,13.9,2.7,56.8,0.8,19.2,17.1,49,7.8,13.5,4,5
2016,128011605,1.6,21.2,5.6,23,null,68.2,2.1,5.1,3.5,60.8,12.9,20,6.6,5.6
2016,127021512,9.3,8,5.9,17.9,6.1,39.7,0.4,8.9,7.5,46.7,6.6,14.6,1.3,6.6
2016,128021533,3,12,5.8,30,0.1,62.9,1.9,7.6,4.9,48.2,10.7,27.1,3.6,7.8
2016,128021534,3.4,18.8,5.3,22.9,0.6,63.2,1.9,5.2,2.9,60.3,11.1,21,5.1,4.7
2016,128021535,2.8,16.1,6,25,0.4,62.6,2,6.1,4,56.8,11.6,22.3,4.4,5
2016,128021537,null,26.9,null,11.5,null,84.6,null,23.1,23.1,57.7,15.4,11.5,null,null
2016,127021513,10.7,9.1,5.6,14.6,7.8,35.7,0.3,7.5,6.1,49.1,6.1,11.3,1.4,6.2
2016,127021515,11.8,9.3,5.4,12.9,8.1,39.5,0.5,8.7,7.1,48.3,7.4,11.5,2.1,6.4
2016,127021516,11,8.1,5.6,16.7,6.4,38.9,0.6,8.2,6.4,46.9,7.2,13.3,1.6,6.9
2016,127021517,10.3,10.4,5,16.8,6.1,42,0.6,6.5,5,50.4,8.4,14.5,1.6,6.3
2016,127031522,5.7,13.1,5.6,18.5,2,54.5,1,10.3,8.3,54.9,9.6,17,3.4,5
2016,127031524,3.2,16.8,6.6,21.1,0.4,61.8,1.5,6.9,5.3,58.9,10.7,20.4,5.6,4.4
2016,128021608,1.8,16.1,6.3,28.5,0.1,64.5,2.4,5,3.3,54,11.6,24.9,4.7,6
