SA2_CODE,ENG_NOT_WELL,ENG_ONLY,ENG_UNKNOWN,ENG_V_WELL,ENG_WELL,ENG_NOT_WELL_CHILD,ENG_NOT_WELL_RETIRED,ENG_NOT_WELL_WORKING_AGE,ENG_ONLY_CHILD,ENG_ONLY_RETIRED,ENG_ONLY_WORKING_AGE,ENG_UNKNOWN_CHILD,ENG_UNKNOWN_RETIRED,ENG_UNKNOWN_WORKING_AGE,ENG_V_WELL_CHILD,ENG_V_WELL_RETIRED,ENG_V_WELL_WORKING_AGE,ENG_WELL_CHILD,ENG_WELL_RETIRED,ENG_WELL_WORKING_AGE,PERC_ENG_ONLY,PERC_ENG_NOT_WELL
101021007,20,6627,873,180,52,3,3,14,569,768,5290,62,120,691,13,24,143,6,4,42,0.8548761609907121,0.0025799793601651187
101021008,246,13309,940,1342,644,10,49,187,1404,757,11148,109,78,753,87,74,1181,21,100,523,0.8075359504884413,0.014926278745221771
101021009,512,15426,1783,2537,1391,58,110,344,1233,1087,13106,165,158,1460,153,124,2260,60,175,1156,0.7125502332671255,0.023650053120236502
101021010,161,7033,655,1075,635,20,12,129,565,410,6058,81,41,533,92,22,961,35,52,548,0.7357464169892248,0.01684276597970499
101021011,92,28727,3155,1527,374,5,25,62,3137,1565,24025,296,203,2656,108,87,1332,20,45,309,0.848029520295203,0.0027158671586715866
101021012,175,21571,1051,1953,549,17,38,120,2617,695,18259,110,54,887,138,80,1735,30,67,452,0.8526423969326851,0.006917269457290802
101031013,11,4328,314,83,33,0,0,11,382,517,3429,23,40,251,0,9,74,0,5,28,0.9075277836024324,0.0023065632208010066
101031014,84,11147,1424,574,232,3,12,69,980,1196,8971,50,219,1155,30,82,462,3,49,180,0.8280959809820965,0.0062402496099844
101031015,3,5769,561,155,71,0,0,3,501,632,4636,53,58,450,0,31,124,0,21,50,0.8795548101844793,4.5738679676779996e-4
101031016,95,11909,1194,542,156,4,3,88,1110,771,10028,79,61,1054,50,48,444,3,17,136,0.8570092112838227,0.00683649971214738
101041017,43,13595,1087,465,165,0,10,33,1129,1980,10486,70,209,808,24,70,371,3,46,116,0.8853793552588733,0.0028003907521979812
101041018,67,14640,1255,550,223,0,24,43,1064,2322,11254,95,224,936,42,80,428,10,61,152,0.8748132656109949,0.004003585300268898
101041019,15,14952,1319,406,105,0,0,15,1387,1626,11939,123,145,1051,26,42,338,11,10,84,0.8901589569565994,8.93016610108948e-4
101041020,16,15971,1204,301,80,0,0,16,1358,1530,13083,75,131,998,25,36,240,0,16,64,0.9088891418165262,9.105394946505805e-4
101041021,16,5854,511,136,51,4,0,12,459,845,4550,26,91,394,6,31,99,0,23,28,0.8912911084043849,0.00243605359317905
101041022,0,34,20,0,0,0,0,0,0,6,28,0,8,12,0,0,0,0,0,0,0.6296296296296297,0
101041023,10,5652,566,138,70,0,0,10,445,764,4443,45,84,437,9,31,98,0,17,53,0.8781852082038534,0.0015537600994406464
101041024,0,5970,420,157,15,0,0,0,446,647,4877,22,58,340,5,26,126,0,7,8,0.9097836025601951,0
101041025,49,19004,1440,564,162,5,4,40,1337,2985,14682,71,284,1085,50,74,440,3,16,143,0.895612422828597,0.002309251142843678
101041026,48,14416,976,332,143,6,6,36,984,2055,11377,60,135,781,17,58,257,4,47,92,0.9058121269242853,0.0030160226201696515
101041027,39,15797,1410,514,152,7,3,29,1031,2687,12079,72,267,1071,32,85,397,8,40,104,0.8819227333631086,0.0021773112996873603
101051539,313,39669,3905,1293,579,33,19,261,3779,3893,31997,233,367,3305,80,81,1132,36,49,494,0.8669114272602111,0.0068401844445901356
101051540,50,22553,1974,569,186,0,11,39,2047,2465,18041,157,223,1594,24,68,477,12,25,149,0.8902968577293542,0.0019737880941102163
101061541,25,11747,796,341,81,8,0,17,1213,1167,9367,66,93,637,29,27,285,16,3,62,0.9043110084680523,0.001924557351809084
101061542,45,20799,1451,586,126,8,9,28,2246,1500,17053,138,116,1197,29,45,512,3,28,95,0.9040292085017604,0.0019559264571652104
101061543,94,18927,1367,602,180,4,10,80,1990,2038,14899,145,152,1070,88,30,484,16,11,153,0.8940481813887576,0.004440245630609353
101061544,31,13298,951,289,79,7,3,21,1171,1604,10523,73,141,737,17,32,240,5,13,61,0.9078372474057892,0.002116329874385582
102011028,34,13208,637,617,118,4,4,26,1431,941,10836,65,37,535,62,38,517,0,32,86,0.903790885452306,0.002326536198166142
102011029,50,19623,885,658,152,6,0,44,1722,2325,15576,67,136,682,44,73,541,6,30,116,0.9183358292774242,0.002339947585174092
102011030,89,7681,899,518,179,9,19,61,627,692,6362,65,90,744,32,30,456,3,43,133,0.8200939568652573,0.009502455690796498
102011031,268,24202,1556,1340,524,9,50,209,2032,3381,18789,92,381,1083,98,162,1080,24,107,393,0.8677662244532091,0.009609178917174615
102011032,596,30091,2698,2957,1261,78,46,472,2491,2854,24746,234,297,2167,247,136,2574,62,73,1126,0.8002287051565035,0.015849799218147487
102011033,96,10938,750,696,254,16,8,72,1284,487,9167,44,20,686,63,44,589,16,9,229,0.8589602638605308,0.007538872310350243
102011034,29,13507,547,410,108,0,10,19,1168,1920,10419,42,126,379,33,40,337,3,25,80,0.9250736250941717,0.001986165331141703
102011035,96,11716,502,736,237,10,6,80,1191,794,9731,46,55,401,56,38,642,12,19,206,0.8817641303529766,0.007225107247685708
102011036,73,14602,588,619,173,5,3,65,1534,1045,12023,69,36,483,54,26,539,9,20,144,0.9094985985674244,0.004546870133914668
102011037,101,10965,447,642,217,11,10,80,1003,1206,8756,42,59,346,51,23,568,14,29,174,0.8862754607177498,0.008163595215001616
102011038,27,12923,579,343,73,6,3,18,1267,1346,10310,46,85,448,27,31,285,3,17,53,0.9267120831839369,0.001936177841520258
102011039,101,23804,1154,1264,362,7,13,81,2138,2168,19498,111,95,948,100,87,1077,21,64,277,0.8920367247517332,0.0037848978827056397
102011040,206,41339,3038,1868,675,25,30,151,3465,5134,32740,195,582,2261,139,183,1546,34,112,529,0.8772015447948054,0.004371260026312439
102011041,36,17884,841,588,169,4,6,26,1977,1475,14432,73,98,670,37,48,503,10,25,134,0.9162824059842197,0.0018444512757454657
102011042,215,24113,1685,1272,532,18,35,162,1861,3167,19085,121,254,1310,84,100,1088,18,65,449,0.8668440162490564,0.007729086529819894
102011043,183,19471,1558,1111,495,20,18,145,1809,2154,15508,125,296,1137,95,93,923,24,42,429,0.8533175563151898,0.008019984222981856
102021044,143,39922,2543,1007,384,10,27,106,3909,4020,31993,153,481,1909,64,123,820,13,80,291,0.9073388031546171,0.003250073865315121
102021045,77,20195,942,617,232,3,14,60,2408,1226,16561,110,98,734,52,56,509,10,37,185,0.9153333635498345,0.0034900058922177402
102021046,70,17153,1059,400,117,3,14,53,1525,1996,13632,84,176,799,18,59,323,0,27,90,0.9124421511782541,0.0037236023192723016
102021047,102,28342,1156,847,251,11,18,73,2838,2417,23087,106,115,935,66,77,704,12,32,207,0.9232523291419636,0.0033226920320542056
102021048,195,38873,3308,1337,499,22,28,145,3609,4114,31150,243,595,2470,77,131,1129,21,87,391,0.879240930064236,0.004410567266805392
102021049,16,5918,550,185,21,0,3,13,569,385,4964,51,31,468,16,11,158,3,3,15,0.8846038863976083,0.002391629297458894
102021050,31,19756,1138,407,115,7,7,17,1566,2846,15344,70,215,853,29,67,311,6,27,82,0.9211544738191821,0.0014454236023686297
102021051,41,8796,386,374,103,9,0,32,877,583,7336,42,39,305,29,13,332,7,3,93,0.9068041237113402,0.0042268041237113405
102021052,29,10644,419,320,97,0,7,22,991,1135,8518,32,64,323,16,38,266,3,23,71,0.9248414284473021,0.0025197671387609697
102021053,203,25807,2211,1164,498,14,46,143,2073,3038,20696,186,289,1736,71,148,945,24,94,380,0.8636013787103035,0.006793159990630124
102021054,57,17222,1658,425,166,0,16,41,1374,2307,13541,93,346,1219,24,43,358,9,28,129,0.8819131503482179,0.0029188857025809097
102021055,138,8782,711,632,296,9,6,123,952,645,7185,66,124,521,68,21,543,15,12,269,0.8317075480632635,0.013069419452599679
102021056,203,27011,1213,1525,520,24,17,162,3523,1829,21659,97,175,941,134,90,1301,34,70,416,0.8864203202940404,0.006661853504856918
102021057,164,14987,1184,860,420,9,25,130,1472,1329,12186,111,120,953,68,58,734,26,33,361,0.8508089696281578,0.009310246948623332
103011058,175,40823,4513,1506,589,22,9,144,3888,3418,33517,248,369,3896,117,69,1320,33,31,525,0.8575179599210183,0.0036760072259799186
103011059,96,20241,1287,536,206,10,7,79,2519,1436,16286,118,182,987,46,27,463,18,24,164,0.9049897165340248,0.004292229276580524
103011060,16,11878,1688,191,30,0,3,13,1126,1110,9642,75,142,1471,19,14,158,0,3,27,0.8605375642976164,0.001159168296747084
103011061,30,7779,1183,244,71,3,6,21,685,897,6197,87,132,964,14,31,199,0,13,58,0.835822499194155,0.0032233802514236598
103021062,30,11519,1450,169,84,3,3,24,1245,1189,9085,159,185,1106,15,9,145,14,0,70,0.8692272864473287,0.0022638092363416844
103021063,48,16247,1525,324,127,6,6,36,1492,2021,12734,101,227,1197,20,22,282,3,18,106,0.8892233594220349,0.0026271140058015435
103021064,17,9813,765,187,80,5,0,12,875,1187,7751,78,77,610,13,26,148,0,9,71,0.90342478364942,0.0015650893021542994
103021065,40,18146,1707,305,134,5,4,31,1837,1985,14324,149,231,1327,37,20,248,12,16,106,0.8924847530985638,0.0019673421207948064
103021066,8,6527,640,52,44,0,0,8,551,911,5065,47,108,485,3,8,41,0,3,41,0.8976756979782698,0.0011002613120616146
103021067,45,19459,1773,486,165,9,0,36,2081,1809,15569,139,257,1377,57,14,415,8,11,146,0.8874042320321051,0.0020521707406056184
103021068,10,5963,669,101,23,0,0,10,567,614,4782,53,83,533,3,14,84,4,0,19,0.881318356488324,0.0014779781259237363
103021069,19,10173,1405,175,45,0,0,19,1077,1083,8013,117,198,1090,21,5,149,0,0,45,0.8608783955318609,0.001607853093001608
103031070,127,21696,2866,674,259,16,16,95,1870,2544,17282,190,277,2399,54,57,563,24,25,210,0.8467723050503474,0.0049566778549683865
103031071,38,14082,1968,299,113,5,3,30,1258,1409,11415,160,241,1567,14,32,253,3,22,88,0.8534545454545455,0.002303030303030303
103031072,72,20746,1939,482,205,4,6,62,2336,1796,16614,197,182,1560,47,30,405,15,10,180,0.8849172496161065,0.0030711482682136155
103031073,9,5955,754,131,35,0,0,9,493,777,4685,48,117,589,6,29,96,0,10,25,0.8650493898895991,0.0013073794305636258
103031074,29,17767,2480,308,95,0,4,25,1776,1831,14160,223,277,1980,17,38,253,3,27,65,0.8591808114512307,0.0014023888969485951
103031075,0,0,0,0,0,0,0,0,0,0,0,0,0,0,0,0,0,0,0,0,NaN,NaN
103041076,9,13317,959,188,44,0,0,9,1395,1240,10682,83,102,774,14,10,164,4,3,37,0.9173382930357512,6.199628022318661e-4
103041077,250,33061,2961,1182,565,23,19,208,3105,3498,26458,231,340,2390,81,75,1026,24,72,469,0.8695915200294589,0.006575659538651727
103041078,216,34820,1991,1782,636,27,19,170,4295,2216,28309,204,157,1630,182,39,1561,46,45,545,0.8827481303080238,0.005475979211560401
103041079,32,21178,1541,404,73,4,5,23,2359,1852,16967,147,172,1222,45,38,321,4,10,59,0.911744446357844,0.0013776476666092646
104011080,56,33716,2740,607,211,4,3,49,3234,3931,26551,168,312,2260,53,38,516,14,10,187,0.9031877846236271,0.0015001339405304045
104011081,34,27565,2468,407,101,0,3,31,2286,2915,22364,187,277,2004,35,51,321,3,8,90,0.9015535568274734,0.0011120196238757155
104011082,47,29470,2267,598,168,3,3,41,2035,4873,22562,140,392,1735,48,63,487,7,19,142,0.9053763440860215,0.0014439324116743472
104021083,12,10312,780,431,75,0,0,12,1098,969,8245,86,69,625,42,29,360,5,6,64,0.8881998277347114,0.0010335917312661498
104021084,537,29258,2640,1556,907,53,31,453,2677,3188,23393,237,312,2091,155,134,1267,74,77,756,0.8383861539343229,0.015387701300934151
104021085,374,16258,2326,1009,584,53,10,311,1224,2075,12959,136,531,1659,130,58,821,68,18,498,0.7911050557150504,0.018198627803999806
104021086,3,6733,580,216,57,0,0,3,655,514,5564,53,53,474,23,13,180,12,3,42,0.8872051653709316,3.9530899986823034e-4
104021087,7,5757,546,117,35,0,0,7,454,705,4598,44,59,443,8,9,100,0,3,32,0.8909006499535748,0.0010832559579077685
104021088,51,15530,956,737,198,5,0,46,1625,1331,12574,89,88,779,57,46,634,10,32,156,0.8888507326007326,0.002918956043956044
104021089,110,35300,1943,1206,328,8,3,99,3325,3686,28289,165,243,1535,98,100,1008,28,22,278,0.9077583768354462,0.0028287088229999743
104021090,0,8553,596,142,20,0,0,0,598,1161,6794,39,103,454,13,16,113,0,3,17,0.9185909139727204,0
104021091,479,20366,1948,1331,909,31,26,422,1864,2289,16213,144,242,1562,144,54,1133,51,30,828,0.81356609275756,0.019134742140374705
105011092,13,6433,1317,132,57,0,0,13,761,398,5274,140,80,1097,10,0,122,0,3,54,0.8089788732394366,0.0016348088531187124
105011093,33,7830,1074,252,72,3,0,30,874,557,6399,114,61,899,24,4,224,3,3,66,0.8454810495626822,0.0035633300939423387
105011094,3,6903,1195,102,12,0,0,3,732,638,5533,105,145,945,7,14,81,0,0,12,0.8402921485088253,3.651856360316494e-4
105011095,7,8646,1048,155,66,0,0,7,881,914,6851,119,110,819,3,13,139,9,0,57,0.8713968957871396,7.055029227978231e-4
105011096,50,10603,1518,441,228,0,14,36,1110,943,8550,138,153,1227,30,34,377,7,55,166,0.825778816199377,0.003894080996884735
105021097,56,31409,3081,647,204,7,12,37,2689,3212,25508,189,560,2332,46,55,546,0,14,190,0.8873350848942001,0.0015820549764104302
105021098,3,4122,750,85,22,0,0,3,418,318,3386,59,43,648,0,6,79,0,0,22,0.8273785628261743,6.021678040947411e-4
105031099,22,14026,1455,282,89,0,3,19,1266,1787,10973,120,201,1134,14,27,241,6,7,76,0.8835832178404939,0.0013859140733274537
105031100,64,18301,1401,679,274,12,0,52,1964,1256,15081,128,108,1165,56,26,597,10,10,254,0.883295525845842,0.0030889521695062505
105031101,199,29354,2087,1446,793,40,6,153,3093,2583,23678,179,215,1693,118,31,1297,37,24,732,0.8664364355500458,0.005873845154815667
105031102,67,15313,1319,570,229,6,0,61,1799,1230,12284,119,113,1087,64,17,489,12,10,207,0.8751285861241285,0.003829009029603383
105031103,3,10175,960,98,20,0,0,3,1100,789,8286,92,81,787,0,14,84,0,3,17,0.9039623312011372,2.6652452025586353e-4
105031104,3,7861,678,120,39,0,0,3,754,900,6207,49,97,532,8,11,101,4,0,35,0.9034593724859211,3.4478795540742444e-4
105031105,12,11675,1219,125,50,0,0,12,1283,1218,9174,103,132,984,13,16,96,3,6,41,0.8925158627016283,9.173610580230869e-4
105031106,40,14207,3112,226,62,12,0,28,1411,1606,11190,161,242,2709,15,34,177,3,8,51,0.805066016886723,0.0022666742222474073
106011107,9,18454,1282,392,102,0,0,9,2125,1154,15175,138,117,1027,33,46,313,5,12,85,0.9118039428825535,4.4468600227283954e-4
106011108,88,38851,4270,542,221,7,7,74,4028,3587,31236,271,277,3722,35,38,469,13,13,195,0.8835395251523697,0.0020012735377058126
106011109,13,13929,1651,198,56,0,0,13,1360,1086,11483,176,167,1308,4,26,168,0,3,53,0.8789676279421973,8.203445447087777e-4
106011110,3,16556,1194,146,32,0,0,3,1550,1658,13348,92,111,991,10,18,118,3,0,29,0.9233171602253081,1.6730801405387318e-4
106011111,28,32435,2206,400,158,3,3,22,3377,2511,26547,181,292,1733,26,22,352,6,14,138,0.9207426122008686,7.948448633150709e-4
106011112,122,29122,1883,787,253,15,3,104,3155,1763,24204,202,154,1527,61,18,708,17,10,226,0.9053377685205335,0.00379270681132838
106011113,14,8403,1226,130,26,6,0,8,881,596,6926,114,136,976,6,10,114,0,4,22,0.857536483314624,0.0014287172160424534
106021114,44,11766,956,351,121,8,9,27,1251,804,9711,96,92,768,20,21,310,6,6,109,0.8888049554313341,0.0033237649191720803
106021115,256,49455,2744,1727,643,33,18,205,5165,4088,40202,253,340,2151,155,73,1499,48,42,553,0.9020519835841313,0.004669402644778842
106021116,12,14172,706,293,30,3,0,9,1622,1029,11521,80,83,543,26,12,255,3,0,27,0.9315716821139814,7.887990534411359e-4
106021117,136,41071,2326,1087,420,16,12,108,4805,2670,33596,235,233,1858,111,46,930,34,29,357,0.9118783303730018,0.003019538188277087
106021118,70,18648,565,556,152,12,0,58,2168,914,15566,56,33,476,40,27,489,10,9,133,0.9328197688960032,0.003501575709069081
106031119,23,10123,933,292,73,6,0,17,865,1048,8210,41,205,687,17,44,231,3,21,49,0.8845683327507864,0.0020097867878364206
106031120,27,12164,896,247,46,4,5,18,1106,1537,9521,69,127,700,11,31,205,0,15,31,0.909118086696562,0.002017937219730942
106031121,157,36864,3048,1365,584,6,23,128,2849,5684,28331,164,677,2207,97,182,1086,28,110,446,0.877338283592746,0.0037364938835737064
106031122,74,24709,2004,598,224,12,3,59,2617,1948,20144,174,174,1656,43,45,510,8,28,188,0.8949617878228114,0.0026802854141765365
106031123,25,10132,491,157,24,6,0,19,1024,659,8449,41,42,408,15,7,135,0,7,17,0.9356357927786499,0.002308615753993905
106031124,21,9130,551,295,103,0,6,15,437,2068,6625,29,127,395,22,59,214,4,22,77,0.903960396039604,0.0020792079207920793
106031125,71,24566,2022,508,186,21,6,44,2603,1878,20085,179,167,1676,43,31,434,4,27,155,0.8981098965378569,0.002595693342594962
106041126,68,21153,1984,629,307,10,0,58,2493,1301,17359,176,124,1684,58,26,545,37,4,266,0.8762271654032558,0.0028167847230852077
106041127,3,7236,651,109,30,0,0,3,787,564,5885,62,56,533,13,6,90,0,4,26,0.9012330302652883,3.736455349358575e-4
106041128,113,10307,804,260,171,11,4,98,1093,978,8236,78,85,641,26,6,228,10,0,161,0.8843414843414843,0.009695409695409695
106041129,22,14593,1659,195,92,6,0,16,1500,1344,11749,158,170,1331,21,15,159,8,3,81,0.881166596220035,0.0013284221967272507
107011131,340,41715,1766,2154,922,20,91,229,4098,4081,33536,125,266,1375,148,188,1818,22,188,712,0.8895025268140819,0.007249930699191846
107011132,186,14942,487,1239,414,13,40,133,1869,750,12323,70,34,383,85,50,1104,31,46,337,0.8652999768357655,0.010771369006254344
107011133,0,12,0,0,0,0,0,0,0,3,9,0,0,0,0,0,0,0,0,0,1,0
107011134,480,24325,1708,3203,1036,20,133,327,2485,1761,20079,131,307,1270,214,185,2804,38,200,798,0.7910054630593132,0.015608740894901144
107011545,1403,18070,1815,4180,2087,61,384,958,1993,1293,14784,212,194,1409,294,196,3690,126,363,1598,0.6557793503901288,0.05091634911994193
107011546,1533,11960,1495,2840,1666,29,560,944,1378,761,9821,136,208,1151,142,161,2537,65,407,1194,0.6135221093669847,0.07863958140966451
107011547,166,7146,522,525,248,6,44,116,521,965,5660,28,83,411,27,70,428,9,81,158,0.8302544440571628,0.01928662716393633
107021135,0,10,0,0,0,0,0,0,0,3,7,0,0,0,0,0,0,0,0,0,1,0
107031136,137,25973,1030,1203,319,17,25,95,2974,1517,21482,87,93,850,66,107,1030,7,64,248,0.9061824017863374,0.004779847882213383
107031137,73,12277,746,558,166,6,15,52,1183,1073,10021,56,95,595,27,50,481,10,43,113,0.8883502170767005,0.005282199710564399
107031138,69,13656,901,571,157,3,3,63,1031,1844,10781,44,194,663,33,44,494,6,28,123,0.889409925752247,0.004493942946463462
107031139,25,10845,444,369,84,0,6,19,1048,962,8835,38,40,366,32,31,306,5,13,66,0.9216452791705617,0.0021245857057873713
107031140,17,13789,1279,404,109,6,0,11,1216,1550,11023,96,191,992,37,38,329,6,19,84,0.8840235927683037,0.0010898833183741504
107031141,435,27892,1553,2859,904,37,105,293,3350,1678,22864,165,147,1241,224,108,2527,35,144,725,0.8290580507089141,0.012929881401777487
107031142,351,16184,886,1719,724,11,112,228,1475,1341,13368,75,105,706,103,125,1491,23,157,544,0.8147402335884011,0.01767015706806283
107031143,691,33536,2709,2575,1287,22,233,436,3214,3148,27174,229,351,2129,152,224,2199,28,346,913,0.8220010784842394,0.016937104760037257
107041144,1132,32182,2050,4410,2612,51,257,824,2942,2952,26288,205,239,1606,292,297,3821,76,403,2133,0.7592601330628037,0.026706931533997075
107041145,457,25664,1428,2314,991,18,123,316,2366,2188,21110,117,198,1113,163,174,1977,40,176,775,0.8317884228949245,0.01481169378362611
107041146,1078,31748,1654,5195,2475,94,190,794,3204,2750,25794,148,187,1319,389,240,4566,122,256,2097,0.753214709371293,0.02557532621589561
107041147,106,15855,707,706,134,10,25,71,1752,849,13254,64,66,577,71,34,601,3,26,105,0.9055860178204249,0.006054375142791867
107041148,51,20302,1013,1039,178,6,3,42,2101,1564,16637,99,103,811,82,65,892,12,26,140,0.8989948191117212,0.00225833591639729
107041150,208,35560,1674,1733,477,20,44,144,3804,2896,28860,149,176,1349,140,139,1454,17,90,370,0.8968021789569253,0.005245637042267729
107041548,1049,18103,3429,2946,2374,54,132,863,582,1850,15671,159,470,2800,161,141,2644,71,153,2150,0.6488297910469158,0.037597218737679655
107041549,1815,20994,2054,4896,3650,108,286,1421,1764,1329,17901,208,211,1635,350,161,4385,136,312,3202,0.6283935466491065,0.05432667843994134
108011151,8,8673,587,147,27,0,0,8,700,1025,6948,45,76,466,6,14,127,0,9,18,0.9185553908070324,8.472781190425757e-4
108011152,48,25630,2028,566,231,0,3,45,1853,4336,19441,109,479,1440,36,101,429,7,43,181,0.8992035926042873,0.0016840332596568782
108011153,12,11007,863,222,53,3,0,9,943,1437,8627,70,125,668,14,35,173,0,8,45,0.9054042938224891,9.870856296783745e-4
108011154,38,11013,937,223,134,3,12,23,549,2400,8064,38,230,669,3,40,180,6,29,99,0.8921020656136087,0.0030781692993114623
108021155,99,25010,3672,507,196,11,3,85,2599,2665,19746,243,370,3059,29,49,429,3,15,178,0.8482566815900149,0.003357753357753358
108021156,26,16154,1523,276,88,6,0,20,1277,1750,13127,104,194,1225,13,23,240,3,4,81,0.8941163447168872,0.0014390878397077544
108021157,15,8615,734,179,19,4,0,11,773,1141,6701,47,139,548,12,17,150,0,0,19,0.9009621418113365,0.001568709475005229
108021158,22,11995,1097,301,85,4,3,15,837,2045,9113,59,272,766,22,27,252,6,13,66,0.8885185185185185,0.0016296296296296295
108021159,14,13942,1059,233,70,3,0,11,1282,1479,11181,94,114,851,15,27,191,3,16,51,0.9101710406058232,9.139574356965661e-4
108021160,12,9400,616,160,35,0,0,12,624,1661,7115,35,130,451,13,11,136,0,8,27,0.9194952557957546,0.001173823730803091
108031161,0,640,73,22,9,0,0,0,40,66,534,8,0,65,0,0,22,0,0,9,0.8602150537634409,0
108041162,46,30923,1913,463,127,7,3,36,2232,5178,23513,112,401,1400,22,75,366,10,19,98,0.9238467973231358,0.001374282982791587
108041163,97,51118,2892,1565,412,6,6,85,4584,6342,40192,159,549,2184,134,139,1292,11,72,329,0.9114542472006276,0.001729548534341345
108041164,183,30706,2340,1059,349,18,23,142,2407,4825,23474,148,463,1729,89,104,866,25,43,281,0.8865086468227618,0.0052833674971850915
108041165,3,9327,1030,195,32,0,0,3,789,887,7651,76,124,830,10,18,167,0,7,25,0.8809861150467555,2.8336639274582036e-4
108041166,13,20512,1348,338,93,3,0,10,2102,2270,16140,130,145,1073,29,20,289,0,11,82,0.9196556671449068,5.828550932568149e-4
108051167,8,9186,677,142,33,0,0,8,740,1397,7049,51,108,518,10,20,112,7,0,26,0.9143937885725661,7.963368504877563e-4
108051168,23,19368,1077,464,124,3,3,17,1653,2664,15051,65,228,784,30,57,377,15,17,92,0.9198328267477204,0.0010923252279635258
108051169,108,36689,2912,893,328,14,3,91,3365,4612,28712,201,529,2182,62,69,762,30,31,267,0.8963840703640361,0.0026386513559736135
108051170,18,22501,1929,338,51,0,3,15,1643,3079,17779,115,247,1567,17,53,268,0,3,48,0.9059467729596973,7.247252083584974e-4
108051171,12,9839,632,175,60,0,0,12,878,1190,7771,48,102,482,15,17,143,0,10,50,0.9179884306773651,0.0011196118678857996
109011172,98,27112,1417,1032,433,13,10,75,2962,1938,22212,122,130,1165,92,49,891,31,26,376,0.9009703575701183,0.003256679516150472
109011173,194,16818,1687,666,335,20,13,161,1565,1511,13742,180,157,1350,67,38,561,27,25,283,0.8537055837563452,0.009847715736040609
109011174,131,17455,1735,891,364,21,13,97,1402,1880,14173,106,268,1361,64,38,789,21,40,303,0.8483184292379471,0.006366640746500778
109011175,37,21338,1433,332,83,4,6,27,2406,1938,16994,122,203,1108,28,43,261,0,7,76,0.9188304697928777,0.0015932480730310467
109011176,406,24243,2228,1293,759,45,29,332,2157,2430,19656,200,222,1806,117,96,1080,66,50,643,0.8380172145597843,0.014034359984790348
109021177,22,5001,689,171,65,0,6,16,453,516,4032,48,95,546,11,18,142,0,11,54,0.8407868190988568,0.003698722259583053
109021178,34,10278,1194,308,98,0,7,27,1013,1043,8222,111,119,964,15,30,263,9,12,77,0.8628274009402284,0.0028542646071188717
109021179,55,5953,844,250,90,10,3,42,611,497,4845,62,81,701,12,14,224,3,10,77,0.8277252502780867,0.007647385984427141
109031180,19,9926,751,156,86,3,0,16,834,1353,7739,48,145,558,16,19,121,0,9,77,0.9074785152678735,0.0017370634485280674
109031181,7,12074,1157,146,70,0,0,7,1095,1601,9378,85,200,872,7,14,125,3,4,63,0.8974282741192211,5.202913631633715e-4
109031182,105,12992,1332,277,153,4,0,101,1159,1515,10318,75,204,1053,26,19,232,7,9,137,0.8743522444309846,0.007066424389259035
109031183,11,12022,1217,160,86,0,0,11,1081,1374,9567,100,148,969,10,19,131,5,9,72,0.8907824540604624,8.150563129816242e-4
109031184,26,10600,767,173,109,7,0,19,944,1536,8120,56,131,580,10,9,154,5,3,101,0.9079229122055674,0.0022269807280513917
109031185,46,16846,1972,415,180,6,0,40,1454,2333,13059,176,281,1515,32,45,338,18,13,149,0.8657176627781489,0.0023639447042499615
110011186,473,38884,3449,2592,1266,61,8,404,3489,3374,32021,281,265,2903,216,65,2311,84,14,1168,0.8332761872106977,0.010136293502485856
110011187,32,8136,635,128,57,4,0,28,850,809,6477,58,75,502,13,3,112,4,6,47,0.9052069425901201,0.0035603026257231864
110011188,5,11050,770,194,30,0,0,5,1048,1110,8892,77,81,612,18,26,150,3,3,24,0.9170885550668105,4.149721968628102e-4
110011189,0,5640,710,72,15,0,0,0,492,711,4437,66,122,522,6,4,62,0,0,15,0.8761845580239241,0
110021190,35,15282,1972,270,88,3,0,32,1343,1954,11985,132,287,1553,27,13,230,0,17,71,0.8659828866096221,0.0019833399444664813
110021191,97,20897,1563,461,294,9,0,88,2133,2360,16404,151,197,1215,64,14,383,15,21,258,0.8964052848318462,0.004160947151681537
110021192,12,9172,1070,174,45,0,0,12,883,927,7362,84,113,873,23,24,127,0,15,30,0.875775804449537,0.0011458034947006588
110021193,8,10705,1151,90,25,0,0,8,1018,1350,8337,103,157,891,0,6,84,3,6,16,0.8936472159612655,6.678353785791802e-4
110021194,26,11447,1440,241,69,0,0,26,929,1511,9007,74,259,1107,15,32,194,0,18,51,0.8656885729410875,0.0019662708916282235
110031195,56,13685,1946,487,208,8,0,48,1456,1175,11054,188,193,1565,49,30,408,13,17,178,0.8353680869246735,0.003418386033451349
110031196,12,9327,1296,209,43,3,0,9,1083,558,7686,159,76,1061,32,10,167,3,0,40,0.8567098374207771,0.0011022320198401765
110031197,18,12620,1352,234,74,0,0,18,1355,1077,10188,133,160,1059,13,13,208,0,0,74,0.8826409288012309,0.001258917331095258
110031198,10,8294,1204,66,14,0,0,10,942,655,6697,122,138,944,0,10,56,0,0,14,0.8650396328744263,0.0010429703796412183
110041199,41,16540,1322,299,153,0,0,41,1806,1610,13124,125,168,1029,14,28,257,8,14,131,0.901116861890493,0.0022337237809861073
110041200,9,7408,742,88,21,0,0,9,715,666,6027,77,62,603,3,3,82,0,4,17,0.895984518626028,0.0010885341074020319
110041201,3,13811,1335,144,56,0,0,3,1317,1525,10969,107,153,1075,11,11,122,0,0,56,0.8997980324451105,1.954524724737768e-4
110041202,376,36206,2706,826,616,15,6,355,3677,3349,29180,214,297,2195,77,29,720,40,14,562,0.8889270807758409,0.009231524674686962
110041203,198,26196,2308,930,507,22,3,173,2558,2678,20960,174,275,1859,67,39,824,34,10,463,0.8691728325425528,0.006569561033876373
110041204,49,9577,1088,204,199,0,0,49,1349,536,7692,154,56,878,19,3,182,12,0,187,0.8614734190878834,0.0044076639381128
110041205,50,33601,2751,462,78,6,3,41,3407,3391,26803,210,380,2161,33,38,391,0,6,72,0.9095609333549889,0.0013534730117481456
111011206,99,32653,1532,851,334,9,9,81,3037,3310,26306,99,333,1100,71,82,698,9,45,280,0.9206067270010432,0.002791169753869576
111011207,25,10407,482,179,91,3,0,22,798,1156,8453,33,78,371,11,18,150,0,6,85,0.9305257510729614,0.0022353361945636626
111011208,315,43015,1981,1881,763,20,59,236,4222,3748,35045,168,227,1586,140,124,1617,31,140,592,0.8969867584193515,0.0065686581169846735
111011209,231,42459,1719,1754,593,19,34,178,4213,3450,34796,143,221,1355,151,129,1474,25,87,481,0.9080973564890068,0.004940542390281461
111011210,61,16090,1029,457,167,4,7,50,1597,1540,12953,97,119,813,37,46,374,0,22,145,0.9037294989889912,0.0034261963603684567
111011211,12,6379,384,237,32,0,3,9,599,695,5085,28,99,257,23,15,199,6,7,19,0.9055934128336173,0.0017035775127768314
111011212,42,21408,993,467,156,3,3,36,1730,2697,16981,69,175,749,25,52,390,6,25,125,0.9281193098066418,0.0018208618746206537
111011213,61,22258,704,790,127,15,4,42,2131,2260,17867,43,72,589,48,72,670,3,18,106,0.9297410192147034,0.0025480367585630744
111011214,106,24459,1043,894,242,9,19,78,2164,2604,19691,55,150,838,45,93,756,12,40,190,0.9145602752019144,0.003963505833084057
111021215,63,15335,1138,408,95,3,12,48,1360,1547,12428,65,269,804,24,29,355,3,16,76,0.8999941311109807,0.0036974000821644462
111021216,43,16013,695,523,157,3,3,37,1531,1737,12745,49,104,542,44,58,421,3,26,128,0.9186506798233033,0.002466869370661465
111021217,153,25593,1037,1224,395,41,9,103,3015,1676,20902,123,98,816,123,54,1047,27,34,334,0.9010985141891417,0.005386944581367509
111021218,125,26850,1576,1003,325,14,20,91,2169,3516,21165,117,256,1203,47,102,854,9,53,263,0.8986244519562234,0.004183540279125807
111021219,74,24696,1266,599,209,3,13,58,2016,3051,19629,60,265,941,39,63,497,10,22,177,0.9199821189092534,0.002756668156757562
111021220,48,16663,535,415,118,0,3,45,1382,1953,13328,17,95,423,30,45,340,6,14,98,0.9372293154845605,0.0026998143877608413
111021221,11,12198,482,202,42,3,0,8,1228,792,10178,49,28,405,21,12,169,3,3,36,0.9430228063393893,8.504058755315037e-4
111031222,256,27896,817,1593,598,25,52,179,2840,2298,22758,82,76,659,150,103,1340,22,103,473,0.8952503209242618,0.008215661103979461
111031223,176,15033,986,337,166,6,0,170,1415,1494,12124,91,110,785,28,22,287,12,8,146,0.9002874595759971,0.010540184453227932
111031224,334,19713,1456,1512,662,8,120,206,1589,1412,16712,75,203,1178,96,115,1301,33,144,485,0.8325801410651688,0.014106516872914643
111031225,288,29270,1203,1636,630,27,47,214,2936,2260,24074,110,162,931,155,81,1400,34,75,521,0.8862445877615285,0.008720138068852757
111031226,305,23414,831,1875,688,33,38,234,2863,1008,19543,115,34,682,211,66,1598,52,45,591,0.8635709807103603,0.011249216243130602
111031227,454,24915,1921,1560,905,38,76,340,1982,1672,21261,89,358,1474,106,56,1398,60,86,759,0.8373382624768947,0.015257939842043353
111031228,76,24542,1226,1127,247,3,23,50,2219,1793,20530,52,195,979,80,52,995,12,43,192,0.9016827099713425,0.002792269821441693
111031229,130,18011,1775,1273,343,16,5,109,888,1334,15789,76,149,1550,51,51,1171,11,22,310,0.8364759427828349,0.006037525543377299
111031230,0,33,0,0,0,0,0,0,0,6,27,0,0,0,0,0,0,0,0,0,1,0
111031231,893,16174,1287,2338,2366,96,21,776,1077,1352,13745,151,96,1040,173,34,2131,79,37,2250,0.7014485211206523,0.03872842397432561
111031232,30,12821,1718,323,69,11,3,16,966,1769,10086,46,289,1383,22,20,281,3,5,61,0.8569614330592875,0.0020052135552436332
111031233,620,33233,1699,2413,1271,56,130,434,2845,3490,26898,175,222,1302,208,112,2093,64,142,1065,0.8470027525741666,0.015801814660006117
111031234,259,19765,1917,1372,769,24,42,193,1682,1387,16696,75,567,1275,70,58,1244,30,57,682,0.8207374802757246,0.010754920687650528
111031235,97,13968,928,731,241,12,10,75,1056,798,12114,52,60,816,52,26,653,8,18,215,0.8749138740995929,0.006075790792358283
112011236,83,29989,2951,871,338,9,9,65,2053,4641,23295,162,680,2109,70,80,721,18,33,287,0.8760516475812106,0.0024246319233465763
112011237,45,30216,2185,929,280,4,3,38,2815,3400,24001,189,224,1772,87,77,765,13,39,228,0.8978160748774328,0.0013370970138166691
112011238,13,9492,1242,476,96,0,0,13,904,743,7845,102,121,1019,42,20,414,5,0,91,0.8385899814471243,0.0011485113525929853
112011239,27,13988,1430,796,152,4,3,20,1153,1310,11525,128,116,1186,81,31,684,10,11,131,0.8532910388580491,0.0016470444702006955
112011240,74,14504,2946,1177,294,13,0,61,1054,1202,12248,203,227,2516,85,48,1044,8,8,278,0.763569360357989,0.003895762042642801
112011241,13,9362,890,129,44,0,0,13,770,1199,7393,62,115,713,7,16,106,3,3,38,0.8969151178386664,0.0012454493197930638
112011242,24,14076,790,547,84,6,0,18,1364,1161,11551,60,95,635,59,31,457,9,11,64,0.9069003285870756,0.00154629212035307
112011243,34,12827,2027,910,193,9,0,25,1169,1174,10484,171,197,1659,89,43,778,18,24,151,0.802138703020449,0.0021261959852416986
112021244,31,22403,1582,307,134,3,0,28,2333,2556,17514,142,187,1253,14,33,260,7,19,108,0.9160158645786483,0.001267530768287198
112021245,31,12374,1277,177,66,3,0,28,1145,1237,9992,125,113,1039,0,20,157,6,9,51,0.8886175942549371,0.0022262118491921004
112021246,126,23057,1765,962,323,16,18,92,2223,2359,18475,115,234,1416,78,90,794,19,46,258,0.8789311172950101,0.0048031105859032515
112021247,10,12874,1316,324,89,3,0,7,1073,1460,10341,95,162,1059,33,27,264,6,6,77,0.8809963730924519,6.843221788818176e-4
112021248,162,26622,2473,971,350,17,16,129,2339,2301,21982,160,242,2071,66,72,833,25,38,287,0.8706259402184577,0.005297926613905422
112021249,41,26346,2460,1003,209,3,4,34,2400,2133,21813,187,203,2070,80,94,829,10,30,169,0.8764762633487475,0.0013639841644765296
112031250,21,23553,1940,639,143,6,0,15,2200,2564,18789,158,254,1528,49,58,532,7,6,130,0.8956875570428963,7.986005476118041e-4
112031251,55,15945,1202,534,175,7,10,38,1533,1845,12567,88,202,912,56,39,439,5,22,148,0.8902350510859248,0.00307073865222489
112031252,34,16722,1910,507,106,4,0,30,1480,1474,13768,146,197,1567,40,31,436,6,4,96,0.8673686394522537,0.0017635769490118782
112031253,52,23738,1594,760,189,7,9,36,2473,2227,19038,161,164,1269,88,53,619,17,14,158,0.901454448790491,0.001974708540614438
112031254,167,33403,3364,1324,559,26,12,129,2252,4919,26232,213,635,2516,89,96,1139,30,52,477,0.8605250276940516,0.004302238709843626
112031550,96,28557,1342,940,324,9,6,81,2245,4272,22040,74,247,1021,86,89,765,20,43,261,0.9135608944623949,0.0030711155187306055
112031551,7,5974,287,211,42,0,0,7,646,447,4881,31,20,236,14,16,181,0,5,37,0.9161171599447937,0.0010734549915657108
112031552,107,14233,1083,596,280,3,9,95,928,2712,10593,61,217,805,33,73,490,13,33,234,0.873243757285723,0.00656481992760292
113011256,1597,25732,3968,4520,2428,76,240,1281,2936,1956,20840,404,450,3114,387,326,3807,132,249,2047,0.6728199764675121,0.04175709243038306
113011257,269,21053,2501,1448,461,10,48,211,2384,1413,17256,271,198,2032,84,146,1218,16,53,392,0.8181641535830873,0.01045390952899114
113011258,208,16897,1729,886,434,12,36,160,1813,1479,13605,159,197,1373,57,81,748,6,62,366,0.8383943634018061,0.010320531904336608
113011259,26,10506,1229,214,102,7,3,16,1036,1161,8309,121,144,964,25,25,164,5,6,91,0.8699180259998344,0.002152852529601722
113021260,6,5899,812,134,32,0,0,6,513,690,4696,26,71,715,10,10,114,3,0,29,0.8570390817957286,8.717129158797036e-4
113021261,30,10847,1263,274,106,3,4,23,1075,1142,8630,89,206,968,23,9,242,11,6,89,0.8663738019169329,0.0023961661341853034
113021262,81,8286,740,240,104,0,7,74,790,901,6595,51,103,586,22,28,190,0,15,89,0.8767326208866787,0.008570521637921913
113031263,39,13825,964,196,85,4,0,35,1192,1923,10710,80,141,743,16,17,163,9,8,68,0.9150175392150374,0.002581242967767556
113031264,9,6540,491,101,26,0,0,9,666,701,5173,43,60,388,6,4,91,0,0,26,0.9125156969443282,0.0012557555462536626
113031265,130,9417,2688,146,95,3,0,127,987,865,7565,99,125,2464,13,9,124,0,0,95,0.7548092337287592,0.010420006412311639
113031266,25,12307,814,163,94,6,0,19,1182,1496,9629,68,107,639,12,14,137,6,8,80,0.9182272625531598,0.0018652540476012834
113031267,222,29713,1446,1226,579,24,6,192,3165,2627,23921,130,127,1189,145,59,1022,46,17,516,0.8953474356656421,0.006689567890074128
113031268,77,7480,452,566,211,11,0,66,703,467,6310,42,33,377,58,13,495,12,0,199,0.8513544274982927,0.008763942636011837
113031269,433,37497,2088,1634,874,66,9,358,4097,2755,30645,229,180,1679,175,63,1396,105,17,752,0.8817429337346564,0.010182006302026996
113031270,213,20474,1960,1072,563,22,0,191,1674,1817,16983,151,219,1590,83,35,954,33,19,511,0.8431760151552591,0.008771929824561403
113031271,46,26517,2478,488,97,0,6,40,2896,2205,21416,230,302,1946,48,13,427,3,0,94,0.895058394653345,0.0015526902045500575
114011272,21,15748,1276,420,102,0,0,21,1134,2597,12017,67,242,967,29,50,341,0,32,70,0.8964535777309729,0.0011954232367507257
114011273,31,6398,444,206,140,0,11,20,481,834,5083,15,65,364,11,41,154,0,53,87,0.8862723368887657,0.0042942235766726695
114011274,21,8816,772,217,64,0,4,17,597,1370,6849,37,136,599,6,29,182,0,25,39,0.8914054600606673,0.002123356926188069
114011275,8,75,18,0,0,0,0,8,4,9,62,0,4,14,0,0,0,0,0,0,0.7425742574257426,0.07920792079207921
114011276,62,7285,507,361,182,0,18,44,493,1019,5773,34,76,397,18,51,292,3,58,121,0.8675717518161248,0.007383589377158509
114011277,109,28277,1925,861,328,15,12,82,2616,3039,22622,174,238,1513,52,84,725,12,39,277,0.8976825396825396,0.0034603174603174604
114011278,179,33582,4584,1210,464,20,12,147,3565,3001,27016,282,384,3918,93,112,1005,25,58,381,0.8391514030835353,0.004472875384192509
114011279,122,25235,1592,740,332,5,43,74,2204,3511,19520,95,287,1210,27,130,583,3,107,222,0.9005745690731951,0.004353877449056065
114011280,7,7935,461,183,85,0,3,4,441,1585,5909,25,98,338,7,32,144,0,14,71,0.9151193633952255,8.072886633606274e-4
114011281,21,6106,400,187,68,3,6,12,508,563,5035,37,41,322,22,20,145,0,18,50,0.9003243880861103,0.0030964317310527866
114011282,85,27461,1913,789,309,7,20,58,2151,4189,21121,137,345,1431,49,107,633,6,65,238,0.8986811532545734,0.0027816866839022155
114011283,20,9084,735,220,32,0,6,14,658,1223,7203,54,100,581,17,40,163,0,4,28,0.9002081062332772,0.001981964126449311
114021284,91,22889,1415,1153,340,7,15,69,1817,4142,16930,114,237,1064,58,145,950,12,57,271,0.8841548207663782,0.003515142150803461
114021285,53,10910,648,347,76,8,15,30,1250,651,9009,78,64,506,15,23,309,4,16,56,0.9065979724115008,0.004404188133621406
114021286,100,15564,1240,840,252,8,14,78,1329,1902,12333,106,163,971,52,78,710,15,25,212,0.8648588575238942,0.005556790397866192
114021287,247,17038,1163,724,427,10,17,220,1623,1913,13502,111,132,920,56,67,601,13,24,390,0.8693300678606052,0.01260268381039849
114021288,17,6219,576,151,44,3,0,14,596,696,4927,48,81,447,11,22,118,3,7,34,0.8875410303981732,0.0024261452832881406
114021289,20,11898,738,440,73,5,3,12,955,1719,9224,48,89,601,34,50,356,0,10,63,0.9034854582732174,0.001518718201837649
115011290,1886,27910,2070,9958,4039,224,199,1463,3127,2595,22188,278,278,1514,1084,334,8540,295,218,3526,0.6085515557202974,0.04112247345354643
115011291,1274,23713,1448,10461,3184,142,155,977,2518,1608,19587,176,164,1108,886,426,9149,189,230,2765,0.5916417165668663,0.03178642714570858
115011294,86,10613,373,1131,281,6,9,71,1020,1225,8368,30,58,285,59,95,977,13,51,217,0.8501281640499839,0.006888817686638898
115011296,882,15174,926,6172,2093,86,107,689,1477,1120,12577,109,107,710,410,321,5441,112,177,1804,0.6010219035925061,0.034934843743811145
115011553,627,9221,738,3244,1379,71,57,499,964,815,7442,97,95,546,340,122,2782,105,61,1213,0.6062857518574528,0.04122559011111842
115011554,282,6222,1390,2424,812,13,46,223,481,1056,4685,35,592,763,216,117,2091,49,65,698,0.5590296495956874,0.025336927223719677
115011555,817,15659,941,4474,1855,80,81,656,1648,1354,12657,100,133,708,369,265,3840,99,125,1631,0.6594373789269772,0.03440579466015329
115011556,849,11691,899,3937,1634,92,103,654,1282,1008,9401,111,123,665,375,130,3432,100,88,1446,0.6149921094160968,0.04466070489216202
115011557,371,5930,347,2885,915,29,53,289,777,268,4885,54,20,273,223,106,2556,37,73,805,0.567572741194487,0.03550918836140888
115011558,1259,20834,1295,10740,3402,104,186,969,2101,1795,16938,163,167,965,863,484,9393,206,268,2928,0.5551292299493739,0.03354649613642419
115011559,1285,29548,1789,10549,3293,126,151,1008,4058,1333,24157,249,128,1412,880,328,9341,199,223,2871,0.6359331955922864,0.02765581955922865
115021297,588,33202,2002,4858,1377,47,118,423,3395,2855,26952,166,195,1641,328,341,4189,66,234,1077,0.7900159421324386,0.013991005781997287
115021298,86,9017,437,688,162,3,23,60,877,922,7218,34,52,351,40,66,582,9,35,118,0.8678537054860442,0.008277189605389798
115031299,3,4438,755,150,40,0,0,3,386,429,3623,63,88,604,5,22,123,0,4,36,0.8239881173412551,5.569996286669142e-4
115031300,148,39193,2554,1488,393,13,32,103,4087,2470,32636,217,194,2143,87,133,1268,22,69,302,0.8953079312865497,0.003380847953216374
115041301,151,18409,1e3,1124,377,10,23,118,2064,1163,15182,85,113,802,89,79,956,20,61,296,0.8740800531788614,0.0071696500640995205
115041302,856,31432,1724,8813,2464,80,107,669,4621,1108,25703,251,83,1390,739,255,7819,148,174,2142,0.6940316633178034,0.018900836847799685
116011303,1979,14258,2844,9617,5112,221,219,1539,1668,885,11705,439,244,2161,769,223,8625,328,235,4549,0.421709553386572,0.05853297840875481
116011304,1622,19608,1854,8841,4109,144,292,1186,2317,1293,15998,234,183,1437,777,323,7741,245,378,3486,0.5441527446300716,0.045013043236942885
116011306,1812,20118,2452,14798,5874,146,283,1383,2764,889,16465,346,196,1910,1132,431,13235,303,417,5154,0.4465308296710614,0.040218404581169265
116011307,1347,33936,2989,8161,3315,98,214,1035,3683,2274,27979,330,339,2320,667,344,7150,187,267,2861,0.6821580767066012,0.027076465385543137
116011308,2567,23591,3169,12799,5752,209,321,2037,2662,1734,19195,382,284,2503,1179,478,11142,330,404,5018,0.4927315259618196,0.05361543924140524
116011560,1187,12033,1620,6810,2995,90,168,929,1461,808,9764,247,107,1266,638,189,5983,154,213,2628,0.4882531953743153,0.04816392777439643
116011561,1656,15469,2172,8995,4010,138,207,1311,1845,1067,12557,304,233,1635,803,286,7906,232,301,3477,0.47888675623800386,0.05126617546901121
116021309,1032,16123,1043,10967,3081,93,124,815,2375,486,13262,163,97,783,967,266,9734,150,233,2698,0.5,0.03200396948458724
116021310,1736,34493,5036,18859,5154,223,196,1317,5954,975,27564,526,182,4328,1763,286,16810,360,253,4541,0.5284016054413432,0.026593952020588865
116021312,743,22673,2576,6559,2031,95,96,552,2747,1112,18814,336,162,2078,554,195,5810,172,174,1685,0.6556300965820369,0.021485165693135157
116021562,185,4096,265,2346,655,15,30,140,568,117,3411,44,11,210,210,56,2080,52,39,564,0.5427322114747581,0.024513051543659733
116021563,1131,27849,2030,11114,3753,129,137,865,3775,912,23162,347,119,1564,950,286,9878,252,238,3263,0.607036205506027,0.02465287616888637
116031313,1309,23199,3550,5969,2871,104,187,1018,3286,1368,18545,506,284,2760,583,162,5224,176,250,2445,0.6287332646755922,0.03547617757060003
116031314,613,8652,918,4656,1876,49,121,443,1330,181,7141,149,70,699,433,95,4128,123,141,1612,0.5176189051749925,0.03667364642536644
116031315,1423,20482,2362,12350,4714,127,187,1109,2952,612,16918,369,113,1880,1079,251,11020,255,266,4193,0.4955602332389732,0.03442936294790835
116031316,1008,26982,3770,6977,2722,129,136,743,3922,1584,21476,536,260,2974,707,133,6137,213,175,2334,0.6508116452398756,0.024313176873537713
116031317,2944,19315,3803,12716,6605,306,294,2344,2854,1173,15288,635,288,2880,1400,262,11054,450,359,5796,0.42559989423352357,0.06487010554612961
116031318,0,25,24,3,0,0,0,0,0,0,25,0,0,24,0,0,3,0,0,0,0.4807692307692308,0
116031319,1647,20786,2438,12307,5145,153,288,1206,2586,1230,16970,365,198,1875,997,362,10948,271,387,4487,0.4911277555938851,0.03891501075065567
117011320,0,31,0,0,0,0,0,0,0,6,25,0,0,0,0,0,0,0,0,0,1,0
117011321,521,14787,1491,3376,1463,43,113,365,1714,776,12297,163,98,1230,261,125,2990,53,171,1239,0.6833810888252149,0.024078010906738147
117011322,3534,19612,3627,12825,9199,223,618,2693,1988,947,16677,379,298,2950,827,408,11590,270,669,8260,0.40190995348074676,0.07242248498883128
117011323,1205,11438,2044,5185,2863,71,212,922,1194,885,9359,203,207,1634,406,243,4536,124,289,2450,0.5031009456784693,0.05300197932702881
117011324,0,3,0,8,0,0,0,0,0,0,3,0,0,0,0,0,8,0,0,0,0.2727272727272727,0
117011325,0,29,53,10,3,0,0,0,0,3,26,0,6,47,0,0,10,0,0,3,0.30526315789473685,0
117021326,4348,29578,4653,9423,5049,108,1104,3136,2535,1075,25968,358,432,3863,576,263,8584,185,624,4240,0.5575389719326685,0.08195886976682815
117021327,1204,28538,3720,4973,2011,38,358,808,2133,1006,25399,234,222,3264,255,147,4571,59,303,1649,0.7055827523117243,0.029768085842852197
117021328,865,10051,1152,2465,1149,37,180,648,869,320,8862,80,99,973,144,53,2268,30,137,982,0.640925902308379,0.055158780767759215
117031329,381,14229,3691,2937,1366,10,20,351,341,710,13178,104,180,3407,65,60,2812,10,43,1313,0.6294903556892585,0.016855423818793135
117031330,489,23802,2878,3963,1293,48,37,404,1291,567,21944,187,84,2607,165,53,3745,56,53,1184,0.7340632228218967,0.01508095605242868
117031331,1083,24898,4258,5827,3164,52,127,904,1215,1408,22275,192,346,3720,190,155,5482,81,103,2980,0.6346673464185573,0.02760642365536579
117031332,1082,33974,4570,6352,3677,37,132,913,1676,910,31388,212,145,4213,157,108,6087,55,97,3525,0.684200986808982,0.021790353438727216
117031333,640,25676,9038,5141,1853,38,62,540,480,1865,23331,149,388,8501,80,179,4882,35,75,1743,0.606309625011807,0.015112874279777085
117031334,3159,16777,5171,9158,9049,108,160,2891,799,873,15105,271,271,4629,286,136,8736,101,99,8849,0.38733434917116866,0.07293253913284388
117031335,2423,22101,5770,7488,7251,57,315,2051,815,823,20463,174,426,5170,178,113,7197,54,202,6995,0.490773432815935,0.053804987453645106
117031336,1506,19132,4625,4621,2924,16,201,1289,513,746,17873,138,269,4218,96,114,4411,35,121,2768,0.5831504511094855,0.04590343818580834
117031337,6753,13761,8739,10384,15169,145,120,6488,396,969,12396,308,339,8092,242,161,9981,154,114,14901,0.2510856475568368,0.12321643615662518
117031338,4310,29115,7746,13201,11763,181,586,3543,1491,979,26645,473,525,6748,471,223,12507,212,388,11163,0.4402358811521887,0.06516972858546911
118011339,501,25787,3796,4771,1953,35,93,373,2219,1334,22234,268,204,3324,244,238,4289,52,232,1669,0.7005813953488372,0.0136111714844599
118011340,419,28727,4921,5621,1788,31,82,306,2437,1191,25099,307,257,4357,351,223,5047,57,170,1561,0.692617417301572,0.010102227794387115
118011341,700,21845,4131,4779,2270,35,155,510,1860,1696,18289,291,453,3387,264,292,4223,79,245,1946,0.6477390659747961,0.020756115641215715
118011342,0,0,0,0,0,0,0,0,0,0,0,0,0,0,0,0,0,0,0,0,NaN,NaN
118011343,400,36755,4928,6134,1507,59,35,306,2705,3712,30338,309,566,4053,424,519,5191,75,155,1277,0.739180275118655,0.008044405116241654
118011344,281,15408,1350,3530,1040,40,33,208,1693,1037,12678,142,123,1085,254,268,3008,50,142,848,0.7130362349021241,0.013003840992179185
118011345,257,23173,3049,3079,805,21,60,176,1565,1472,20136,214,172,2663,156,148,2775,32,89,684,0.7631986299114053,0.0084642492507328
118011346,234,18159,1612,2964,704,22,17,195,1941,1596,14622,142,175,1295,238,272,2454,45,80,579,0.7670764161703206,0.009884678747940691
118011347,115,11666,1571,1623,375,16,25,74,885,1251,9530,101,244,1226,109,119,1395,22,36,317,0.76,0.00749185667752443
118021348,659,37828,4475,6167,1773,50,156,453,3287,2073,32468,349,298,3828,430,285,5452,95,172,1506,0.7431535106675573,0.012946446112137048
118021350,1253,29587,6942,7122,3185,70,270,913,2971,2494,24122,326,655,5961,508,436,6178,119,423,2643,0.6152550479319595,0.026055854769281957
118021564,1192,14089,2374,6700,5385,59,128,1005,893,759,12437,146,158,2070,277,170,6253,66,176,5143,0.4737390719569603,0.04008069939475454
118021565,2265,11875,1865,7035,8169,69,260,1936,1156,608,10111,126,112,1627,310,280,6445,110,344,7715,0.3804992149700407,0.07257521868691724
118021566,777,11680,1069,4145,1928,47,190,540,1134,924,9622,89,106,874,274,273,3598,46,266,1616,0.5959487728965763,0.0396448798408082
118021567,859,12958,1729,3978,1843,45,178,636,1205,988,10765,143,183,1403,288,201,3489,62,252,1529,0.6064491973604156,0.04020218093321477
118021568,1130,9369,1469,4914,3505,64,178,888,1014,599,7756,142,128,1199,290,229,4395,107,227,3171,0.45955756119095503,0.05542747829499191
118021569,560,23950,2309,5093,1830,35,110,415,2060,1391,20499,196,234,1879,318,285,4490,73,177,1580,0.7097978780155296,0.016596526584079188
118021570,635,16557,2849,4080,2084,41,82,512,1359,878,14320,176,197,2476,236,164,3680,73,145,1866,0.6318259874069834,0.0242320167906888
119011354,3527,17443,3173,14007,5468,228,466,2833,2186,1829,13428,463,319,2391,1667,372,11968,377,582,4509,0.39990370947773857,0.08086111238479526
119011355,209,378,259,697,242,22,10,177,75,3,300,32,11,216,63,10,624,3,6,233,0.21176470588235294,0.11708683473389356
119011356,2079,6683,1817,8690,3358,130,270,1679,1091,504,5088,275,160,1382,939,198,7553,223,302,2833,0.2953551067308967,0.09188138065143413
119011357,4790,13265,4394,21966,7517,285,750,3755,2072,1035,10158,641,427,3326,2757,447,18762,534,714,6269,0.2554301779249788,0.0922360009242856
119011358,1924,18282,2060,7423,3219,110,235,1579,1792,1922,14568,198,239,1623,557,250,6616,138,268,2813,0.5555488027227422,0.05846602649811596
119011359,1657,35345,2594,8803,3214,125,229,1303,3824,3012,28509,292,230,2072,801,225,7777,197,258,2759,0.6848080909848294,0.03210431480440974
119011360,2064,16945,2079,7845,3519,108,302,1654,1863,1489,13593,240,262,1577,671,222,6952,194,280,3045,0.5221557993344016,0.06360162701836558
119011361,4676,12235,3585,14151,6781,255,540,3881,1640,1166,9429,487,379,2719,1684,284,12183,437,495,5849,0.295331659747031,0.11287052235203245
119011571,4307,6025,3876,11650,6633,298,425,3584,940,400,4685,583,354,2939,1364,213,10073,466,357,5810,0.18543596688313688,0.13255978578683328
119011572,4947,5322,4184,11083,6462,261,573,4113,867,317,4138,567,395,3222,1248,182,9653,433,399,5630,0.1663228951809488,0.15460341271329459
119021362,4256,12386,3084,12514,5836,191,848,3217,1702,757,9927,340,412,2332,1037,350,11127,248,685,4903,0.32529677487131003,0.11177644710578842
119021363,9564,13279,6955,17866,13585,396,1093,8075,1678,760,10841,657,817,5481,1453,317,16096,600,761,12224,0.21680353964962693,0.15614948815490864
119021364,3686,20703,3507,14136,5334,138,1061,2487,2600,1282,16821,376,449,2682,1032,596,12508,224,1106,4004,0.4370856732677448,0.07781953299835324
119021366,4743,9075,3885,16129,7677,252,626,3865,1592,504,6979,553,384,2948,1827,269,14033,458,528,6691,0.21862728564889541,0.11426437640029873
119021367,2106,9918,2327,9473,3689,142,334,1630,1298,841,7779,307,222,1798,973,232,8268,205,426,3058,0.36048413477265295,0.07654563297350343
119021573,4582,5001,3779,12139,8549,416,410,3756,923,302,3776,699,342,2738,1626,169,10344,629,318,7602,0.14687224669603524,0.13456681350954477
119021574,2314,3448,2364,7418,4903,199,214,1901,660,184,2604,435,128,1801,835,86,6497,361,186,4356,0.16863109502616522,0.11317063627916076
119031368,6572,9128,5069,14199,12222,416,653,5503,1032,706,7390,444,712,3913,1107,281,12811,469,501,11252,0.1934308116126298,0.13926679381224835
119031369,2801,24341,3448,11150,6075,208,369,2224,2402,1996,19943,379,386,2683,855,269,10026,291,320,5464,0.5090661926173795,0.05857994353236432
119031370,2877,9917,2247,8011,4476,148,377,2352,1121,1015,7781,244,336,1667,624,247,7140,210,379,3887,0.36025138041267074,0.10451176983435048
119031371,1090,15641,1155,5134,2239,66,164,860,1510,1375,12756,110,141,904,410,197,4527,138,216,1885,0.6192248307533949,0.043152935587315415
119031372,1196,23567,1605,7058,2441,69,183,944,2332,2896,18339,153,273,1179,585,272,6201,113,284,2044,0.6570663841414113,0.03334541500543675
119031373,3102,7129,2610,5751,4027,143,432,2527,745,677,5707,211,424,1975,479,149,5123,191,275,3561,0.315177505636854,0.13714134135019232
119031374,4240,18813,3384,13433,8269,249,493,3498,1992,1894,14927,330,460,2594,1064,402,11967,329,455,7485,0.39080579156193523,0.08807827333347182
119041375,3493,14766,3692,12481,8481,195,453,2845,1353,763,12650,403,246,3043,792,234,11455,238,374,7869,0.34409153403397574,0.08139724558991447
119041376,4219,18053,4369,17199,9129,250,797,3172,2129,1317,14607,477,659,3233,1462,472,15265,403,818,7908,0.34082199022069515,0.07965036153221695
119041377,2125,10511,1469,7831,3240,85,471,1569,1279,822,8410,160,170,1139,610,328,6893,120,519,2601,0.4175007944073721,0.08440578328566889
119041378,1672,6634,1764,7852,4668,126,281,1265,735,503,5396,220,165,1379,594,176,7082,176,237,4255,0.2936697653829128,0.07401505090748119
119041379,2498,12074,2336,9803,5228,164,408,1926,1344,863,9867,293,249,1794,708,272,8823,198,406,4624,0.37803312564576225,0.07821159084504838
119041380,1573,12152,2428,8539,3282,88,392,1093,1247,1037,9868,224,236,1968,561,421,7557,123,524,2635,0.4344033745620934,0.05623078572960606
119041381,3346,11121,3724,12974,8723,178,590,2578,1184,733,9204,343,496,2885,833,277,11864,233,539,7951,0.27880565583634176,0.08388487765744083
119041382,1303,17943,2168,7914,2616,83,334,886,1657,2001,14285,225,259,1684,573,377,6964,119,484,2013,0.5617017280240421,0.04079013273228149
120011383,2028,25294,2422,9745,3972,125,453,1450,2642,2128,20524,224,276,1922,581,526,8638,154,597,3221,0.5819930512413428,0.046662525022433905
120011384,4365,16887,4308,13787,10320,315,304,3746,1808,880,14199,578,188,3542,685,266,12836,294,325,9701,0.34000442950047316,0.0878853162059315
120011385,995,25570,2592,5719,1741,41,323,631,2513,1951,21106,217,286,2089,332,365,5022,72,339,1330,0.6983095283611437,0.027173170931534534
120011386,1731,25632,2913,7826,2782,77,534,1120,2594,1770,21268,265,336,2312,484,414,6928,96,566,2120,0.6269445259759319,0.04233930143821544
120021387,267,25190,2730,2595,590,39,44,184,2269,1836,21085,209,191,2330,197,102,2296,25,59,506,0.802945301542777,0.008510773938543924
120021388,939,39641,3960,6153,2043,51,284,604,4006,1907,33728,383,203,3374,412,243,5498,98,335,1610,0.7516876516990292,0.01780567354368932
120021389,462,21598,2154,2985,793,33,125,304,2142,1098,18358,183,121,1850,185,110,2690,41,115,637,0.7715775935981709,0.01650471563303801
120031390,3872,19587,4568,12097,8858,164,563,3145,1546,1478,16563,373,533,3662,676,345,11076,273,522,8063,0.3998815891551999,0.0790494467355355
120031391,6030,14586,4313,12831,11524,209,788,5033,1377,964,12245,333,526,3454,736,394,11701,335,595,10594,0.2959581202824446,0.12235208181154127
120031392,1415,10808,1433,4749,2484,54,347,1014,1209,525,9074,134,132,1167,277,194,4278,67,334,2083,0.5174015031834936,0.06773900138829049
120031393,2594,16426,2116,9100,4222,138,559,1897,1803,1094,13529,195,252,1669,674,384,8042,173,562,3487,0.47669626792036685,0.07528005107667306
120031394,1650,21186,2656,5715,2416,53,476,1121,1889,823,18474,179,228,2249,356,192,5167,72,362,1982,0.6301043928263391,0.04907355084317283
120031395,1227,17306,1612,4749,2042,51,390,786,1731,831,14744,135,151,1326,291,267,4191,75,375,1592,0.6424858924858925,0.04555242055242055
120031396,3399,6743,4293,11209,6725,237,193,2969,648,256,5839,451,210,3632,778,142,10289,352,163,6210,0.20831659921529858,0.10500787790787482
120031575,4743,14564,4214,16792,9748,208,468,4067,1367,1289,11908,370,432,3412,898,654,15240,300,532,8916,0.29092507141287627,0.09474441181758254
120031576,427,2879,460,2425,877,14,66,347,327,173,2379,50,40,370,192,95,2138,49,95,733,0.40732880588568193,0.06041312959818902
121011398,5347,21824,4970,14759,10443,439,474,4434,2154,1688,17982,608,495,3867,1257,390,13112,548,470,9425,0.38058699405332824,0.09324590621348726
121011399,1988,22666,2674,9659,4742,173,181,1634,2132,1615,18919,320,244,2110,713,307,8639,249,229,4264,0.5431714155623187,0.0476407294687148
121011400,1026,39580,2575,7744,2555,123,116,787,4162,3201,32217,264,201,2110,501,368,6875,119,209,2227,0.7400897531787585,0.01918474195961107
121011401,711,12453,1655,4362,1823,75,91,545,1099,590,10764,162,96,1397,178,108,4076,76,98,1649,0.5928870691296896,0.033850695105694155
121011402,1339,36752,2439,7582,2796,97,245,997,4711,2695,29346,271,244,1924,584,461,6537,148,396,2252,0.7219297556376209,0.026302349336057202
121021403,663,28375,1226,4584,1700,70,72,521,3126,1923,23326,165,118,943,437,178,3969,90,122,1488,0.7763762722994418,0.01814052752544599
121021404,121,20454,733,1631,428,15,9,97,2290,1446,16718,85,51,597,124,79,1428,37,33,358,0.8753370137373219,0.005178242821072453
121021406,848,26765,1493,5693,2247,84,110,654,3018,2347,21400,179,169,1145,449,237,5007,128,166,1953,0.7224801598013281,0.02289046050855693
121021577,2006,8518,1587,7192,4270,211,188,1607,764,578,7176,233,145,1209,628,109,6455,275,116,3879,0.3613456072625461,0.08509735714588725
121021578,983,12827,1479,4038,2050,86,133,764,1324,1128,10375,175,153,1151,377,137,3524,118,90,1842,0.6000374233989803,0.04598400149693596
121021579,1210,8666,1339,5262,2741,137,152,921,877,1010,6779,207,135,997,504,116,4642,222,107,2412,0.4509314184618587,0.0629618066396087
121031407,2130,24506,2173,9338,4481,177,191,1762,2397,2490,19619,228,251,1694,841,405,8092,312,212,3957,0.5748803603265459,0.04996715773669888
121031408,1551,31323,2139,7849,3437,173,182,1196,3575,2690,25058,241,298,1600,716,335,6798,207,218,3012,0.6765372902222511,0.03349964362081254
121031409,834,23019,1294,5553,2011,92,98,644,2727,1846,18446,161,127,1006,525,224,4804,132,124,1755,0.7037082327045948,0.025496010516340067
121031410,1214,28430,1723,6904,2617,159,133,922,2981,3059,22390,221,237,1265,708,345,5851,217,195,2205,0.6953140285658383,0.029690862844844453
121031411,705,28904,2105,5194,1637,66,99,540,2916,3540,22448,188,521,1396,455,319,4420,121,123,1393,0.7498767674147101,0.018290310027240887
121031412,660,26502,1733,5118,1657,68,72,520,2638,2638,21226,151,176,1406,456,230,4432,112,94,1451,0.742977291841884,0.018502943650126155
121041413,518,28779,2602,4795,1447,56,53,409,2355,2455,23969,216,202,2184,344,201,4250,85,90,1272,0.7545423559948612,0.013581185600797043
121041414,708,25163,2581,5716,1889,91,68,549,1667,1713,21783,212,160,2209,278,190,5248,100,90,1699,0.6978672657181685,0.01963557700307846
121041415,594,44391,4063,6196,1689,72,71,451,4036,4519,35836,350,416,3297,433,315,5448,119,124,1446,0.7797059701754694,0.010433316354311209
121041416,475,25437,3268,4836,1667,42,63,370,1343,2290,21804,198,317,2753,251,169,4416,86,89,1492,0.7128604657680128,0.013311661015049183
121041417,408,13664,2155,3903,1294,32,46,330,665,1149,11850,134,133,1888,168,130,3605,76,61,1157,0.6377893950709485,0.019044062733383122
122011418,321,33349,1835,3808,1027,32,41,248,4113,2350,26886,210,162,1463,363,174,3271,68,91,868,0.8266980664353,0.007957362419434804
122011419,300,33425,3562,4934,1151,40,12,248,2396,2610,28419,235,354,2973,362,165,4407,57,43,1051,0.7706584893479664,0.00691690491561376
122021420,41,22168,1090,1204,220,3,3,35,2071,2396,17701,100,127,863,78,104,1022,12,32,176,0.8966549366986207,0.001658374792703151
122021421,68,18532,1268,1392,209,6,15,47,1713,2241,14578,95,198,975,119,130,1143,4,49,156,0.8631980995854488,0.003167357585355629
122021422,94,23606,850,1532,273,7,8,79,2388,2033,19185,63,86,701,103,81,1348,18,33,222,0.8956934168089546,0.0035666856383987857
122021423,368,40393,2534,3675,1252,41,67,260,4277,3595,32521,233,400,1901,323,223,3129,73,164,1015,0.8376467172659782,0.00763137157314089
122031424,743,20662,1341,3534,1464,23,174,546,2325,1712,16625,137,159,1045,244,145,3145,57,198,1209,0.744737600922722,0.026780565167243368
122031425,166,12403,645,1272,479,7,26,133,1375,1186,9842,61,76,508,90,106,1076,28,54,397,0.8288005345806883,0.0110925492816572
122031426,1618,32429,3694,7868,4304,143,129,1346,3015,2100,27314,407,248,3039,608,168,7092,193,173,3938,0.6497104962634985,0.032416404543906395
122031427,509,18847,795,4137,1305,38,99,372,2290,1833,14724,81,103,611,452,230,3455,84,158,1063,0.7364123002383465,0.019888250693549017
122031428,603,40614,1787,5777,1561,55,95,453,4702,3910,32002,143,344,1300,504,398,4875,70,230,1261,0.8067617496325136,0.011978070001191847
122031429,560,33117,2652,4232,1370,64,79,417,3384,1729,28004,272,158,2222,300,149,3783,70,119,1181,0.7897975245045432,0.013355274140850444
122031430,496,26971,1592,3501,1151,33,53,410,3309,1981,21681,154,260,1178,331,146,3024,49,107,995,0.8000652605974311,0.014713298329921983
122031431,413,40826,3088,3960,1266,39,58,316,3800,3952,33074,229,476,2383,294,223,3443,47,133,1086,0.8238855366980808,0.008334510524085324
122031432,39,6238,404,499,118,0,12,27,624,593,5021,44,29,331,49,33,417,10,14,94,0.8547547273225541,0.00534392984379282
123011433,58,23528,981,1089,231,7,13,38,2444,2321,18763,60,207,714,58,88,943,15,49,167,0.9088731795882103,0.002240506818094024
123011434,356,35480,1590,3652,861,40,45,271,4586,1684,29210,189,98,1303,262,109,3281,52,83,726,0.8459906054030855,0.008488519039557453
123011435,540,48230,2032,4849,1490,73,57,410,6381,1589,40260,272,106,1654,431,122,4296,98,98,1294,0.8440524317040303,0.009450307134981887
123021436,781,29069,2382,4040,1609,58,98,625,3623,1739,23707,285,194,1903,372,122,3546,113,147,1349,0.7673767851957446,0.020617195955756184
123021437,1009,23604,2545,6559,2653,83,139,787,2435,2072,19097,270,202,2073,518,206,5835,152,192,2309,0.6489964256255155,0.027742645037118506
123021438,1036,28837,2535,6088,2279,60,157,819,3420,1123,24294,362,130,2043,564,164,5360,137,229,1913,0.7072225628448804,0.02540772532188841
123021439,0,0,0,0,0,0,0,0,0,0,0,0,0,0,0,0,0,0,0,0,NaN,NaN
123021440,1372,21920,2963,9701,3987,161,132,1079,2440,1447,18033,393,195,2375,861,239,8601,257,202,3528,0.5487820143704779,0.03434894724983101
123021441,714,24456,1709,4341,1846,65,90,559,2496,1900,20060,181,163,1365,389,174,3778,144,124,1578,0.7396116857194701,0.021593177281800036
123021442,1900,22606,4192,12894,5533,204,203,1493,2766,1528,18312,559,576,3057,1330,284,11280,397,284,4852,0.4797029177718833,0.040318302387267906
123021443,1459,21816,2215,9869,4347,163,133,1163,2545,1149,18122,322,155,1738,1064,203,8602,293,182,3872,0.5494383720344532,0.03674507631088501
123021444,1021,29761,2829,5797,2344,68,160,793,3468,1525,24768,352,312,2165,497,207,5093,133,239,1972,0.712804177045411,0.024453918375167655
123031445,69,10215,652,424,139,9,10,50,1073,797,8345,70,58,524,48,54,322,3,24,112,0.8883381163579441,0.006000521784503
123031446,72,17214,858,855,239,11,16,45,2053,1018,14143,94,49,715,65,67,723,7,42,190,0.8947915583740513,0.0037425927851127976
123031447,153,29851,1977,1200,390,14,38,101,3256,2100,24495,197,175,1605,70,75,1055,22,68,300,0.8891900747669119,0.004557504989425397
123031448,67,15952,866,848,236,7,8,52,1801,977,13174,88,77,701,47,51,750,12,31,193,0.8877511269408426,0.003728643775390951
124011449,35,9621,805,524,119,9,3,23,762,1214,7645,71,87,647,45,47,432,0,11,108,0.8664445244956772,0.0031520172910662826
124011450,113,34612,1307,1552,260,25,7,81,3521,2782,28309,123,137,1047,149,113,1290,18,27,215,0.9145967656695909,0.0029859422893985838
124011451,0,20,0,0,0,0,0,0,0,0,20,0,0,0,0,0,0,0,0,0,1,0
124011452,226,22094,1748,1579,793,17,39,170,1668,2591,17835,100,226,1422,81,154,1344,14,76,703,0.8356278366111951,0.008547655068078669
124011453,40,20274,941,1013,241,5,7,28,2068,1518,16688,101,91,749,71,105,837,10,35,196,0.9007063841130215,0.0017770669509973788
124011454,130,39804,1343,1611,330,16,22,92,3926,3567,32311,111,178,1054,125,161,1325,22,56,252,0.921005136748577,0.0030080059234578187
124011455,40,10676,624,659,144,7,9,24,899,1442,8335,43,94,487,44,78,537,7,22,115,0.8791896565922754,0.0032940788931894917
124021456,0,3,0,0,0,0,0,0,0,0,3,0,0,0,0,0,0,0,0,0,1,0
124031457,204,27134,1447,1808,642,17,28,159,2946,1581,22607,150,98,1199,120,102,1586,34,102,506,0.868704978389627,0.006531134944773491
124031458,621,38206,2568,4571,1484,85,95,441,4762,1334,32110,291,150,2127,372,153,4046,89,157,1238,0.8051844046364595,0.013087460484720759
124031459,153,25231,1387,1205,448,14,30,109,2621,2073,20537,88,96,1203,80,122,1003,22,89,337,0.8876653532226287,0.005382775119617225
124031460,345,35033,1500,4301,1209,28,54,263,4450,1191,29392,180,90,1230,324,161,3816,78,110,1021,0.8264839105407191,0.008139095970557704
124031461,321,29356,1799,2249,852,27,51,243,3157,2195,24004,178,171,1450,172,141,1936,46,111,695,0.8490036729617955,0.009283627845099344
124031462,733,27594,2616,5834,2403,95,90,548,3220,1559,22815,325,204,2087,503,146,5185,157,145,2101,0.7042879019908116,0.018708524757529352
124031463,178,14838,1156,2249,675,11,45,122,1785,767,12286,122,85,949,140,139,1970,35,119,521,0.7770213657310432,0.00932132383745287
124031464,481,20103,2168,2659,1180,41,70,370,1691,1839,16573,180,207,1781,220,116,2323,62,99,1019,0.7560076717686435,0.01808882704674514
124031465,35,9179,488,491,139,0,7,28,1051,437,7691,42,42,404,30,34,427,9,21,109,0.8884049554781263,0.0033875338753387536
124041466,205,23858,1746,1332,504,10,40,155,2188,2256,19414,118,227,1401,73,88,1171,17,79,408,0.8630132031108699,0.0074154458310725264
124041467,146,27370,1508,1188,424,10,19,117,2961,1416,22993,146,98,1264,70,85,1033,24,57,343,0.8933933933933934,0.004765635200417809
124041468,124,10583,2879,893,232,3,29,92,1158,576,8849,87,80,2712,46,53,794,0,45,187,0.7193936510094487,0.008429066684793691
124051469,190,9644,516,1930,593,19,26,145,997,275,8372,62,23,431,126,58,1746,33,47,513,0.7491649188223414,0.014759574302804319
124051470,802,28986,2063,5846,2076,67,107,628,3283,1132,24571,255,132,1676,440,222,5184,98,195,1783,0.7287858597541046,0.02016443315817263
124051580,595,15554,1653,3828,1528,46,93,456,1744,958,12852,210,104,1339,332,124,3372,90,174,1264,0.6716469470593316,0.025693065031522584
124051581,803,21151,2989,4854,2348,79,118,606,2403,1389,17359,349,233,2407,359,204,4291,136,236,1976,0.6579872452947582,0.024980556851765437
125011473,2503,12374,7790,9566,5175,218,159,2126,1269,377,10728,511,149,7130,690,124,8752,257,106,4812,0.3307848588537211,0.06691082121471344
125011475,0,3,0,0,0,0,0,0,0,0,3,0,0,0,0,0,0,0,0,0,1,0
125011582,5940,4408,4179,11671,8129,359,421,5160,684,341,3383,566,319,3294,1239,122,10310,510,271,7348,0.1284120371719055,0.1730416290383663
125011583,4150,2065,3133,7096,6214,244,243,3663,328,104,1633,389,200,2544,631,65,6400,352,114,5748,0.09113778797775621,0.18315826639597493
125011584,2607,3109,1727,6137,3391,158,240,2209,424,319,2366,242,164,1321,788,102,5247,237,134,3020,0.18319486182311,0.15361499027753225
125011585,3272,3705,1743,5250,3853,176,266,2830,443,294,2968,239,179,1325,508,111,4631,217,217,3419,0.20787746170678337,0.18358301071648994
125011586,7013,7541,4115,12480,8864,303,535,6175,920,459,6162,448,359,3308,907,247,11326,371,363,8130,0.18846374928148352,0.1752680378876865
125011587,1362,2570,880,3274,1985,64,123,1175,305,214,2051,124,89,667,351,57,2866,143,118,1724,0.255188164035349,0.13523979743818887
125021476,4535,22922,3317,15183,8766,401,406,3728,2210,2746,17966,431,480,2406,1526,514,13143,557,393,7816,0.41887323428905576,0.08287191857171573
125021477,3115,22327,2853,9310,5242,213,327,2575,2547,1604,18176,360,309,2184,806,248,8256,313,325,4604,0.5210866571755316,0.07270053912759353
125021478,2920,16272,2810,8611,4938,219,277,2424,1705,1316,13251,345,324,2141,806,233,7572,294,227,4417,0.45770864392000227,0.08213552361396304
125031479,4226,11399,4038,11361,5883,261,396,3569,1431,1078,8890,405,359,3274,1400,233,9728,448,394,5041,0.3088573983255209,0.11450402362695423
125031480,4668,7339,3678,9539,5818,233,515,3920,1019,695,5625,431,418,2829,1170,226,8143,383,376,5059,0.23642162231814962,0.15037690870433607
125031481,4900,9888,4451,14218,8164,327,482,4091,1435,546,7907,565,317,3569,1370,201,12647,469,371,7324,0.2375723793277432,0.11772903101799573
125031482,1870,29999,2720,13635,4362,139,330,1401,3925,2341,23733,340,257,2123,1081,605,11949,242,625,3495,0.5704750313771726,0.03556079564903206
125031483,4593,10187,4793,15523,6825,317,460,3816,1495,788,7904,720,387,3686,2039,223,13261,556,370,5899,0.24300469931537894,0.10956322606808044
125031484,3526,16183,3461,12470,5813,237,310,2979,2063,1345,12775,505,249,2707,1340,272,10858,371,378,5064,0.3903939401249608,0.08506018864738378
125031485,5348,18744,4811,18351,9664,409,533,4406,2568,1257,14919,730,391,3690,1742,349,16260,564,605,8495,0.3293158579008398,0.09395973154362416
125031486,3,3,0,10,0,0,0,3,0,0,3,0,0,0,0,0,10,0,0,0,0.1875,0.1875
125031487,0,6,0,4,0,0,0,0,3,0,3,0,0,0,0,0,4,0,0,0,0.6,0
125041489,2964,17494,4824,13072,6074,249,348,2367,1620,1094,14780,471,353,4e3,992,213,11867,373,252,5449,0.39376069145583864,0.0667146844332403
125041490,693,9833,672,3119,1416,59,76,558,1027,1074,7732,96,80,496,325,132,2662,102,77,1237,0.6249920549164177,0.04404754338015636
125041491,1844,16913,3793,13205,5022,270,158,1416,1922,1490,13501,613,266,2914,1087,206,11912,423,160,4439,0.41476812909238053,0.04522157098364274
125041492,4998,11041,7363,22394,12656,598,396,4004,1137,476,9428,1018,363,5982,1412,146,20836,866,250,11540,0.1888900294258537,0.0855060562512831
125041493,1963,23526,2674,11188,4578,154,262,1547,2463,2491,18572,340,295,2039,961,406,9821,276,302,4e3,0.5355459946732227,0.044685742903321266
125041494,548,15578,578,3577,1237,45,83,420,1923,1443,12212,80,84,414,266,169,3142,54,123,1060,0.7239520401524305,0.02546705084115624
125041588,1691,8164,2019,9585,4233,155,205,1331,985,864,6315,323,208,1488,1095,219,8271,316,235,3682,0.3177642846022108,0.06581815351082049
125041589,2227,8307,2422,12607,5624,220,267,1740,1030,673,6604,379,222,1821,1193,202,11212,446,265,4913,0.26636098374322636,0.07140795844422355
126011495,4064,23549,3021,14818,8738,380,284,3400,2163,2376,19010,400,421,2200,1279,358,13181,501,270,7967,0.4345635726148736,0.07499538660269423
126011496,1254,27409,1877,7520,2891,122,191,941,2827,2657,21925,155,381,1341,635,294,6591,189,155,2547,0.6693121047105077,0.030621962833630438
126021497,5131,19249,3630,12930,9133,346,500,4285,1808,1832,15609,360,510,2760,1147,425,11358,450,366,8317,0.3844187486270046,0.1024703932258902
126021498,907,19924,1705,4557,1721,40,231,636,2062,1529,16333,160,199,1346,259,256,4042,47,241,1433,0.691469424585271,0.0314777538696467
126021499,405,15811,1132,2582,698,34,99,272,1686,1625,12500,109,132,891,154,257,2171,26,106,566,0.76648245103742485,0.01963350785340314
126021500,2780,16927,3084,12068,8572,230,295,2255,1193,1682,14052,308,387,2389,703,303,11062,329,315,7928,0.38974465243719925,0.06400957841173355
126021501,969,14868,1108,5358,2286,57,198,714,1595,1257,12016,112,149,847,381,244,4733,101,245,1940,0.6046606206027085,0.039407865305624463
126021503,2872,16150,2486,10809,6445,251,290,2331,1540,1109,13501,349,225,1912,688,213,9908,293,270,5882,0.4166451679479903,0.07409318404623084
126021590,216,5522,328,1663,536,3,53,160,628,403,4491,36,29,263,117,76,1470,20,77,439,0.6681185722928009,0.026134301270417423
126021591,3249,25945,3864,13668,7582,272,464,2513,2688,1970,21287,458,426,2980,882,468,12318,292,603,6687,0.47773808646976507,0.05982544008249245
127011504,3182,14305,4331,8843,4036,190,287,2705,1860,1123,11322,559,350,3422,1253,140,7450,342,224,3470,0.41228348272184917,0.09170821684871891
127011505,960,9984,1896,3635,1367,37,222,701,1085,624,8275,194,246,1456,282,220,3133,71,267,1029,0.5595785225871539,0.05380562717184172
127011506,883,23775,2978,6273,1866,97,108,678,3117,1085,19573,388,182,2408,516,199,5558,136,192,1538,0.6645702306079665,0.024682040531097134
127011592,3,69,13,5,7,0,0,3,3,6,60,0,0,13,0,0,5,0,0,7,0.711340206185567,0.030927835051546393
127011593,932,5493,855,5008,1751,40,151,741,847,97,4549,102,60,693,393,124,4491,60,148,1543,0.39126718427238405,0.06638649476458437
127011594,3039,7006,1865,9069,4030,150,306,2583,1109,166,5731,228,188,1449,914,172,7983,239,295,3496,0.28013914990603384,0.12151625414850654
127011595,1981,8399,1476,9262,3462,128,225,1628,1268,166,6965,246,104,1126,974,152,8136,185,237,3040,0.3417005695687551,0.0805939788445891
127011596,1348,9258,1425,8373,2794,113,171,1064,1614,167,7477,226,98,1101,839,128,7406,181,163,2450,0.3990861281144926,0.05810845762565738
127011597,1477,13719,1855,10110,3190,125,200,1152,2470,185,11064,301,99,1455,912,167,9031,223,210,2757,0.45201146584956015,0.048663964943494446
127021509,5108,7706,2571,10777,5770,179,640,4289,1237,242,6227,276,349,1946,1105,164,9508,301,409,5060,0.24132531629713141,0.15996492546661656
127021510,3570,13905,2285,12083,5790,164,618,2788,1586,569,11750,231,304,1750,1022,512,10549,327,708,4755,0.3694895437514947,0.09486355060717987
127021511,12731,7270,6662,12385,10393,506,1087,11138,1173,558,5539,588,1023,5051,1482,169,10734,693,448,9252,0.147043951376388,0.25749883699763354
127021512,5412,10066,3416,9994,5545,238,558,4616,1413,769,7884,398,384,2634,1114,205,8675,390,348,4807,0.29233584061801177,0.15717480324107688
127021513,8897,7616,4584,11982,8557,379,770,7748,1171,564,5881,505,649,3430,1354,170,10458,581,408,7568,0.18291862811028917,0.21368527236045728
127021514,2356,5870,1241,6593,3485,98,316,1942,764,144,4962,142,137,962,607,197,5789,163,305,3017,0.30033256587362495,0.12054233819391148
127021515,6930,6099,4566,10026,7784,326,708,5896,900,381,4818,473,552,3541,1185,192,8649,493,490,6801,0.1722638045473803,0.19573506566869087
127021516,6088,9004,3690,11689,7696,292,603,5193,1212,750,7042,439,439,2812,1382,282,10025,546,580,6570,0.23591060340084366,0.15950952393428877
127021517,2241,4019,1217,6009,3211,78,352,1811,540,204,3275,138,147,932,621,195,5193,208,366,2637,0.2407019225010481,0.13421572737617535
127021518,369,4714,877,2161,742,22,84,263,522,269,3923,64,131,682,125,153,1883,25,188,529,0.5318740832675166,0.041633758321110236
127021519,3903,12740,3158,10347,5952,187,617,3099,1528,861,10351,356,437,2365,1012,371,8964,387,695,4870,0.35290858725761776,0.1081163434903047
127021520,3711,4705,1660,7291,4324,142,639,2930,658,218,3829,154,263,1243,678,222,6391,214,490,3620,0.2169102392697432,0.17108478170669864
127021521,11,15,3,14,16,0,4,7,0,3,12,0,0,3,0,0,14,0,0,16,0.2542372881355932,0.1864406779661017
127031522,1905,12525,2586,10417,3862,121,271,1513,1687,712,10126,330,211,2045,1009,285,9123,214,363,3285,0.4002236779038185,0.06087234382489216
127031523,1647,20860,2102,9580,3300,122,310,1215,2667,1474,16719,297,233,1572,859,280,8441,204,348,2748,0.5564298860999226,0.04393288698018085
127031524,918,27089,1942,8645,2819,106,139,673,3512,1164,22413,235,101,1606,680,192,7773,165,215,2439,0.6541182720401806,0.022166952406249246
127031598,6521,12095,9603,16279,9794,457,658,5406,1497,921,9677,1264,753,7586,1812,347,14120,681,523,8590,0.22277683636631548,0.12010977676269063
127031599,2145,8768,2675,6538,3214,165,215,1765,1051,757,6960,338,243,2094,898,141,5499,288,218,2708,0.37566409597257927,0.09190231362467867
127031600,1697,13870,2032,13278,4292,154,203,1340,2432,494,10944,320,126,1586,1353,187,11738,272,221,3799,0.3943814154511075,0.048252722568170835
127031601,1231,3222,2064,3198,1833,83,126,1022,335,215,2672,213,154,1697,319,38,2841,98,103,1632,0.27900935226879114,0.1065985452026325
128011529,296,30623,1175,2209,652,39,38,219,3151,2477,24995,110,133,932,154,119,1936,30,70,552,0.8760692318695465,0.00846803032470319
128011530,762,27769,1879,4228,1795,80,106,576,2672,2849,22248,182,206,1491,295,247,3686,80,207,1508,0.7621936156780941,0.020915104438283972
128011531,797,21579,1660,5894,1938,64,146,587,2061,2979,16539,148,273,1239,423,320,5151,82,299,1557,0.6771369398769926,0.025009413832057237
128011602,333,18813,1372,2157,855,28,55,250,1788,1542,15483,149,122,1101,173,107,1877,51,59,745,0.7995325116872078,0.014152146196345092
128011603,145,21463,794,1385,307,10,36,99,2254,1945,17264,69,86,639,103,112,1170,16,54,237,0.8908026894662572,0.0060180957914833565
128011604,262,39582,3290,3042,794,38,27,197,2945,3357,33280,225,264,2801,192,170,2680,33,68,693,0.8427081115605706,0.005578028528848201
128011605,18,5593,166,439,78,3,7,8,570,426,4597,16,7,143,36,38,365,4,20,54,0.8886240864315221,0.002859866539561487
128011606,90,13501,551,1073,225,20,7,63,1399,1028,11074,50,38,463,61,81,931,10,52,163,0.8744170984455959,0.005829015544041451
128021533,30,12131,293,462,127,3,7,20,1216,1172,9743,23,41,229,29,41,392,6,23,98,0.9300774361726597,0.002300084336425669
128021534,420,15085,542,3730,960,29,81,310,1385,944,12756,42,53,447,218,177,3335,48,154,758,0.7274436996672614,0.020253652890967835
128021535,445,35200,1366,4103,1145,34,86,325,3601,2051,29548,136,124,1106,258,197,3648,60,169,916,0.832958659693793,0.01053030123760619
128021536,442,36239,1437,3225,1125,43,70,329,4154,2823,29262,150,135,1152,277,165,2783,66,118,941,0.8533248563624376,0.010407836488650278
128021537,0,42,10,0,0,0,0,0,7,0,35,0,0,10,0,0,0,0,0,0,0.8076923076923077,0
128021538,647,33283,2089,4102,1607,74,84,489,3071,2998,27214,215,203,1671,297,169,3636,76,126,1405,0.7976179064417178,0.015505176380368099
128021607,146,31131,834,1483,361,23,9,114,3707,2641,24783,98,96,640,132,96,1255,25,44,292,0.9168310999852747,0.004299808570166396
128021608,42,13417,328,543,118,4,3,35,1456,1076,10885,38,34,256,41,23,479,3,11,104,0.928640642303433,0.0029069767441860465
128021609,9,6798,147,293,33,0,3,6,649,305,5844,11,6,130,18,20,255,3,3,27,0.9337912087912088,0.0012362637362637362
197979799,48,543,100,44,50,0,8,40,23,94,426,4,20,76,3,6,35,0,14,36,0.6917197452229299,0.061146496815286625
199999499,508,14437,6593,1868,1193,19,14,475,555,1144,12738,98,326,6169,51,33,1784,20,31,1142,0.586893776169763,0.020651245985609173
