sa2_code,region,females,males,x0_4,x10_14,x15_19,x20_24,x25_29,x30_34,x35_39,x40_44,x45_49,x5_9,x50_54,x55_59,x60_64,x65_69,x70_74,x75_79,x80_84,x85_and_over
101021007,Braidwood,1948,2002,222,212,194,119,132,187,178,279,291,245,294,393,315,336,253,159,71,70
101021008,Karabar,4307,4224,561,557,605,583,585,578,556,590,631,595,579,573,481,393,270,215,99,80
101021009,Queanbeyan,5583,5647,796,415,457,835,1241,1139,845,759,721,533,704,604,530,484,341,278,243,305
101021010,Queanbeyan - East,2413,2557,395,203,238,375,522,511,348,314,365,260,349,339,239,180,143,95,54,40
101021011,Queanbeyan Region,8481,8810,1114,1289,1176,859,924,932,1098,1356,1504,1314,1425,1303,1098,891,517,286,122,83
101021012,Queanbeyan West - Jerrabomberra,6589,6561,923,1074,1049,798,738,846,870,1105,1271,1082,1129,780,545,393,222,176,85,64
101031013,Bombala,1184,1236,151,123,123,114,114,127,113,122,151,150,181,194,190,202,130,83,63,89
101031014,Cooma,3392,3478,360,368,420,377,402,400,359,422,456,400,490,482,408,434,337,276,241,238
101031015,Cooma Region,1619,1708,144,214,216,106,105,139,144,218,277,225,268,286,281,251,217,132,66,38
101031016,Jindabyne - Berridale,3271,3800,334,483,400,515,554,444,452,552,554,483,536,508,400,352,221,129,95,59
101041017,Batemans Bay,4004,3867,402,429,363,320,355,363,343,415,427,481,458,585,668,734,559,406,273,290
101041018,Batemans Bay - South,4415,4095,380,450,436,318,306,331,358,464,468,435,548,638,722,841,695,485,308,327
101041019,Bega - Tathra,4404,4189,511,548,512,395,374,447,432,476,555,576,625,725,620,530,443,352,235,237
101041020,Bega-Eden Hinterland,4439,4513,417,598,557,283,295,363,347,483,671,534,824,949,960,755,424,251,145,96
101041021,Broulee - Tomakin,1706,1635,136,199,168,130,102,129,157,177,188,189,231,288,278,281,208,187,139,154
101041022,Deua - Wadbilliga,12,13,0,0,0,0,0,1,1,1,1,0,5,1,3,6,3,0,0,3
101041023,Eden,1672,1626,179,172,165,142,145,154,146,184,183,161,225,274,270,285,223,159,110,121
101041024,Eurobodalla Hinterland,1657,1722,133,204,214,141,123,121,149,190,244,161,329,336,320,327,207,93,57,30
101041025,Merimbula - Tura Beach,5633,5213,446,557,504,430,402,432,457,536,664,559,721,885,920,1039,805,622,430,437
101041026,Moruya - Tuross Head,4045,4025,322,412,438,281,270,319,302,444,466,403,610,753,811,750,602,413,273,201
101041027,Narooma - Bermagui,4635,4499,384,413,356,278,299,291,342,381,480,425,555,840,1049,1031,765,498,341,406
101051539,Goulburn,11638,11777,1535,1308,1406,1512,1633,1554,1361,1457,1455,1500,1517,1474,1357,1231,1062,793,589,671
101051540,Goulburn Region,6200,6705,686,888,752,529,531,561,629,786,927,770,1055,1047,1004,1010,700,489,326,215
101061541,Yass,3461,3203,481,431,397,369,363,399,374,435,453,478,427,423,369,373,280,219,183,210
101061542,Yass Region,5885,5946,762,914,782,523,452,539,668,1032,1014,864,925,876,799,679,483,277,139,103
101061543,Young,5578,5197,743,754,707,586,561,567,619,636,628,851,687,644,601,681,505,416,284,305
101061544,Young Region,3665,3731,416,437,409,347,309,303,329,407,509,468,548,581,585,622,459,309,178,180
102011028,Avoca Beach - Copacabana,3763,3863,472,609,566,385,348,357,472,563,619,584,594,534,473,398,276,205,88,83
102011029,Box Head - MacMasters Beach,5586,5409,589,665,694,505,426,447,529,726,750,697,757,865,789,922,662,454,266,252
102011030,Calga - Kulnura,2306,2552,225,304,322,247,245,239,224,332,413,257,419,407,341,326,263,140,95,59
102011031,Erina - Green Point,7596,6746,708,932,849,671,634,586,625,846,916,789,905,963,879,907,841,710,667,914
102011032,Gosford - Springfield,9908,9474,1213,965,984,1291,1590,1455,1219,1279,1157,1089,1355,1236,1148,993,762,606,446,594
102011033,Kariong,3219,3367,484,498,591,506,358,419,473,498,500,503,487,415,275,191,143,115,78,52
102011034,Kincumber - Picketts Valley,3999,3484,414,449,418,385,371,341,372,439,440,464,427,460,402,419,446,402,342,492
102011035,Narara,3477,3371,464,448,458,465,470,398,424,491,471,472,489,511,394,353,229,142,86,83
102011036,Niagara Park - Lisarow,4114,4087,539,617,607,502,449,447,507,559,619,608,608,569,467,390,255,169,123,166
102011037,Point Clare - Koolewong,3269,3120,379,373,343,288,344,356,361,465,453,417,462,458,356,360,361,272,180,161
102011038,Saratoga - Davistown,3691,3504,499,442,419,376,376,399,437,449,460,489,474,472,434,439,358,284,199,189
102011039,Terrigal - North Avoca,7058,6881,808,829,877,854,896,803,819,919,955,862,930,991,945,871,681,419,282,198
102011040,Umina - Booker Bay - Patonga,12533,11702,1421,1225,1227,1252,1180,1337,1330,1534,1522,1417,1554,1585,1610,1716,1532,1046,798,949
102011041,Wamberal - Forresters Beach,5049,5020,681,725,652,541,464,595,606,738,726,803,669,643,591,552,413,295,193,182
102011042,Woy Woy - Blackwall,7375,6841,785,691,737,747,715,742,812,856,906,763,933,999,934,961,847,637,495,656
102011043,Wyoming,6106,5667,737,686,726,691,687,750,699,674,679,784,699,695,657,650,561,430,358,610
102021044,Bateau Bay - Killarney Vale,11751,10727,1489,1323,1345,1266,1254,1427,1352,1336,1330,1534,1371,1437,1317,1264,995,795,680,963
102021045,Blue Haven - San Remo,5783,5519,906,880,913,845,739,705,669,757,774,936,656,596,528,477,364,278,161,118
102021046,Budgewoi - Buff Point - Halekulani,4831,4759,603,540,511,538,519,534,509,526,581,570,631,682,628,620,570,481,278,269
102021047,Chittaway Bay - Tumbi Umbi,8058,7686,993,1053,1050,976,922,934,902,1015,1058,1137,1080,1073,912,775,614,466,355,429
102021048,Gorokan - Kanwal - Charmhaven,11629,10955,1337,1434,1404,1509,1331,1229,1157,1271,1415,1402,1401,1420,1359,1313,1071,941,704,886
102021049,Jilliby - Yarramalong,1706,1717,191,259,289,182,145,161,197,254,292,208,292,288,229,189,103,81,33,30
102021050,Lake Munmorah - Mannering Park,5566,5359,587,585,615,613,543,534,501,530,643,615,687,711,697,830,869,681,421,263
102021051,Ourimbah - Fountaindale,2501,2513,289,368,341,370,319,290,269,332,371,374,390,368,314,235,176,100,52,56
102021052,Summerland Point - Gwandalan,2904,2993,335,391,358,346,281,311,293,402,389,368,405,392,378,468,343,218,137,82
102021053,The Entrance,7899,7484,876,768,775,861,917,914,847,957,943,848,1054,1008,1023,1088,874,649,496,485
102021054,Toukley - Norah Head,5123,4917,593,467,484,581,542,536,498,526,569,546,588,701,684,726,595,512,406,486
102021055,Tuggerah - Kangy Angy,2758,2684,399,384,382,331,378,340,346,386,380,386,325,313,281,237,217,176,102,79
102021056,Warnervale - Wadalba,8025,7612,1200,1352,1162,875,787,1029,1119,1250,1038,1414,891,711,655,641,569,435,255,254
102021057,Wyong,4579,4436,586,606,582,622,601,504,518,567,614,589,615,589,486,528,409,272,174,153
103011058,Bathurst,12266,12188,1535,1451,1771,2395,1963,1583,1373,1418,1441,1544,1412,1410,1298,1140,904,701,523,592
103011059,Bathurst - East,5747,5677,916,959,891,665,696,696,667,771,738,968,622,640,567,545,381,274,217,211
103011060,Bathurst Region,3281,3725,326,514,496,330,242,329,343,488,582,434,609,573,503,513,382,173,102,67
103011061,Oberon,2241,2463,290,256,308,302,271,214,236,248,316,291,300,297,341,380,294,156,108,96
103021062,Condobolin,3371,3436,562,448,352,392,378,444,337,368,347,509,440,460,426,394,307,268,195,180
103021063,Cowra,4785,4515,577,559,566,530,455,443,439,506,548,586,606,606,641,633,480,434,313,378
103021064,Cowra Region,2698,2821,272,380,313,240,200,225,257,322,385,362,438,425,415,445,336,254,127,123
103021065,Forbes,5153,5251,702,718,679,552,593,525,509,552,619,727,719,650,645,652,536,437,323,266
103021066,Grenfell,1824,1841,199,201,187,122,143,146,201,187,215,227,262,283,291,319,250,186,111,135
103021067,Parkes (NSW),5801,5450,828,731,809,701,658,698,605,629,667,858,695,696,626,536,478,391,316,329
103021068,Parkes Region,1655,1765,190,233,227,160,119,136,162,176,233,236,275,292,279,243,180,122,82,75
103021069,West Wyalong,2998,2999,381,414,350,279,299,331,331,363,323,468,381,463,386,355,254,240,183,196
103031070,Lithgow,6413,6627,812,676,747,801,871,745,632,802,759,757,855,929,781,828,725,555,392,373
103031071,Lithgow Region,4131,4304,457,538,475,387,407,371,442,520,588,526,702,684,659,641,490,257,151,140
103031072,Mudgee,6131,5888,1028,749,678,693,831,893,743,725,786,923,736,698,552,517,499,395,286,287
103031073,Mudgee Region - East,1703,1794,187,205,177,123,135,142,162,194,255,167,269,267,289,299,288,172,87,79
103031074,Mudgee Region - West,5096,5418,672,677,586,463,479,491,524,621,761,772,819,802,713,790,593,373,224,154
103031075,Wollangambe - Wollemi,0,0,0,0,0,0,0,0,0,0,0,0,0,0,0,0,0,0,0,0
103041076,Blayney,3688,3667,480,535,463,348,396,357,411,468,509,562,513,528,474,408,331,251,166,155
103041077,Orange,10093,9297,1301,1095,1287,1168,1282,1231,1104,1051,1191,1252,1168,1197,1114,1051,872,740,620,666
103041078,Orange - North,10232,9964,1791,1413,1295,1230,1505,1531,1350,1484,1265,1741,1129,1101,914,846,624,437,308,232
103041079,Orange Region,5797,5965,811,921,873,487,483,605,619,805,814,923,850,843,707,779,498,322,232,190
104011080,Grafton,9724,9313,1207,1176,1190,1042,1117,1004,1023,1094,1073,1285,1204,1271,1137,1129,954,782,632,717
104011081,Grafton Region,7609,8002,750,933,978,652,594,569,678,913,1062,960,1366,1496,1448,1299,888,490,310,225
104011082,Maclean - Yamba - Iluka,8413,8154,707,825,847,531,562,609,653,882,916,844,1089,1313,1501,1614,1322,1003,689,660
104021083,Bellingen,3143,2864,376,440,355,190,240,266,321,424,410,491,436,503,486,391,269,179,117,113
104021084,Coffs Harbour - North,9254,8591,1093,1102,1098,1074,1132,1026,922,1058,1090,1162,1108,1215,1079,1156,855,684,485,506
104021085,Coffs Harbour - South,5630,4901,560,568,610,683,636,606,539,583,599,579,613,659,643,604,553,545,386,565
104021086,Coramba - Nana Glen - Bucca,1933,1984,236,278,258,178,155,211,207,291,318,275,319,333,290,246,148,105,47,22
104021087,Dorrigo,1635,1627,163,172,189,108,130,127,137,159,197,200,263,357,292,256,211,146,87,68
104021088,Korora - Emerald Beach,4579,4432,594,626,497,363,430,480,542,636,653,660,673,701,676,594,402,263,115,106
104021089,Sawtell - Boambee,10213,9676,1100,1285,1279,1054,929,1001,1011,1215,1303,1432,1400,1414,1429,1277,956,738,518,548
104021090,Urunga,2392,2347,190,257,258,172,178,192,179,262,322,237,382,424,427,376,300,236,189,158
104021091,Woolgoolga - Arrawarra,6422,6408,787,750,705,610,815,740,654,731,741,816,817,1004,1053,907,595,476,343,286
105011092,Bourke - Brewarrina,2075,2110,359,281,208,294,344,262,208,248,329,357,323,280,202,171,122,75,68,54
105011093,Cobar,2312,2471,404,289,259,277,368,383,308,290,248,387,342,337,266,211,137,125,82,70
105011094,Coonamble,2131,2114,326,288,213,239,259,239,185,231,303,297,307,321,264,260,182,147,89,95
105011095,Nyngan - Warren,2562,2534,376,316,295,290,320,265,242,315,326,373,367,333,266,299,264,209,131,109
105011096,Walgett - Lightning Ridge,3141,3488,470,399,297,371,442,384,359,372,410,511,467,523,452,413,345,240,105,69
105021097,Broken Hill,9267,8847,1054,987,983,1052,1197,1044,884,1014,1128,1068,1242,1399,1234,1129,887,673,543,596
105021098,Far West,1191,1388,202,120,153,160,184,196,149,158,151,183,182,183,179,157,114,47,32,29
105031099,Coonabarabran,4048,4052,434,529,435,324,362,342,373,439,493,545,588,625,628,631,476,353,262,261
105031100,Dubbo - East,5518,5172,822,688,758,760,782,672,613,632,664,801,749,757,600,466,339,263,158,166
105031101,Dubbo - South,9130,8259,1313,1048,1034,1153,1447,1267,1038,1037,1052,1290,965,1046,847,711,623,580,426,512
105031102,Dubbo - West,4630,4409,775,631,596,650,685,665,516,589,540,706,517,442,397,431,347,282,162,108
105031103,Dubbo Region,2745,2968,354,414,341,272,219,307,328,368,416,470,444,471,432,351,236,137,88,65
105031104,Gilgandra,2229,2212,282,271,247,233,248,211,214,232,266,310,310,320,300,279,242,228,120,128
105031105,Narromine,3339,3373,512,461,394,343,337,370,335,383,392,521,422,479,432,404,347,230,177,173
105031106,Wellington,4318,4742,582,547,553,589,560,530,459,495,528,584,589,634,556,584,457,343,226,244
106011107,Branxton - Greta - Pokolbin,5126,5239,789,757,637,585,669,734,735,706,715,848,610,685,595,571,376,169,100,84
106011108,Cessnock,11247,11246,1627,1388,1374,1634,1595,1533,1296,1407,1309,1560,1306,1381,1216,1155,925,682,553,552
106011109,Cessnock Region,4063,4010,441,578,527,427,358,433,415,568,640,590,595,643,610,532,330,196,108,82
106011110,Dungog,4522,4579,517,588,568,397,393,470,498,539,627,641,713,735,694,600,418,344,198,161
106011111,Kurri Kurri - Abermain,9028,8939,1311,1147,1193,1193,1226,1187,1046,1115,1156,1327,1062,1156,1068,992,724,432,314,318
106011112,Singleton,8095,8422,1241,1101,1250,1223,1251,1127,1052,1143,1150,1265,1086,961,748,619,424,329,258,289
106011113,Singleton Region,2451,2579,316,352,324,225,242,283,291,358,365,394,399,424,341,294,214,114,66,28
106021114,Maitland,3396,3372,595,364,376,473,640,530,457,432,436,475,382,395,318,254,177,152,127,185
106021115,Maitland - East,14406,13607,1960,1901,1802,1730,1834,1866,1756,1827,1852,2055,1731,1665,1549,1455,1063,828,620,519
106021116,Maitland - North,3928,3833,507,618,542,382,414,444,448,586,595,670,504,499,452,379,294,180,117,130
106021117,Maitland - West,11818,11273,2041,1523,1456,1696,1807,1757,1573,1471,1371,1862,1323,1201,1068,1014,768,491,333,336
106021118,Thornton - Millers Forest,5140,5082,825,740,709,667,730,717,694,751,707,819,702,688,520,418,252,163,77,43
106031119,Anna Bay,2964,2874,301,392,440,315,238,220,261,378,427,304,441,450,382,427,382,248,142,90
106031120,Lemon Tree Passage - Tanilba Bay,3363,3416,406,376,299,291,333,341,298,368,381,461,460,533,565,584,480,290,163,150
106031121,Nelson Bay Peninsula,11133,10488,966,1164,1092,928,876,904,971,1243,1209,1200,1397,1487,1552,1885,1741,1259,829,918
106031122,Raymond Terrace,7143,6977,1044,893,901,1031,963,857,813,827,851,1056,956,895,864,712,518,394,277,268
106031123,Seaham - Woodville,2738,2742,276,465,482,317,244,208,272,413,461,385,500,414,363,314,171,103,61,31
106031124,Tea Gardens - Hawks Nest,2576,2536,167,177,206,155,133,146,175,190,223,171,297,372,484,686,618,415,264,233
106031125,Williamtown - Medowie - Karuah,6866,7138,997,975,919,835,789,874,884,1035,959,1033,983,860,801,778,608,363,196,115
106041126,Muswellbrook,6040,6336,1068,860,745,826,995,984,796,754,834,984,836,694,594,498,351,235,190,132
106041127,Muswellbrook Region,1975,2111,275,324,270,212,202,243,275,285,309,302,306,274,212,199,184,97,69,48
106041128,Scone,3007,2934,383,434,364,285,435,379,351,390,390,450,352,369,322,280,232,192,152,181
106041129,Scone Region,4234,4169,531,597,457,401,464,494,489,566,524,647,595,590,560,521,359,263,187,158
107011131,Dapto - Avondale,12328,11704,1585,1505,1552,1476,1396,1433,1456,1508,1473,1529,1542,1470,1324,1447,1184,928,629,595
107011132,Horsley - Kembla Grange,4525,4331,686,728,688,493,537,645,665,681,594,742,572,504,414,301,242,174,112,78
107011133,Port Kembla Industrial,2,9,0,0,0,0,1,1,1,1,1,0,1,2,1,2,0,0,0,0
107011134,Unanderra - Mount Kembla,8134,7760,934,1072,1111,1117,930,950,896,1064,1031,1029,1155,1084,944,777,566,370,367,497
107011545,Berkeley - Lake Heights - Cringila,7213,7156,1030,821,882,992,999,967,864,835,913,993,940,952,757,664,532,528,431,269
107011546,Port Kembla - Warrawong,5069,5049,696,520,538,650,671,587,577,651,614,655,707,685,513,502,430,429,360,333
107011547,Windang - Primbee,2130,2213,213,182,224,228,225,219,221,227,263,218,307,312,299,314,298,272,189,132
107021135,Illawarra Catchment Reserve,2,3,0,0,0,1,0,0,0,0,0,0,0,0,2,1,1,0,0,0
107031136,Albion Park - Macquarie Pass,7546,7160,1077,1096,1187,985,906,958,968,1035,984,1126,1006,896,693,590,401,313,206,279
107031137,Albion Park Rail,3606,3439,483,396,454,481,488,493,357,405,383,454,486,467,424,386,297,214,154,223
107031138,Kiama,4013,3849,377,427,435,395,336,343,376,460,479,384,538,576,626,596,561,380,261,312
107031139,Kiama Downs - Minnamurra,3058,3054,410,401,353,354,304,360,339,382,370,386,417,513,459,390,265,171,134,104
107031140,Kiama Hinterland - Gerringong,4128,3923,438,526,501,382,356,355,396,489,485,482,558,610,674,544,468,307,217,263
107031141,Shellharbour - Flinders,8722,8662,1154,1412,1212,1078,908,1111,1218,1395,1271,1399,1149,1032,857,835,588,368,243,154
107031142,Shellharbour - Oak Flats,5262,4955,629,601,704,647,625,631,534,648,631,565,712,762,696,601,405,351,242,233
107031143,Warilla,10705,10334,1343,1192,1336,1408,1288,1188,1083,1204,1281,1339,1400,1425,1265,1265,1109,885,571,457
107041144,Balgownie - Fairy Meadow,11098,10760,1296,1196,1510,1854,1405,1372,1262,1405,1388,1238,1365,1316,1122,1070,940,827,624,668
107041145,Corrimal - Tarrawanna - Bellambi,8166,7789,1014,852,980,1053,1007,1030,1015,1023,1020,995,1110,1080,911,829,625,509,417,485
107041146,Figtree - Keiraville,10935,10881,1235,1390,1592,2033,1471,1296,1335,1507,1312,1493,1252,1191,1075,995,855,692,532,560
107041147,Helensburgh,4484,4612,700,624,640,580,495,528,644,732,638,678,737,595,483,360,257,169,110,126
107041148,Thirroul - Austinmer - Coalcliff,5901,5785,719,817,694,577,577,608,762,896,852,876,876,914,763,655,424,272,206,198
107041150,Woonona - Bulli - Russell Vale,10502,9844,1455,1391,1279,1092,1040,1236,1343,1510,1411,1507,1346,1275,1139,971,787,583,460,521
107041548,Wollongong - East,7199,7420,449,291,656,2225,2059,1225,752,690,730,349,770,846,803,746,679,543,381,425
107041549,Wollongong - West,8469,8951,976,826,1272,2385,1770,1344,1108,1047,961,882,939,854,749,711,511,443,317,325
108011151,Bulahdelah - Stroud,2347,2438,234,274,257,200,215,178,209,267,368,281,408,385,401,360,283,212,134,119
108011152,Forster,7622,6949,656,747,750,550,564,582,607,727,757,763,855,976,1124,1306,1218,925,684,780
108011153,Forster-Tuncurry Region,3017,3199,303,390,318,187,184,221,287,376,392,406,481,551,563,614,450,266,136,91
108011154,Tuncurry,3288,2996,258,203,270,204,213,213,195,236,279,205,339,467,526,666,619,521,414,456
108021155,Kempsey,7587,7538,1008,1002,959,897,943,804,766,829,886,1072,910,1029,966,937,728,532,377,480
108021156,Kempsey Region,4427,4706,441,525,525,358,356,386,384,524,569,505,790,941,894,793,458,330,172,182
108021157,Macksville - Scotts Head,2498,2398,268,281,267,226,200,189,224,275,275,342,329,374,379,390,319,202,163,193
108021158,Nambucca Heads,3602,3271,341,315,342,254,295,226,247,309,321,336,428,550,572,628,574,432,300,403
108021159,Nambucca Heads Region,3878,3930,417,553,441,339,300,360,311,442,471,508,667,722,678,631,411,289,161,107
108021160,South West Rocks,2641,2565,239,237,212,177,184,172,221,254,273,240,340,389,480,588,448,336,211,205
108031161,Lord Howe Island,220,194,25,10,4,19,33,28,46,27,14,27,40,45,29,19,16,23,3,6
108041162,Laurieton - Bonny Hills,8682,8319,720,941,879,508,517,563,624,885,1012,862,1223,1278,1400,1668,1480,1069,732,640
108041163,Port Macquarie - East,14892,13832,1547,1776,1701,1278,1388,1415,1422,1770,1882,1821,1862,2005,1814,1929,1766,1350,951,1047
108041164,Port Macquarie - West,9422,8230,924,928,930,783,922,858,849,921,929,983,1029,1071,1103,1375,1302,1001,815,929
108041165,Port Macquarie Region,2599,2776,250,337,332,253,220,218,257,340,383,318,451,539,486,436,255,158,79,63
108041166,Wauchope,5884,5461,701,843,730,539,506,507,581,701,746,833,722,779,741,725,641,425,317,308
108051167,Gloucester,2581,2527,271,295,251,206,183,193,218,271,307,281,363,401,390,498,375,250,194,161
108051168,Old Bar - Manning Point - Red Head,5482,5179,565,598,578,348,398,425,460,612,637,682,667,814,977,1040,799,491,298,272
108051169,Taree,10822,10072,1273,1318,1277,1181,1045,1006,935,1125,1217,1298,1276,1451,1320,1435,1183,1012,694,848
108051170,Taree Region,6153,6385,473,716,669,443,410,407,464,673,785,681,1032,1187,1288,1250,994,548,296,222
108051171,Wingham,2862,2629,326,315,365,265,271,260,230,260,348,364,394,403,390,369,303,235,195,198
109011172,Albury - East,7941,7380,1209,1015,1034,1210,1109,1115,1047,1025,952,1109,835,831,723,625,535,370,289,288
109011173,Albury - North,5103,4901,654,657,661,741,679,608,578,636,672,603,638,655,538,494,394,316,243,237
109011174,Albury - South,5510,5176,609,546,667,704,667,639,598,598,705,548,703,754,700,642,480,381,287,458
109011175,Albury Region,5863,5921,754,982,809,473,442,587,568,716,800,922,883,926,797,733,549,379,199,265
109011176,Lavington,7615,7110,942,857,892,1031,993,988,851,826,865,899,878,962,962,846,690,540,380,323
109021177,Hay,1487,1525,155,198,173,166,165,158,127,158,191,196,287,234,183,196,157,118,106,44
109021178,Wentworth - Buronga,2991,3096,402,382,369,299,282,326,291,388,389,427,426,459,438,438,296,214,130,131
109021179,Wentworth-Balranald Region,1733,1951,255,221,197,213,215,197,203,216,244,256,271,299,284,216,137,129,83,48
109031180,Corowa,2819,2720,285,318,318,282,256,225,221,271,329,326,373,412,406,428,350,297,225,217
109031181,Corowa Region,3388,3457,408,407,366,274,279,300,353,385,384,446,446,512,509,611,440,336,211,178
109031182,Deniliquin,3889,3667,436,435,422,436,424,367,358,481,430,457,468,575,554,484,366,337,249,277
109031183,Deniliquin Region,3314,3524,413,388,377,283,289,274,311,351,442,448,541,631,590,472,397,283,173,175
109031184,Moama,3064,2896,361,342,317,223,303,373,268,348,372,366,298,358,376,511,460,314,203,167
109031185,Tocumwal - Finley - Jerilderie,4906,4996,572,577,526,413,495,461,467,540,529,616,577,729,768,847,638,495,311,341
110011186,Armidale,12557,11557,1415,1553,2284,2689,1656,1428,1205,1301,1342,1372,1488,1450,1186,1088,887,732,514,524
110011187,Armidale Region - North,2251,2307,309,303,254,211,241,230,249,276,275,355,354,351,310,297,235,140,84,84
110011188,Armidale Region - South,3142,2978,328,453,394,235,232,284,320,371,431,424,498,487,485,429,330,188,128,103
110011189,Walcha,1634,1634,186,192,161,152,161,151,134,195,199,199,235,237,246,262,232,162,74,90
110021190,Glen Innes,4485,4449,502,542,485,425,410,445,444,499,504,550,572,705,630,677,576,411,283,274
110021191,Inverell,6169,5731,866,798,760,736,703,640,583,696,681,841,699,712,650,724,620,520,333,338
110021192,Inverell Region - East,2632,2708,317,376,374,236,233,231,263,309,363,350,356,467,419,362,274,216,107,87
110021193,Inverell Region - West,2991,3066,400,377,292,268,257,269,273,317,405,396,462,445,399,449,390,306,185,167
110021194,Tenterfield,3412,3285,308,388,343,232,250,220,304,394,386,396,451,610,671,643,457,301,191,152
110031195,Moree,4288,4221,724,450,476,558,601,522,535,525,544,666,539,541,436,450,356,273,172,141
110031196,Moree Region,2692,2945,461,427,347,328,346,352,339,364,423,467,419,377,345,261,188,98,66,29
110031197,Narrabri,3759,3561,590,424,459,422,507,443,408,434,419,589,504,511,420,366,291,250,149,134
110031198,Narrabri Region,2386,2524,371,353,248,210,279,277,298,279,292,397,405,394,316,292,207,130,106,56
110041199,Gunnedah,4792,4617,776,563,546,549,697,617,537,515,538,728,543,563,483,453,392,371,274,264
110041200,Gunnedah Region,2001,2218,274,255,261,235,213,194,250,266,314,309,304,333,305,251,191,128,85,51
110041201,Quirindi,3904,3942,503,506,436,358,403,408,391,450,495,533,519,595,587,507,448,315,213,179
110041202,Tamworth - East,10524,10269,1430,1385,1440,1282,1416,1271,1174,1236,1278,1401,1306,1334,1202,1151,891,719,489,388
110041203,Tamworth - North,8146,7296,1087,941,919,1017,1180,1096,828,889,930,985,859,901,825,724,635,575,429,622
110041204,Tamworth - West,2927,2824,583,487,370,450,488,399,359,312,309,557,304,306,259,205,160,107,54,42
110041205,Tamworth Region,9431,9392,1096,1364,1135,723,799,964,1004,1230,1277,1385,1349,1384,1370,1257,978,702,413,393
111011206,Belmont - Bennetts Green,9263,8960,1096,1134,1192,1110,909,1006,978,1161,1229,1174,1172,1158,1181,1106,816,688,556,557
111011207,Belmont South - Blacksmiths,2901,2844,283,316,371,326,269,274,265,351,414,299,444,443,417,430,320,212,165,146
111011208,Charlestown - Dudley,12607,12117,1732,1407,1438,1480,1740,1837,1628,1572,1580,1656,1542,1494,1338,1154,1010,831,666,619
111011209,Glendale - Cardiff - Hillsborough,12177,11810,1666,1457,1470,1489,1631,1708,1569,1564,1541,1609,1527,1528,1332,1326,910,661,452,547
111011210,Mount Hutton - Windale,4777,4332,578,608,563,574,545,554,492,557,582,653,619,617,469,475,399,311,234,279
111011211,Redhead,1847,1772,219,222,229,173,130,131,183,258,261,244,225,277,248,212,194,131,115,167
111011212,Swansea - Caves Beach,6000,5800,663,600,697,577,540,546,577,679,738,684,822,902,851,851,733,552,393,395
111011213,Valentine - Eleebana,6260,6080,648,843,872,616,408,503,671,848,960,881,892,918,855,828,701,387,264,245
111011214,Warners Bay - Boolaroo,7052,6584,788,836,883,812,698,773,727,918,944,775,923,912,821,869,724,537,374,322
111021215,Bolton Point - Teralba,4464,4258,524,508,609,535,495,419,452,511,584,518,608,639,484,548,440,304,255,289
111021216,Bonnells Bay - Silverwater,4528,4403,557,566,543,515,489,518,456,521,555,579,556,591,589,572,541,385,216,182
111021217,Edgeworth - Cameron Park,7454,7064,1326,1025,892,893,1004,1226,1106,1072,863,1127,787,706,652,606,423,273,236,301
111021218,Morisset - Cooranbong,7816,7460,813,822,962,950,793,743,718,844,927,861,962,1005,973,942,868,740,621,732
111021219,Toronto - Awaba,7126,6639,745,794,839,766,719,662,643,843,836,719,871,959,996,997,831,560,398,587
111021220,Wangi Wangi - Rathmines,4531,4586,506,554,506,446,434,440,455,547,546,471,631,729,765,799,576,342,213,157
111021221,West Wallsend - Barnsley - Killingworth,3314,3302,492,423,483,377,450,475,452,410,441,446,455,465,425,374,194,125,81,48
111031222,Adamstown - Kotara,8112,7911,1075,1031,950,1055,1033,1071,1126,1161,1146,1155,984,879,744,663,644,524,409,373
111031223,Beresfield - Hexham,4316,4227,579,484,530,543,627,519,439,521,515,567,577,532,501,527,425,333,180,144
111031224,Hamilton - Broadmeadow,6164,6131,656,598,633,1162,976,862,775,793,821,655,869,791,722,603,437,340,271,331
111031225,Lambton - New Lambton,8791,8249,1114,1144,1017,1114,1023,1075,1076,1282,1226,1147,1171,1097,907,760,620,437,363,467
111031226,Maryland - Fletcher - Minmi,7014,6949,1150,1116,1038,962,879,1034,1063,1133,1019,1161,847,758,630,501,334,189,88,61
111031227,Mayfield - Warabrook,7694,7663,978,623,735,1377,1534,1400,993,946,936,793,965,999,823,652,478,379,309,437
111031228,Merewether - The Junction,7127,7091,777,821,803,1112,1175,920,878,997,964,897,981,985,780,689,470,368,273,328
111031229,Newcastle - Cooks Hill,5629,5806,397,350,448,1261,1580,1081,740,666,700,377,734,794,721,599,409,290,144,144
111031230,Newcastle Port - Kooragang,8,9,2,0,0,0,0,3,1,0,1,0,1,2,2,2,2,1,0,0
111031231,Shortland - Jesmond,5868,6027,678,434,1253,2599,1259,840,605,516,411,540,468,416,348,340,321,274,243,350
111031232,Stockton - Fullerton Cove,3801,3834,418,317,333,302,411,385,411,412,449,371,558,589,648,664,525,382,235,225
111031233,Wallsend - Elermore Vale,10385,9712,1286,1103,1126,1495,1468,1366,1177,1181,1168,1131,1175,1186,1164,1133,951,708,561,718
111031234,Waratah - North Lambton,6379,6098,801,515,656,1404,1126,1042,767,725,674,682,642,736,574,450,410,364,319,590
111031235,Wickham - Carrington - Tighes Hill,4149,4216,520,318,324,725,971,868,666,561,532,425,515,583,425,340,226,144,126,96
112011236,Ballina,9239,8316,777,833,789,765,811,844,797,961,1009,858,1136,1257,1337,1428,1102,947,802,1102
112011237,Ballina Region,8755,8492,971,1115,1129,642,680,808,897,1075,1217,1175,1224,1314,1280,1163,912,668,445,532
112011238,Bangalow,3048,2958,305,407,298,201,279,308,364,489,512,416,494,524,490,383,217,129,86,104
112011239,Brunswick Heads - Ocean Shores,4522,4080,458,510,516,328,395,450,549,666,639,500,648,732,734,546,363,249,144,175
112011240,Byron Bay,5261,4942,494,470,448,566,900,812,746,733,663,490,725,824,783,603,383,214,130,219
112011241,Evans Head,2622,2694,264,285,313,205,197,234,275,337,298,332,395,443,425,419,325,252,177,140
112011242,Lennox Head - Skennars Head,4148,3940,519,544,549,312,331,458,481,615,601,533,648,635,575,495,329,209,124,130
112011243,Mullumbimby,4311,4087,443,553,418,295,347,376,480,615,647,558,704,727,783,610,336,191,156,159
112021244,Casino,6418,6077,888,840,859,726,681,570,613,704,729,905,717,728,789,759,651,520,408,408
112021245,Casino Region,3430,3649,400,498,471,323,276,266,349,406,454,455,643,608,585,502,362,228,148,105
112021246,Goonellabah,7124,6251,848,864,843,844,816,856,742,720,793,883,799,868,804,757,588,491,376,483
112021247,Kyogle,3714,3750,375,453,427,304,263,309,321,423,509,460,589,712,710,574,373,259,210,193
112021248,Lismore,7974,7667,843,921,1019,1224,976,891,956,956,1029,971,1097,1133,986,797,555,497,315,475
112021249,Lismore Region,7638,7777,755,1060,1041,565,551,658,829,1082,1131,1021,1371,1488,1435,1065,641,345,223,154
112031250,Kingscliff - Fingal Head,6890,6684,839,855,773,556,587,719,824,950,868,849,945,993,959,912,704,503,379,359
112031251,Murwillumbah,4761,4327,525,580,555,392,394,466,487,528,592,666,613,663,571,571,429,369,289,398
112031252,Murwillumbah Region,4824,5082,514,637,565,395,432,442,488,615,707,626,857,998,931,718,402,275,177,127
112031253,Pottsville,6930,6672,955,924,734,548,562,772,869,964,948,1019,912,1047,888,804,665,401,311,279
112031254,Tweed Heads,10255,9677,968,898,956,988,995,1090,988,1104,1138,915,1247,1474,1490,1516,1288,1056,821,1000
112031550,Banora Point,8457,7529,822,848,913,798,678,776,765,930,931,905,976,1040,983,1177,1049,921,700,774
112031551,Terranora - North Tumblegum,1685,1667,209,258,280,172,128,169,202,225,253,244,248,273,208,184,124,87,57,31
112031552,Tweed Heads South,4452,3850,360,341,381,391,349,390,349,397,448,408,438,499,545,657,662,616,495,576
113011256,Griffith (NSW),9948,9761,1493,1264,1209,1293,1593,1415,1187,1174,1190,1350,1176,1106,1019,834,658,632,508,608
113011257,Griffith Region,6314,6871,901,1007,879,735,819,738,726,895,943,996,991,960,772,648,433,354,216,172
113011258,Leeton,5236,5071,658,840,911,568,616,527,501,612,648,664,681,701,555,502,457,373,266,227
113011259,Narrandera,3077,3061,415,370,339,312,272,315,321,359,358,461,407,481,414,412,308,207,187,200
113021260,Tumbarumba,1665,1826,212,205,162,151,182,217,189,220,225,182,253,295,255,235,187,153,79,89
113021261,Tumut,3253,3146,404,411,364,367,327,381,345,380,381,453,432,429,392,381,302,248,184,218
113021262,Tumut Region,2314,2449,274,325,256,170,216,227,251,289,300,298,358,398,387,355,258,174,127,100
113031263,Cootamundra,3884,3793,407,458,385,358,322,373,354,438,414,494,504,575,559,585,481,440,236,294
113031264,Gundagai,1787,1850,221,299,246,173,161,194,203,209,229,227,240,241,248,232,175,157,84,98
113031265,Junee,2727,3636,363,381,353,435,462,457,426,430,422,402,412,464,393,348,246,161,97,111
113031266,Temora,3418,3410,427,439,430,283,344,303,299,362,441,465,492,479,462,472,393,301,209,227
113031267,Wagga Wagga - East,8649,8355,1115,1269,1147,1017,1056,1070,992,1111,1071,1276,1034,1057,988,956,722,488,350,285
113031268,Wagga Wagga - North,2407,2135,323,267,397,749,396,323,256,255,234,255,224,205,134,125,107,111,75,106
113031269,Wagga Wagga - South,11205,10504,1712,1460,1543,1593,1522,1489,1380,1326,1386,1691,1240,1274,1120,860,641,561,389,522
113031270,Wagga Wagga - West,6395,6150,806,601,850,1348,1208,930,709,676,611,679,701,717,646,521,455,386,302,399
113031271,Wagga Wagga Region,7390,7679,1016,1104,1001,896,907,803,813,913,980,1187,1034,1019,927,843,615,452,299,260
114011272,Berry - Kangaroo Valley,4599,4366,447,398,381,300,322,359,387,437,471,462,546,795,772,849,734,564,362,379
114011273,Callala Bay - Currarong,1824,1891,131,229,225,192,130,126,133,219,244,182,298,294,314,326,297,181,110,84
114011274,Culburra Beach,2466,2603,250,209,249,215,229,221,213,249,254,218,406,391,428,441,397,302,198,199
114011275,Ettrema - Sassafras - Budawang,12,40,3,0,0,1,5,0,0,0,4,3,9,2,11,9,4,1,0,0
114011276,Huskisson - Vincentia,2217,2055,223,161,191,155,199,202,224,246,227,190,289,402,364,414,313,199,113,160
114011277,North Nowra - Bomaderry,8203,7970,989,999,990,909,912,904,851,868,1028,1045,990,1166,1142,1085,788,629,441,437
114011278,Nowra,10179,10438,1491,1283,1266,1634,1556,1386,1190,1239,1188,1443,1162,1178,1084,1118,866,598,460,475
114011279,St Georges Basin - Erowal Bay,7320,6953,752,870,798,653,620,592,677,766,821,865,876,931,1042,1218,1010,817,520,445
114011280,Sussex Inlet - Berrara,2179,2218,184,178,143,148,147,146,156,186,187,154,308,356,416,505,437,305,204,237
114011281,Tomerong - Wandandian - Woollamia,1726,1777,194,207,222,163,128,152,191,241,265,206,297,308,300,293,171,91,51,23
114011282,Ulladulla,8039,7579,776,853,792,507,592,685,670,845,871,863,997,1196,1319,1423,1120,916,610,583
114011283,Ulladulla Region,2478,2650,194,274,241,153,146,202,196,273,329,287,418,550,520,531,357,219,147,91
114021284,Bowral,7066,6152,573,808,729,448,374,415,541,703,827,764,797,839,882,1196,1118,917,648,639
114021285,Hill Top - Colo Vale,3070,3125,448,468,451,366,386,384,322,454,467,499,454,396,326,303,227,142,61,41
114021286,Mittagong,4940,4292,497,557,669,426,481,436,459,554,590,545,598,662,611,636,572,395,291,253
114021287,Moss Vale - Berrima,5136,4872,606,660,730,483,531,557,528,605,608,637,659,683,608,634,590,398,244,247
114021288,Robertson - Fitzroy Falls,1800,1806,161,282,184,134,155,127,161,245,281,245,273,250,302,316,268,125,58,39
114021289,Southern Highlands,3454,3274,308,400,349,223,225,247,269,430,429,389,535,497,582,673,497,329,175,171
115011290,Baulkham Hills (East),11962,11749,1842,1454,1241,1145,1252,1824,2084,1989,1678,1914,1350,1190,1096,1157,947,668,421,459
115011291,Baulkham Hills (West) - Bella Vista,10561,10292,1219,1372,1586,1712,1164,1093,1364,1499,1512,1504,1558,1407,1243,1121,688,424,229,158
115011294,Glenhaven,3322,3179,321,456,446,439,291,190,324,372,457,438,450,455,424,379,352,302,209,196
115011296,West Pennant Hills,6620,6564,689,813,1009,998,742,687,739,790,840,836,1048,1080,1053,772,515,269,131,173
115011553,Castle Hill - Central,3991,3841,573,498,486,423,478,578,675,622,518,571,451,442,387,427,306,200,108,89
115011554,Castle Hill - East,3145,2609,200,313,384,368,187,153,237,312,360,338,393,370,236,226,230,251,325,871
115011555,Castle Hill - North,6160,6152,616,929,890,794,584,574,730,915,874,862,926,837,812,733,530,332,205,169
115011556,Castle Hill - South,5078,4865,663,661,624,635,512,643,715,744,669,757,628,599,627,544,411,244,144,123
115011557,Castle Hill - West,2769,2674,310,429,462,369,293,296,342,412,442,449,417,395,274,258,140,74,47,34
115011558,Cherrybrook,9833,9627,847,1504,1646,1380,928,826,1010,1421,1521,1239,1555,1441,1236,993,674,472,332,435
115011559,Kellyville,12138,11927,1688,2019,1822,1600,1256,1504,1863,2088,1913,2010,1601,1374,1136,881,615,370,207,118
115021297,Dural - Kenthurst - Wisemans Ferry,10781,10868,1117,1610,1698,1448,1041,916,1071,1476,1669,1429,1685,1473,1282,1309,965,625,423,412
115021298,Galston - Laughtondale,2674,2693,259,408,363,324,230,229,234,368,409,347,386,398,305,307,270,198,134,198
115031299,Bilpin - Colo - St Albans,1344,1451,154,180,157,132,123,104,141,216,225,142,267,231,168,202,196,70,54,33
115031300,Kurrajong Heights - Ebenezer,11058,11418,1406,1679,1663,1520,1292,1179,1255,1568,1847,1536,1705,1633,1317,1149,799,446,263,219
115041301,Pitt Town - McGraths Hill,5325,5497,769,744,796,621,677,662,688,817,812,864,720,676,561,518,402,244,133,118
115041302,Rouse Hill - Beaumont Hills,11712,11730,1743,2114,1863,1447,1195,1477,1888,2279,1943,2204,1416,1175,923,738,505,269,149,114
116011303,Blacktown (East) - Kings Park,8567,8952,1695,779,868,1136,2027,2241,1571,1073,868,1124,798,790,725,551,430,309,244,290
116011304,Blacktown (North) - Marayong,9228,9399,1417,1120,1124,1401,1476,1640,1429,1207,1003,1314,1021,995,994,892,538,417,312,327
116011306,Doonside - Woodcroft,11714,11559,1654,1518,1676,1811,1760,1936,1742,1558,1501,1696,1466,1488,1236,957,560,311,229,174
116011307,Lalor Park - Kings Langley,12759,12887,1921,1494,1621,1580,1828,1903,1916,1775,1663,1763,1632,1609,1488,1251,777,541,461,423
116011308,Seven Hills - Toongabbie,12199,12584,1763,1477,1511,1636,1852,2088,2027,1736,1585,1708,1417,1452,1296,1235,873,535,349,243
116011560,Blacktown (South),6323,6429,937,833,855,923,975,1043,967,890,777,943,809,708,592,486,344,334,208,128
116011561,Blacktown (West),8256,8392,1290,1013,1134,1259,1291,1457,1245,1057,1047,1146,1004,903,692,565,466,415,316,348
116021309,Glenwood,8361,8307,1139,1378,1440,1195,982,1035,1392,1409,1342,1369,1136,894,699,544,338,212,102,62
116021310,Parklea - Kellyville Ridge,16476,17331,3305,2509,2001,1836,2113,3265,3770,3324,2271,3311,1709,1318,1110,848,517,335,161,104
116021312,Riverstone - Marsden Park,8762,9049,1581,1138,1123,1121,1488,1711,1540,1339,1101,1359,992,841,744,676,472,299,156,130
116021562,Acacia Gardens,1945,2017,324,281,240,277,268,350,402,309,264,340,264,236,143,133,61,43,12,15
116021563,Quakers Hill,11916,11771,2045,1607,1664,1615,1596,2185,2129,1836,1582,1993,1449,1217,1021,770,416,246,155,161
116031313,Bidwill - Hebersham - Emerton,9688,9260,1686,1515,1551,1481,1377,1198,1021,1110,1149,1663,1109,986,897,934,621,359,192,99
116031314,Glendenning - Dean Park,4357,4288,771,668,656,597,666,692,736,645,578,737,530,437,317,212,165,93,55,90
116031315,Hassall Grove - Plumpton,10790,10525,1556,1717,1897,1809,1552,1520,1349,1540,1539,1696,1498,1273,918,593,336,225,155,142
116031316,Lethbridge Park - Tregear,10877,10406,2217,1591,1580,1610,1691,1773,1436,1244,1188,1932,1060,953,795,763,668,447,233,102
116031317,Mount Druitt - Whalan,11798,11703,2082,1700,1649,1741,1880,1988,1714,1485,1395,2082,1312,1143,947,867,607,456,274,179
116031318,Prospect Reservoir,11,33,0,2,6,6,5,1,4,1,5,2,2,1,5,4,0,0,0,0
116031319,Rooty Hill - Minchinbury,11026,10850,1560,1417,1608,1727,1632,1665,1609,1395,1357,1564,1432,1335,1092,925,544,329,269,416
117011320,Banksmeadow,7,14,1,0,0,1,2,3,1,0,3,1,1,2,2,3,0,0,0,1
117011321,Botany,5595,5686,861,676,576,762,847,902,926,988,806,800,769,581,486,408,307,239,172,175
117011322,Mascot - Eastlakes,12672,12933,1587,1048,1490,2429,3088,2750,2109,1702,1504,1252,1358,1220,1063,880,725,635,444,321
117011323,Pagewood - Hillsdale - Daceyville,6003,5854,674,690,700,946,879,928,818,838,806,745,757,643,592,555,482,331,237,236
117011324,Port Botany Industrial,3,4,0,0,2,0,0,1,0,1,1,0,1,0,0,0,1,0,0,0
117011325,Sydney Airport,24,43,0,0,4,4,15,15,4,4,4,0,8,1,0,2,2,3,1,0
117021326,Marrickville,14128,13795,1566,1039,978,2230,3184,3047,2395,2248,1937,1376,1602,1484,1214,1032,793,686,573,539
117021327,Petersham - Stanmore,10665,10677,1124,781,728,1737,2902,2526,1941,1777,1553,975,1264,1056,846,749,513,390,259,221
117021328,Sydenham - Tempe - St Peters,4092,4187,525,323,302,689,871,955,799,688,606,405,489,430,390,281,186,143,105,92
117031329,Darlinghurst,5175,7067,327,122,195,966,2259,2010,1310,979,830,174,748,671,525,489,300,157,125,55
117031330,Erskineville - Alexandria,8383,8887,933,337,381,1285,2892,2811,2030,1559,1251,599,961,736,549,378,241,146,113,68
117031331,Glebe - Forest Lodge,10794,10036,822,481,839,2649,3132,2541,1736,1427,1195,583,1111,1110,979,892,568,347,209,209
117031332,Newtown - Camperdown - Darlington,13333,13021,1011,538,1768,4475,4357,3204,2261,1883,1487,741,1292,1020,791,605,379,234,177,131
117031333,Potts Point - Woolloomooloo,9882,12891,490,212,487,2143,3968,3570,2203,1695,1450,258,1265,1259,1020,944,630,413,311,455
117031334,Pyrmont - Ultimo,11560,11552,875,339,1076,4157,4081,3290,2133,1336,1015,473,955,889,792,710,429,270,160,132
117031335,Redfern - Chippendale,11422,12364,695,294,1091,4133,4544,3246,1885,1394,1230,382,1113,998,797,704,454,408,229,189
117031336,Surry Hills,7581,10165,490,167,330,1504,3367,3045,1905,1460,1122,277,1008,787,681,489,362,304,207,241
117031337,Sydney - Haymarket - The Rocks,14564,15072,803,282,1160,5176,6445,4871,2784,1551,1189,340,1137,1009,898,782,529,313,184,183
117031338,Waterloo - Beaconsfield,17032,18122,1616,610,2123,5166,6367,5242,2953,1980,1595,811,1431,1297,1064,1019,726,538,372,244
118011339,Bondi - Tamarama - Bronte,9894,9765,1202,769,695,1163,2526,2601,1874,1523,1340,1019,1071,879,750,752,502,418,278,297
118011340,Bondi Beach - North Bondi,11370,11401,1410,853,661,1373,3131,3482,2386,1868,1429,1159,1111,940,775,797,470,361,252,313
118011341,Bondi Junction - Waverly,9442,8619,1082,708,687,1109,1933,1956,1622,1267,1196,916,988,888,740,752,592,512,440,673
118011342,Centennial Park,1,2,0,0,0,0,0,0,0,1,0,0,2,0,0,0,0,0,0,0
118011343,Double Bay - Bellevue Hill,14002,12543,1332,1224,1224,1470,2564,2553,1939,1718,1650,1259,1499,1517,1419,1581,1233,878,608,877
118011344,Dover Heights,5961,5561,829,667,580,613,696,905,967,989,789,791,727,686,580,537,421,256,197,292
118011345,Paddington - Moore Park,8489,7791,886,526,470,1157,2145,1984,1572,1216,1094,711,974,831,685,691,593,357,183,205
118011346,Rose Bay - Vaucluse - Watsons Bay,6635,5935,631,985,952,793,627,632,716,896,922,909,922,730,660,679,544,363,276,333
118011347,Woollahra,4338,3719,474,310,268,435,714,721,636,537,496,411,489,457,417,509,386,309,202,286
118021348,Coogee - Clovelly,14260,13036,1762,1206,1083,1666,2892,3092,2562,2121,1906,1491,1637,1419,1242,1077,784,573,375,408
118021350,Malabar - La Perouse - Chifley,11887,13158,1386,1369,1498,1613,1649,1575,1700,1888,1843,1450,1803,1545,1390,1319,1068,766,543,640
118021564,Kensington (NSW),7732,7979,613,421,1836,3763,1957,1311,967,720,612,546,612,513,392,416,311,260,220,241
118021565,Kingsford,7964,8463,650,543,1313,3680,2161,1167,894,884,803,685,757,633,568,500,348,330,260,251
118021566,Maroubra - North,5384,5074,605,524,532,806,816,777,744,789,651,584,676,602,507,437,391,303,308,406
118021567,Maroubra - South,5832,5518,694,539,530,771,900,1022,967,815,758,598,672,637,601,538,444,356,252,256
118021568,Maroubra - West,5474,5343,641,465,687,1239,1110,932,806,715,644,595,558,566,444,407,327,286,205,190
118021569,Randwick - North,9334,8515,1218,669,641,1196,1946,2153,1729,1365,1174,941,960,849,718,660,482,355,270,523
118021570,Randwick - South,7140,6819,796,518,591,1472,1760,1574,1194,1011,846,697,741,661,543,437,382,247,190,299
119011354,Bass Hill - Georges Hall,11501,11257,1721,1666,1572,1633,1499,1392,1481,1428,1382,1739,1292,1260,1062,1071,880,614,463,603
119011355,Chullora,479,463,99,44,48,91,124,124,107,48,54,52,43,36,39,30,0,3,0,0
119011356,Condell Park,5889,5952,967,879,837,939,847,911,767,787,671,940,660,631,533,452,372,270,193,185
119011357,Greenacre - Mount Lewis,13646,13647,2061,2150,2094,2107,1868,1847,1713,1603,1619,2352,1643,1495,1245,1027,773,646,476,574
119011358,Padstow,8671,8434,1044,956,1085,1143,1186,1219,1027,1086,1100,958,1237,1153,952,783,598,523,439,616
119011359,Panania - Milperra - Picnic Point,13529,13129,1812,1759,1701,1775,1545,1705,1794,1971,1808,1876,1777,1704,1462,1267,937,745,511,509
119011360,Revesby,8611,8221,1111,1009,983,1192,1237,1173,1178,1119,1078,1106,1072,1093,895,738,526,411,412,499
119011361,Yagoona - Birrong,10756,10855,1627,1441,1507,1588,1698,1512,1358,1336,1272,1624,1284,1347,1102,905,596,468,400,546
119011571,Bankstown - North,8687,8381,1639,970,921,1373,1763,1651,1255,1060,919,1186,950,883,688,591,395,331,237,256
119011572,Bankstown - South,8291,8367,1374,961,1054,1392,1499,1384,1119,1079,974,1175,993,978,783,599,431,338,262,263
119021362,Belmore - Belfield,9999,9908,1293,1127,1214,1375,1537,1569,1376,1300,1389,1252,1313,1101,978,868,753,617,456,389
119021363,Canterbury (South) - Campsie,15879,16072,1979,1442,1766,2687,3592,3247,2341,2066,1980,1616,2063,1826,1483,1081,869,757,573,583
119021364,Kingsgrove (North) - Earlwood,12636,12414,1518,1479,1495,1388,1426,1540,1707,1962,1918,1630,1650,1462,1247,1222,1055,935,716,700
119021366,Punchbowl,10600,11225,1732,1485,1578,1845,1869,1798,1448,1313,1276,1646,1237,1190,998,756,577,475,302,300
119021367,Roselands,7291,7195,1030,947,908,980,1038,1006,969,1005,1012,1090,930,784,697,623,491,382,311,283
119021573,Lakemba,8203,9680,1946,974,876,1358,1905,1879,1637,1070,901,1519,827,773,587,445,387,277,232,290
119021574,Wiley Park,5034,5647,1118,647,533,902,1152,1192,944,673,512,816,511,442,390,298,232,146,103,70
119031368,Hurstville,12471,12302,1398,1050,1490,2614,3357,2436,1626,1336,1369,1204,1434,1329,1174,863,652,555,421,465
119031369,Mortdale - Penshurst,12711,12050,1640,1295,1354,1746,2104,2225,1890,1684,1595,1373,1655,1522,1284,1015,748,579,430,622
119031370,Narwee - Beverly Hills,7368,6929,878,764,841,1045,1066,1102,911,971,891,811,956,885,798,691,457,430,380,420
119031371,Oatley - Hurstville Grove,6581,6445,729,761,896,913,817,757,781,933,907,830,910,948,751,651,522,351,262,307
119031372,Peakhurst - Lugarno,9516,9070,1058,1174,1206,1154,960,998,1042,1238,1236,1188,1241,1190,970,1044,844,706,592,745
119031373,Riverwood,5898,5770,698,525,679,844,1037,938,718,673,706,633,797,779,715,550,448,388,299,241
119031374,South Hurstville - Blakehurst,12778,12358,1406,1387,1653,2198,2428,1788,1519,1533,1645,1376,1704,1478,1230,1152,852,640,504,643
119041375,Arncliffe - Bardwell Valley,11287,11556,1386,829,1069,2542,3865,3005,1811,1321,1068,957,1018,936,854,696,493,395,280,318
119041376,Bexley,13947,13969,1912,1396,1575,2050,2445,2485,2091,1837,1660,1669,1677,1569,1362,1209,837,752,612,778
119041377,Kingsgrove (South) - Bardwell Park,6742,6557,768,795,807,850,885,884,855,994,903,836,912,763,694,656,544,448,373,332
119041378,Kogarah,5889,5971,851,495,544,963,1444,1422,1011,795,648,608,645,554,466,400,305,243,230,236
119041379,Kogarah Bay - Carlton - Allawah,8356,8451,1078,808,953,1241,1600,1572,1158,1120,1117,957,1068,1019,856,744,541,394,310,271
119041380,Monterey - Brighton-le-Sands - Kyeemagh,7626,7257,878,722,683,861,1073,1187,1170,1104,1111,774,1017,799,813,772,635,531,403,350
119041381,Rockdale - Banksia,10255,10866,1255,730,933,1924,2938,2626,1702,1281,1107,947,1065,996,859,779,589,436,407,547
119041382,Sans Souci - Ramsgate,8759,8019,980,861,824,784,978,1059,1095,1243,1264,980,1116,1107,969,999,794,691,470,564
120011383,Concord - Mortlake - Cabarita,11746,11014,1300,1254,1203,1326,1470,1563,1538,1643,1647,1343,1581,1533,1305,1250,965,754,501,584
120011384,Concord West - North Strathfield,13215,12994,1789,893,1187,3115,4123,3567,2148,1582,1244,1175,1218,1117,942,732,496,352,264,265
120011385,Drummoyne - Rodd Point,10129,9184,1236,938,820,949,1299,1608,1513,1557,1383,1173,1280,1171,1002,1006,741,528,481,628
120011386,Five Dock - Abbotsford,11213,10243,1426,1008,896,1027,1317,1775,1805,1754,1606,1271,1442,1310,1141,1083,804,687,517,587
120021387,Balmain,8580,8049,1109,776,551,774,1126,1340,1445,1505,1324,991,1284,1072,1015,933,670,335,200,179
120021388,Leichhardt - Annandale,14231,13357,2189,1203,926,1822,2248,2582,2677,2583,2111,1779,1712,1407,1294,1094,724,481,374,382
120021389,Lilyfield - Rozelle,7605,7065,1114,641,469,698,1013,1401,1532,1412,1230,950,995,847,752,605,420,249,156,186
120031390,Ashfield,12818,12778,1367,865,1119,2434,3497,2886,1963,1592,1436,1001,1467,1301,1136,921,715,617,541,738
120031391,Burwood - Croydon,13309,12497,1152,986,1525,3471,3548,2209,1597,1421,1397,1035,1539,1428,1127,946,659,609,551,606
120031392,Canterbury (North) - Ashbury,5557,5413,640,582,558,767,895,859,828,846,787,630,827,642,559,503,375,308,225,139
120031393,Croydon Park - Enfield,9387,8613,1047,1010,1052,1234,1370,1315,1228,1308,1263,1073,1253,1032,922,834,659,531,415,454
120031394,Dulwich Hill - Lewisham,9086,8514,978,744,766,1304,1746,1742,1512,1469,1313,952,1185,994,765,650,499,427,278,276
120031395,Haberfield - Summer Hill,7119,6922,766,756,645,889,1152,1111,1060,1112,1048,898,1035,817,697,590,399,330,335,401
120031396,Homebush,7985,9081,1219,622,831,1755,2885,2593,1454,990,812,774,800,695,584,342,251,211,149,99
120031575,Strathfield,12986,13308,1152,1125,1645,3150,3727,2592,1663,1300,1419,1063,1503,1377,1093,941,742,602,511,689
120031576,Strathfield South,1889,1854,242,208,249,313,299,292,262,276,239,227,246,247,181,160,122,81,60,39
121011398,Chatswood (East) - Artarmon,15604,14405,2008,1389,1519,2353,2941,3218,2752,2285,1872,1848,1549,1396,1226,1149,774,590,487,653
121011399,Chatswood (West) - Lane Cove North,11172,10670,1501,982,993,1435,2186,2462,2013,1660,1384,1279,1201,1117,976,830,595,444,334,450
121011400,Lane Cove - Greenwich,14065,13873,1844,1749,1707,1551,1920,2054,2158,2102,1947,1819,1867,1644,1371,1277,1006,699,525,698
121011401,St Leonards - Naremburn,5659,5469,824,324,300,627,1321,1641,1346,918,681,529,568,533,466,423,249,159,114,105
121011402,Willoughby - Castle Cove - Northbridge,13643,13029,1784,2026,1653,1301,1003,1278,1767,2231,2197,2246,1982,1631,1384,1297,918,691,567,716
121021403,Asquith - Mount Colah,9491,9365,1211,1324,1258,1164,925,988,1269,1566,1416,1508,1389,1345,1058,865,641,430,240,259
121021404,Berowra - Brooklyn - Cowan,5999,6012,827,896,860,623,471,590,781,1035,973,950,934,805,659,621,466,258,154,108
121021406,Normanhurst - Thornleigh - Westleigh,9731,9388,1248,1353,1493,1072,726,963,1280,1533,1520,1429,1324,1156,987,914,766,605,373,377
121021577,Hornsby - East,6233,6038,986,491,485,781,1262,1553,1276,1024,784,732,646,590,485,400,241,214,152,169
121021578,Hornsby - West,5553,5529,750,671,624,595,626,789,897,901,817,766,716,686,587,544,398,276,212,227
121021579,Waitara - Wahroonga (West),5075,4824,797,530,395,437,674,1047,1050,813,606,694,470,415,436,374,277,282,245,357
121031407,Gordon - Killara,11432,10715,1082,1633,1869,1462,1131,1164,1286,1482,1708,1439,1676,1410,1145,1018,794,619,461,768
121031408,Lindfield - Roseville,12292,11784,1364,1862,1736,1472,1115,1286,1527,1731,1906,1893,1739,1457,1224,1126,877,655,494,612
121031409,Pymble,8880,8133,1002,1377,1371,1016,651,787,1023,1266,1444,1398,1357,1059,836,799,595,390,301,341
121031410,St Ives,10963,10230,1257,1524,1434,1099,765,977,1334,1583,1606,1659,1531,1277,1090,1012,980,814,622,629
121031411,Turramurra,10367,9571,1014,1452,1380,1025,661,765,1081,1389,1540,1462,1402,1168,980,980,912,826,731,1170
121031412,Wahroonga (East) - Warrawee,9445,8991,889,1542,1751,1168,750,760,933,1175,1472,1139,1449,1222,946,879,740,558,470,593
121041413,Cremorne - Cammeray,10682,9447,1378,776,618,913,1737,2166,1856,1660,1377,1060,1221,1154,1129,1161,828,523,297,275
121041414,Crows Nest - Waverton,10022,9064,1260,493,476,1087,2304,2751,2041,1530,1240,733,1023,994,863,834,605,379,251,222
121041415,Mosman,16087,14173,1647,1787,1658,1459,1784,2084,2049,2267,2275,1867,2168,1941,1618,1697,1448,937,642,932
121041416,Neutral Bay - Kirribilli,10068,9044,931,456,452,1093,2411,2449,1952,1410,1149,687,1020,1044,983,935,742,538,325,535
121041417,North Sydney - Lavender Bay,5731,5638,495,324,389,696,1453,1527,1089,818,725,347,661,672,608,601,443,270,129,122
122011418,Balgowlah - Clontarf - Seaforth,10895,10245,1490,1676,1270,1051,880,1025,1412,1910,1786,1812,1625,1297,1023,909,739,497,338,400
122011419,Manly - Fairlight,11911,11744,1399,810,842,1219,2527,2883,2291,1792,1492,1117,1402,1323,1094,1075,910,558,406,515
122021420,Avalon - Palm Beach,6578,6400,715,858,828,677,479,461,606,824,931,853,1080,1035,960,909,702,425,302,333
122021421,Bayview - Elanora Heights,5666,5491,556,775,631,553,402,414,527,751,794,732,850,789,748,753,635,517,321,409
122021422,Newport - Bilgola,7007,6909,794,946,832,769,688,593,734,1010,1062,1011,1137,1109,948,820,665,389,214,195
122021423,Warriewood - Mona Vale,12926,12327,1729,1564,1440,1352,1161,1399,1737,1985,1769,1907,1713,1525,1419,1370,1083,800,597,703
122031424,Beacon Hill - Narraweena,7352,7120,906,949,961,833,651,761,887,1168,1127,1083,1053,929,725,652,579,466,359,383
122031425,Cromer,4005,3786,483,564,508,403,291,368,506,616,647,599,506,443,385,412,342,299,172,247
122031426,Dee Why - North Curl Curl,13250,13010,1899,1196,1187,1625,2402,2786,2427,2111,1896,1468,1695,1432,1188,937,713,535,377,386
122031427,Forestville - Killarney Heights,6808,6445,752,1118,969,602,413,470,766,1175,1074,1222,965,725,584,529,551,538,399,401
122031428,Frenchs Forest - Belrose,13190,12917,1597,1958,1804,1369,885,1014,1475,2184,2150,2139,1851,1390,1261,1326,1328,975,675,726
122031429,Freshwater - Brookvale,11093,11076,1588,1242,1021,1194,1891,2306,2032,1883,1677,1450,1396,1168,968,810,546,374,263,360
122031430,Manly Vale - Allambie Heights,9023,8665,1324,1193,978,845,924,1081,1375,1516,1416,1530,1139,969,757,749,556,463,345,528
122031431,Narrabeen - Collaroy,13201,12642,1631,1449,1402,1352,1684,1863,1843,1871,1832,1542,1653,1497,1277,1203,1005,796,640,1303
122031432,Terrey Hills - Duffys Forest,1895,1891,210,289,284,190,146,149,192,272,325,261,313,265,196,207,192,125,63,107
123011433,Camden - Ellis Lane,6873,6400,852,888,748,773,752,758,845,867,875,972,731,810,726,729,557,400,363,627
123011434,Elderslie - Harrington Park,10958,10580,1728,1756,1626,1366,1377,1484,1558,1855,1559,1831,1328,1127,931,763,527,369,221,132
123011435,Mount Annan - Currans Hill,14899,14430,2674,2313,2201,1972,2193,2501,2258,2444,2031,2547,1773,1368,1091,884,518,289,169,103
123021436,Bradbury - Wedderburn,9977,9546,1595,1453,1402,1519,1414,1410,1332,1283,1118,1594,1141,1005,967,919,676,354,206,135
123021437,Campbelltown - Woodbine,9400,9341,1305,1060,1146,1550,1620,1586,1257,1198,1023,1239,1059,989,933,912,627,523,393,321
123021438,Claymore - Eagle Vale - Raby,10566,10358,1554,1565,1719,1653,1599,1583,1334,1279,1273,1610,1373,1496,1101,805,450,256,169,105
123021439,Holsworthy Military Area,0,0,0,0,0,0,0,0,0,0,0,0,0,0,0,0,0,0,0,0
123021440,Ingleburn - Denham Court,10238,10477,1672,1197,1297,1556,1646,1801,1536,1281,1247,1432,1389,1348,1091,874,540,365,225,218
123021441,Leumeah - Minto Heights,8551,8411,1177,1075,1058,1204,1256,1324,1177,1084,987,1166,959,1015,1061,1045,662,376,195,141
123021442,Macquarie Fields - Glenfield,12383,11891,1914,1684,1595,1664,1634,1927,1836,1703,1548,1853,1508,1347,1188,1020,698,463,304,388
123021443,Minto - St Andrews,10248,10254,1640,1363,1442,1576,1568,1659,1466,1341,1229,1578,1371,1309,1140,788,463,281,143,145
123021444,Rosemeadow - Glen Alpine,10906,10456,1515,1546,1552,1716,1526,1435,1263,1324,1316,1637,1433,1461,1256,998,632,379,194,179
123031445,Bargo,2887,2947,383,423,405,330,328,324,373,430,405,464,379,379,322,322,212,195,93,67
123031446,Douglas Park - Appin,4859,5068,842,693,611,570,674,740,674,677,676,807,658,606,499,448,317,193,127,115
123031447,Picton - Tahmoor - Buxton,8690,8526,1217,1199,1235,1075,1070,1069,1011,1219,1191,1288,1133,1101,964,829,594,417,292,312
123031448,The Oaks - Oakdale,4630,4684,554,784,661,629,526,509,540,732,660,734,602,640,617,489,293,176,89,79
124011449,Blackheath - Megalong Valley,2943,2802,317,283,236,198,243,260,280,377,403,337,466,477,502,487,405,241,135,98
124011450,Blaxland - Warrimoo - Lapstone,9798,9650,1217,1402,1317,1082,974,1047,1250,1402,1345,1374,1322,1343,1314,1168,835,521,303,232
124011451,Blue Mountains - North,8,5,0,1,1,0,0,0,2,0,2,2,1,1,1,1,0,0,0,1
124011452,Katoomba - Leura,7035,6528,646,690,751,704,603,679,733,871,952,672,949,1137,1160,1083,800,503,318,312
124011453,Lawson - Hazelbrook - Linden,5946,5568,749,800,747,582,511,609,684,844,853,797,886,926,810,707,424,273,183,129
124011454,Springwood - Winmalee,11444,10700,1310,1504,1528,1157,961,1185,1266,1579,1592,1574,1457,1610,1456,1336,912,585,501,631
124011455,Wentworth Falls,3242,2953,329,347,324,213,227,275,297,360,432,375,411,466,525,554,409,256,226,169
124021456,Blue Mountains - South,0,4,0,0,0,0,0,0,0,1,0,0,1,0,1,1,0,0,0,0
124031457,Cambridge Park,8014,8011,1225,996,978,1126,1273,1311,1135,1081,869,1207,903,1042,998,838,493,261,156,133
124031458,Castlereagh - Cranebrook,12285,12079,2288,1684,1688,1904,2253,2185,1791,1673,1454,1843,1418,1316,1012,797,462,317,173,106
124031459,Emu Plains - Leonay,7496,7076,954,918,962,857,838,993,1056,1072,923,1083,866,825,842,872,601,406,255,249
124031460,Glenmore Park - Regentville,11081,10661,1673,1738,1770,1544,1497,1587,1540,1744,1622,1825,1417,1238,937,719,387,255,149,100
124031461,Jamisontown - South Penrith,9041,8697,1350,1131,1012,1086,1323,1387,1347,1161,1027,1269,963,1020,1065,1037,667,433,249,211
124031462,Kingswood - Werrington,10120,9924,1793,1216,1263,1581,1782,1814,1494,1370,1268,1446,1052,994,861,758,502,370,206,274
124031463,Mulgoa - Luddenham - Orchard Hills,4863,4976,720,702,692,641,767,733,632,705,695,749,603,591,442,457,319,193,110,88
124031464,Penrith,7028,6756,893,661,761,1108,1303,1132,958,840,819,770,818,739,658,625,501,406,343,449
124031465,Warragamba - Silverdale,2605,2732,357,427,418,374,331,312,322,406,396,407,394,365,293,215,134,92,58,36
124041466,Richmond - Clarendon,7374,6830,856,811,954,1117,1047,925,826,868,893,868,830,810,712,737,607,511,373,459
124041467,Windsor - Bligh Park,8004,7739,1195,1050,1104,1282,1404,1099,938,988,1099,1099,1139,953,724,582,371,343,205,168
124041468,Yarramundi - Londonderry,3409,4197,374,495,535,684,611,551,563,571,545,507,539,460,382,351,202,125,65,46
124051469,Erskine Park,3323,3346,427,455,615,665,462,410,431,397,509,429,613,497,336,206,112,55,27,23
124051470,St Clair,10256,10292,1479,1363,1420,1564,1705,1543,1384,1333,1265,1486,1340,1627,1255,869,449,225,138,103
124051580,Colyton - Oxley Park,6025,5902,883,733,795,1006,924,945,833,748,747,919,672,713,581,543,403,236,152,94
124051581,St Marys - North St Marys,8239,8258,1386,911,979,1376,1444,1287,1100,1039,996,1174,962,952,768,662,483,399,288,291
125011473,Homebush Bay - Silverwater,9138,10438,1470,639,654,1467,2704,3255,2268,1561,1190,960,974,819,651,474,258,115,64,53
125011475,Rookwood Cemetery,1,2,0,1,0,0,0,0,0,1,0,0,0,1,0,0,0,0,0,0
125011582,Auburn - Central,8140,9984,1374,950,1129,1924,2579,1844,1204,970,961,1156,936,832,676,477,393,313,170,236
125011583,Auburn - North,4979,7002,989,428,529,1425,2079,1576,971,635,578,637,551,495,329,252,210,142,97,58
125011584,Auburn - South,4307,4520,662,608,648,753,873,722,559,483,499,661,540,477,372,316,192,157,125,180
125011585,Berala,4432,4848,641,468,564,779,1032,839,601,578,548,566,579,553,478,381,205,194,156,118
125011586,Lidcombe,10037,10867,1295,829,1157,2071,2692,2196,1566,1224,1236,985,1300,1329,996,686,484,351,240,267
125011587,Regents Park,2581,2660,375,290,339,420,456,418,332,307,343,367,335,364,278,226,132,116,71,72
125021476,Carlingford,14384,14010,1726,1705,1966,1833,1645,1842,1910,1954,1943,1914,1944,1825,1580,1338,1111,900,643,615
125021477,Ermington - Rydalmere,11021,11015,1663,1277,1331,1337,1569,1815,1642,1624,1533,1464,1497,1354,1103,909,638,502,364,414
125021478,Oatlands - Dundas Valley,9366,9088,1242,1017,1164,1233,1272,1461,1318,1335,1268,1232,1340,1164,983,773,557,477,356,262
125031479,Chester Hill - Sefton,9458,9738,1399,1348,1395,1479,1419,1365,1180,1153,1251,1374,1258,1154,916,756,500,398,374,477
125031480,Fairfield - East,7926,8123,1168,1053,1101,1259,1254,1158,985,972,1026,1166,980,882,809,638,439,389,290,480
125031481,Granville - Clyde,10329,11512,1762,1221,1267,2024,2693,2231,1594,1275,1218,1356,1185,1110,900,728,492,359,242,184
125031482,Greystanes - Pemulwuy,13817,13473,2153,1676,1542,1668,1679,2055,2249,1956,1741,2105,1565,1353,1325,1492,1165,741,455,370
125031483,Guildford - South Granville,10875,11198,2018,1541,1502,1840,2077,1872,1485,1262,1151,1766,1176,1127,938,723,553,429,292,321
125031484,Guildford West - Merrylands West,10776,10749,1772,1284,1350,1776,1897,1872,1530,1268,1260,1625,1224,1160,923,771,547,472,351,443
125031485,Merrylands - Holroyd,14488,15251,2524,1604,1703,2378,2925,2943,2352,1899,1689,2120,1659,1460,1244,1038,766,555,426,454
125031486,Smithfield Industrial,0,11,0,0,0,2,1,3,2,1,0,0,0,1,0,1,0,0,0,0
125031487,Yennora Industrial,7,7,3,0,0,0,1,1,0,2,3,0,0,1,1,0,1,0,0,1
125041489,North Parramatta,11385,11687,1754,924,1103,1596,2604,3003,2318,1653,1264,1185,1222,1141,947,691,514,358,320,475
125041490,North Rocks,4203,3976,570,537,496,452,326,500,555,596,544,615,557,530,471,490,419,261,126,134
125041491,Northmead,10681,10424,2110,908,679,1029,2221,3199,2354,1488,1026,1449,842,779,692,660,526,407,303,433
125041492,Parramatta - Rosehill,14346,16134,2859,828,805,2476,5239,5990,3362,1660,1158,1518,1063,913,829,633,386,316,208,237
125041493,Toongabbie - Constitution Hill,11389,11181,1579,1307,1240,1467,1598,1848,1591,1547,1416,1468,1346,1292,1118,1001,831,775,594,552
125041494,Winston Hills,5574,5470,841,750,627,538,548,711,874,896,762,873,646,570,517,578,615,314,196,188
125041588,Pendle Hill - Girraween,6506,6783,1094,781,632,714,942,1355,1341,988,738,1106,712,638,509,503,364,315,233,324
125041589,Wentworthville - Westmead,7900,8280,1313,832,783,1015,1405,1971,1632,1157,874,1243,828,806,643,500,359,309,252,258
126011495,Epping - North Epping,14126,14000,1577,1583,1910,2367,2254,2014,1955,1912,1768,1755,1924,1786,1550,1187,796,670,518,600
126011496,Pennant Hills - Cheltenham,10878,10297,1210,1404,1489,1430,949,1001,1306,1512,1524,1487,1546,1419,1204,1103,862,659,487,583
126021497,Eastwood - Denistone,13277,12924,1496,1282,1584,2314,2265,1960,1725,1638,1610,1550,1831,1667,1537,1224,852,655,488,523
126021498,Gladesville - Huntleys Point,7694,7307,957,842,755,864,968,1095,1101,1237,1113,919,1023,888,777,754,563,441,321,383
126021499,Hunters Hill - Woolwich,5385,5470,579,831,1010,558,427,469,535,725,786,741,704,640,568,596,442,335,245,664
126021500,Macquarie Park - Marsfield,11739,10950,1393,616,1185,3157,2766,2579,1854,1269,1030,911,993,950,901,769,586,493,459,778
126021501,North Ryde - East Ryde,6428,6330,779,774,734,836,723,741,907,934,895,821,939,873,703,547,405,420,337,390
126021503,West Ryde - Meadowbank,10232,10030,1397,789,860,1425,2415,2605,1918,1410,1142,1072,1097,1041,910,745,530,403,251,252
126021590,Putney,2211,2061,227,335,329,301,181,179,213,288,373,303,341,306,248,223,138,105,83,99
126021591,Ryde,14420,13889,1891,1320,1468,2115,2747,2690,2318,1925,1813,1584,1671,1452,1269,1131,832,712,608,763
127011504,Ashcroft - Busby - Miller,9085,8834,1441,1464,1433,1387,1195,1134,1084,1021,1039,1465,1178,1138,819,627,466,519,326,183
127011505,Austral - Greendale,4463,4747,505,656,707,724,528,511,517,604,630,588,599,554,531,523,383,266,172,212
127011506,Cobbitty - Leppington,9110,9253,1862,1122,1023,1240,1908,1868,1478,1201,1002,1429,927,825,763,656,484,307,179,89
127011592,Badgerys Creek,39,23,3,7,6,7,4,3,4,1,2,2,3,5,0,4,4,2,3,2
127011593,Cecil Hills,3635,3633,381,630,661,615,491,401,385,571,571,503,600,489,381,267,143,104,54,21
127011594,Green Valley,6584,6409,806,988,1125,1100,955,853,806,862,887,962,950,892,672,423,324,190,104,94
127011595,Hinchinbrook,6408,6327,946,1028,1073,1041,893,969,894,885,888,961,940,737,555,387,235,166,87,50
127011596,Hoxton Park - Carnes Hill - Horningsea Park,6098,5911,1035,1005,964,794,824,1003,1028,964,820,1054,779,575,425,321,202,99,73,44
127011597,West Hoxton - Middleton Grange,7845,7965,1436,1334,1208,1088,1131,1389,1371,1283,1128,1424,898,721,484,398,229,141,94,53
127021509,Bonnyrigg Heights - Bonnyrigg,8398,8160,922,1159,1275,1409,1186,1129,997,1046,1121,1167,1177,1169,989,697,453,291,179,192
127021510,Bossley Park - Abbotsbury,9803,9695,1042,1291,1421,1556,1447,1116,1101,1221,1254,1158,1381,1528,1268,988,623,490,321,292
127021511,Cabramatta - Lansvale,12850,12642,1629,1471,1811,2077,2021,1808,1513,1669,1844,1509,1751,1687,1382,1050,660,563,456,591
127021512,Cabramatta West - Mount Pritchard,8926,8787,1172,1281,1348,1474,1202,1141,1092,1165,1220,1259,1157,1130,843,731,464,438,362,234
127021513,Canley Vale - Canley Heights,10869,10589,1396,1406,1597,1856,1575,1476,1311,1417,1467,1348,1505,1458,1073,804,569,436,353,411
127021514,Edensor Park,5178,5020,585,698,781,927,777,660,562,596,698,593,817,787,605,451,275,187,115,84
127021515,Fairfield,9244,9191,1255,1103,1145,1387,1551,1428,1233,1245,1247,1179,1205,1118,957,736,568,444,354,280
127021516,Fairfield - West,10048,9753,1328,1372,1473,1556,1427,1333,1247,1276,1323,1347,1297,1203,956,840,688,554,317,264
127021517,Greenfield Park - Prairiewood,4309,4327,525,575,637,634,595,516,494,534,576,571,558,625,542,456,328,233,141,96
127021518,Horsley Park - Kemps Creek,2276,2374,224,328,349,379,285,233,233,337,338,257,309,288,269,260,190,150,135,86
127021519,Smithfield - Wetherill Park,9323,9268,1207,1152,1203,1357,1348,1194,1133,1229,1129,1243,1146,1177,1094,985,676,572,447,299
127021520,St Johns Park - Wakeley,5697,5478,607,682,759,839,826,738,631,640,708,641,705,790,773,668,418,318,203,229
127021521,Wetherill Park Industrial,9,27,0,0,0,2,1,4,1,2,12,0,2,0,4,2,0,4,2,0
127031522,Casula,8272,7983,1193,1134,1201,1219,1171,1190,1054,1099,1140,1178,1054,938,794,647,409,359,234,241
127031523,Chipping Norton - Moorebank,9778,9642,1617,1226,1090,1187,1350,1511,1516,1436,1191,1479,1131,1072,976,999,762,377,256,244
127031524,Holsworthy - Wattle Grove,10487,10861,1763,1500,1618,1577,1557,1744,1648,1683,1579,1605,1394,1077,763,594,443,288,241,274
127031598,Liverpool,14246,14277,2474,1592,1508,2173,2630,2648,2292,1891,1640,1923,1625,1502,1279,1068,790,675,434,379
127031599,Lurnea - Cartwright,6085,5946,992,833,852,895,856,794,774,737,719,1035,772,688,516,457,408,361,209,133
127031600,Prestons - Edmondson Park,9197,9034,1485,1580,1544,1224,1160,1372,1422,1571,1301,1640,1137,901,634,457,281,216,137,169
127031601,Warwick Farm,2930,3122,487,267,294,486,631,697,511,372,323,356,357,353,271,224,166,127,74,56
128011529,Gymea - Grays Point,9184,8896,1175,1229,1154,1112,953,1044,1102,1396,1424,1233,1293,1139,963,825,743,528,408,359
128011530,Miranda - Yowie Bay,9714,9191,1263,1069,1064,1050,1250,1300,1246,1328,1260,1163,1188,1130,943,839,734,672,597,809
128011531,Sylvania - Taren Point,8694,8062,1013,962,919,935,804,904,984,1111,1127,988,1070,977,883,923,883,769,610,894
128011602,Caringbah,6303,5919,955,587,543,700,1028,1096,959,943,745,769,701,697,585,513,431,324,259,387
128011603,Caringbah South,6302,6182,807,848,868,769,554,584,702,908,825,919,818,876,760,690,499,393,351,313
128011604,Cronulla - Kurnell - Bundeena,12425,12321,1375,1121,1056,1550,2372,2202,1705,1610,1569,1151,1680,1770,1568,1371,991,602,498,555
128011605,Lilli Pilli - Port Hacking - Dolans Bay,1658,1605,177,277,273,225,139,112,153,229,259,212,280,245,203,164,121,82,65,47
128011606,Woolaware - Burraneer,4074,3964,471,572,575,506,444,405,453,557,621,577,583,574,482,414,274,195,153,182
128021533,Heathcote - Waterfall,3447,3234,432,412,420,396,343,340,385,496,450,477,453,381,407,298,276,229,200,286
128021534,Illawong - Alfords Point,5416,5443,548,675,766,914,743,511,556,623,679,596,857,1091,862,625,309,216,130,158
128021535,Menai - Lucas Heights - Woronora,10913,10852,1321,1519,1738,1690,1225,1162,1220,1446,1615,1437,1689,1702,1393,1040,653,374,229,312
128021536,Oyster Bay - Como - Jannali,10987,10852,1569,1504,1308,1184,966,1216,1482,1865,1625,1811,1448,1351,1201,1121,876,495,361,456
128021537,Royal National Park,16,12,2,0,2,2,5,5,4,5,1,2,0,0,0,0,0,0,0,0
128021538,Sutherland - Kirrawee,11146,10402,1553,1094,1036,1203,1825,1891,1710,1575,1344,1250,1274,1171,999,920,789,618,515,781
128021607,Engadine,8754,8668,1343,1283,1032,848,834,1119,1406,1401,1169,1521,963,883,774,969,871,455,285,266
128021608,Loftus - Yarrawarrah,3787,3664,510,534,449,461,394,416,469,570,535,574,488,433,455,385,297,254,128,99
128021609,Woronora Heights,1862,1902,183,295,347,332,191,110,178,286,333,228,327,354,268,168,89,50,15,10
197979799,Migratory - Offshore - Shipping (NSW),0,0,0,0,0,0,0,0,0,0,0,0,0,0,0,0,0,0,0,0
199999499,No usual address (NSW),0,0,0,0,0,0,0,0,0,0,0,0,0,0,0,0,0,0,0,0
