SA2_CODE,Aboriginal_Persons_15 - 65,Aboriginal_Persons_Over 65,Aboriginal_Persons_Under 15,Both Aboriginal and Torres Strait Islander_Persons_15 - 65,Both Aboriginal and Torres Strait Islander_Persons_Over 65,Both Aboriginal and Torres Strait Islander_Persons_Under 15,Torres Strait Islander_Persons_15 - 65,Torres Strait Islander_Persons_Over 65,Torres Strait Islander_Persons_Under 15,total_indigenous_population
101021007,110,0,27,0,0,0,0,0,0,137
101021008,783,31,178,0,0,0,18,0,3,1013
101021009,513,6,86,4,0,0,10,0,0,619
101021010,271,3,65,3,0,0,0,0,0,342
101021011,517,7,119,14,0,9,3,0,0,669
101021012,559,9,106,13,0,0,4,0,0,691
101031013,80,3,14,0,0,0,0,0,0,97
101031014,358,7,50,3,0,0,6,0,0,424
101031015,106,7,16,0,0,0,4,0,0,133
101031016,129,3,23,0,0,0,10,0,6,171
101041017,894,30,236,4,0,0,13,0,0,1177
101041018,547,18,111,8,0,0,8,0,4,696
101041019,498,15,135,3,0,0,0,0,0,651
101041020,330,8,77,11,0,3,5,0,0,434
101041021,178,0,44,3,0,0,0,0,0,225
101041022,0,0,0,0,0,0,0,0,0,0
101041023,330,14,79,4,0,0,8,0,0,435
101041024,422,15,96,10,0,0,7,0,6,556
101041025,318,11,62,0,0,0,0,0,0,391
101041026,597,14,110,20,0,3,7,0,0,751
101041027,649,32,141,7,0,0,3,0,0,832
101051539,1527,33,301,29,0,10,28,9,0,1937
101051540,508,22,140,5,0,0,8,0,3,686
101061541,375,16,103,3,0,0,0,0,0,497
101061542,288,7,58,7,0,0,5,0,0,365
101061543,667,24,187,0,0,0,9,0,0,887
101061544,535,23,120,8,0,0,20,3,3,712
102011028,205,4,35,3,0,0,6,0,0,253
102011029,426,9,95,3,0,0,16,0,7,556
102011030,200,6,33,0,0,0,7,0,0,246
102011031,426,10,91,8,0,0,8,6,3,552
102011032,831,24,175,3,0,0,16,0,0,1049
102011033,373,4,50,0,0,0,24,0,3,454
102011034,299,10,64,3,0,0,10,0,9,395
102011035,370,4,83,0,0,0,8,0,0,465
102011036,255,3,58,0,0,0,3,0,0,319
102011037,192,6,41,0,0,0,3,0,0,242
102011038,280,6,59,11,0,0,9,0,0,365
102011039,319,6,67,7,0,3,9,0,3,414
102011040,1378,54,241,7,0,0,13,0,8,1701
102011041,315,7,67,0,0,0,9,0,0,398
102011042,1025,41,209,10,0,0,3,0,0,1288
102011043,554,13,134,14,0,6,15,0,0,736
102021044,1329,47,331,16,0,3,23,0,3,1752
102021045,1256,15,335,22,0,3,40,0,12,1683
102021046,838,33,196,14,0,3,11,0,3,1098
102021047,915,20,201,17,0,3,13,0,4,1173
102021048,1887,60,454,37,0,13,47,4,3,2505
102021049,130,3,23,3,0,0,0,0,0,159
102021050,717,31,149,8,0,6,16,4,0,931
102021051,203,0,50,0,0,0,0,0,0,253
102021052,428,15,91,9,0,3,4,0,0,550
102021053,1035,28,216,9,0,0,16,0,3,1307
102021054,733,32,155,9,0,3,13,0,5,950
102021055,277,10,70,3,0,0,3,0,0,363
102021056,1055,23,272,9,0,9,17,0,0,1385
102021057,885,38,207,17,0,3,15,0,0,1165
103011058,2010,36,409,34,0,9,21,7,0,2526
103011059,1136,29,312,20,3,12,28,0,12,1552
103011060,308,10,61,10,4,4,13,0,0,410
103011061,249,11,45,3,0,0,16,0,4,328
103021062,1732,74,394,4,0,6,9,0,0,2219
103021063,1273,59,274,24,0,6,12,8,0,1656
103021064,343,22,71,0,0,0,11,0,3,450
103021065,1662,81,332,50,0,14,23,3,4,2169
103021066,171,11,36,0,0,0,0,0,0,218
103021067,1667,35,396,5,0,0,11,0,0,2114
103021068,604,38,117,0,0,0,3,0,0,762
103021069,383,13,111,3,0,3,6,0,0,519
103031070,1236,56,218,9,0,0,32,3,7,1561
103031071,640,19,155,12,0,0,8,3,0,837
103031072,1035,18,268,8,0,0,13,0,0,1342
103031073,280,14,69,0,0,0,4,4,0,371
103031074,860,36,185,7,0,5,7,0,0,1100
103031075,0,0,0,0,0,0,0,0,0,0
103041076,395,12,99,5,0,0,3,0,0,514
103041077,1979,44,454,52,0,8,30,0,3,2570
103041078,1841,38,471,18,0,6,35,0,6,2415
103041079,569,18,140,14,0,3,3,0,3,750
104011080,2498,80,559,49,0,16,46,3,14,3265
104011081,1200,47,261,27,3,0,22,0,4,1564
104011082,1182,68,256,10,0,0,18,0,10,1544
104021083,290,3,72,4,0,3,7,0,3,382
104021084,1618,44,384,17,0,6,28,0,4,2101
104021085,711,35,108,16,0,6,12,0,0,888
104021086,187,4,44,5,0,5,0,0,0,245
104021087,237,13,44,0,0,0,8,0,4,306
104021088,387,6,92,13,0,0,3,0,0,501
104021089,1683,50,353,19,0,3,21,0,6,2135
104021090,262,13,49,0,0,0,0,0,0,324
104021091,913,33,210,21,0,11,33,0,5,1226
105011092,2665,99,492,19,0,3,10,7,3,3298
105011093,998,45,214,0,0,0,4,0,0,1261
105011094,1837,78,423,18,3,3,4,0,0,2366
105011095,1277,57,292,7,0,0,3,0,0,1636
105011096,3171,131,600,28,0,0,21,0,0,3951
105021097,2368,56,521,23,0,3,19,3,8,3001
105021098,1261,37,180,8,0,0,3,0,0,1489
105031099,1262,56,272,11,0,0,20,0,3,1624
105031100,2907,79,666,29,0,9,28,0,3,3721
105031101,3255,119,717,17,0,8,29,3,4,4152
105031102,2422,56,600,55,0,12,48,0,3,3196
105031103,522,20,109,17,0,6,3,0,0,677
105031104,917,41,208,21,0,0,4,0,0,1191
105031105,1926,82,467,44,0,15,31,3,6,2574
105031106,3112,86,519,38,0,3,12,0,0,3770
106011107,795,21,189,4,0,0,30,0,8,1047
106011108,2750,59,562,92,3,24,82,7,14,3593
106011109,619,15,131,12,0,0,3,0,3,783
106011110,663,23,160,14,0,6,19,8,6,899
106011111,2081,55,500,32,4,0,35,0,7,2714
106011112,1512,32,341,8,0,6,51,0,13,1963
106011113,356,7,90,7,0,3,0,0,0,463
106021114,593,18,122,21,0,10,16,0,0,780
106021115,1956,58,453,55,0,18,68,0,10,2618
106021116,293,3,70,15,0,8,10,0,6,405
106021117,2206,48,555,56,0,29,55,4,17,2970
106021118,623,16,145,0,0,0,13,0,3,800
106031119,246,4,53,10,0,3,13,0,3,332
106031120,510,18,127,6,0,3,16,0,3,683
106031121,881,42,211,20,0,6,30,9,7,1206
106031122,1688,41,439,23,0,9,43,0,14,2257
106031123,282,6,59,3,0,0,0,0,0,350
106031124,352,12,71,0,0,0,0,0,0,435
106031125,1262,30,266,40,0,7,13,0,0,1618
106041126,1735,34,420,20,0,4,24,0,0,2237
106041127,334,14,91,3,0,0,4,0,0,446
106041128,366,6,80,6,0,0,3,0,0,461
106041129,708,18,174,11,0,6,14,0,3,934
107011131,1538,46,361,32,0,10,30,3,0,2020
107011132,314,6,79,11,0,3,0,0,0,413
107011133,0,0,0,0,0,0,0,0,0,0
107011134,511,18,106,13,0,0,3,0,3,654
107011545,847,23,206,8,0,0,18,0,0,1102
107011546,659,11,193,0,0,0,12,0,0,875
107011547,264,19,29,0,0,0,3,0,0,315
107021135,0,0,0,0,0,0,0,0,0,0
107031136,794,9,181,18,0,3,19,0,6,1030
107031137,518,10,130,6,3,0,0,0,0,667
107031138,204,7,46,0,0,0,0,0,0,257
107031139,202,0,24,0,0,0,0,0,0,226
107031140,222,10,43,5,0,6,10,0,0,296
107031141,667,29,149,4,0,3,19,0,3,874
107031142,467,7,109,12,0,3,4,0,0,602
107031143,1542,51,351,9,0,7,48,0,13,2021
107041144,591,23,116,0,0,0,24,0,0,754
107041145,928,23,185,25,0,10,15,0,3,1189
107041146,474,15,89,18,0,3,3,0,0,602
107041147,322,12,55,7,0,0,8,0,0,404
107041148,285,18,50,11,0,0,4,0,3,371
107041150,746,16,164,0,0,0,20,0,0,946
107041548,334,7,15,15,0,0,7,0,0,378
107041549,490,8,98,0,0,0,7,0,0,603
108011151,388,34,77,5,0,0,4,0,0,508
108011152,1267,40,309,18,4,0,16,0,0,1654
108011153,441,17,113,9,0,0,11,0,0,591
108011154,370,40,60,5,0,3,5,3,3,489
108021155,3810,115,797,95,5,41,29,0,3,4895
108021156,952,39,230,26,0,7,0,0,0,1254
108021157,463,27,105,21,0,16,12,0,3,647
108021158,937,51,205,12,3,3,7,0,0,1218
108021159,791,29,190,13,0,6,7,0,3,1039
108021160,417,21,100,3,0,0,0,0,0,541
108031161,3,0,3,0,0,0,0,0,0,6
108041162,811,46,162,6,0,4,11,0,0,1040
108041163,1431,36,312,16,0,0,11,0,0,1806
108041164,1307,48,322,9,0,3,12,3,0,1704
108041165,315,9,50,0,0,0,4,0,0,378
108041166,1020,26,281,3,0,0,3,0,0,1333
108051167,599,29,110,3,3,0,3,0,4,751
108051168,613,23,175,15,0,3,7,0,3,839
108051169,3084,86,768,50,3,15,63,0,7,4076
108051170,784,46,177,22,0,4,17,0,6,1056
108051171,442,7,136,4,0,0,6,0,3,598
109011172,448,5,98,3,0,0,3,0,0,557
109011173,465,6,120,13,0,0,7,0,0,611
109011174,384,5,82,6,0,3,6,0,3,489
109011175,448,17,148,9,0,6,9,0,0,637
109011176,840,14,211,4,0,0,16,0,3,1088
109021177,271,10,63,3,0,0,0,0,0,347
109021178,987,44,189,26,0,0,3,0,0,1249
109021179,363,11,76,7,0,0,4,0,0,461
109031180,143,0,40,0,0,0,0,0,0,183
109031181,173,5,34,6,0,3,6,0,0,227
109031182,498,27,114,9,0,7,18,0,0,673
109031183,354,23,76,0,0,0,3,0,0,456
109031184,245,12,49,0,0,0,3,0,0,309
109031185,338,11,89,3,0,0,8,0,3,452
110011186,2620,82,573,30,0,6,45,0,8,3364
110011187,389,17,96,11,0,0,8,0,0,521
110011188,616,27,151,8,0,0,11,0,0,813
110011189,280,13,61,4,0,4,11,0,0,373
110021190,805,27,171,30,3,10,10,0,3,1059
110021191,1672,56,375,44,3,20,14,0,12,2196
110021192,782,42,167,0,0,0,3,0,0,994
110021193,483,25,126,6,0,4,18,0,3,665
110021194,594,14,130,18,0,6,14,3,5,784
110031195,3123,131,600,40,0,13,12,0,0,3919
110031196,1384,52,295,28,0,3,11,0,3,1776
110031197,1307,34,322,49,4,15,15,0,10,1756
110031198,904,27,198,9,0,3,14,0,3,1158
110041199,1926,71,490,25,0,3,20,0,0,2535
110041200,640,37,134,11,0,0,11,0,3,836
110041201,1479,85,281,11,0,8,29,6,4,1903
110041202,3129,90,763,69,6,22,42,0,3,4124
110041203,2002,62,416,37,0,3,31,3,3,2557
110041204,1894,43,527,34,0,12,35,0,11,2556
110041205,2053,85,492,33,0,6,60,7,8,2744
111011206,903,43,202,3,0,0,4,0,0,1155
111011207,457,7,90,3,0,0,4,0,0,561
111011208,1250,30,291,17,0,6,15,0,3,1612
111011209,1454,36,316,15,0,9,19,0,0,1849
111011210,1025,35,284,12,3,0,6,0,0,1365
111011211,142,3,34,3,0,0,4,0,0,186
111011212,659,26,137,11,0,0,8,0,3,844
111011213,255,19,56,3,0,0,0,0,0,333
111011214,536,17,110,8,0,4,11,0,0,686
111021215,845,35,163,24,0,10,17,0,0,1094
111021216,574,15,138,3,0,0,12,0,8,750
111021217,1122,27,313,18,0,7,28,0,6,1521
111021218,809,21,180,28,0,3,23,0,9,1073
111021219,1075,42,236,34,0,4,25,0,3,1419
111021220,534,24,120,10,0,0,12,0,0,700
111021221,579,13,104,5,0,0,14,0,3,718
111031222,633,7,107,13,0,0,4,0,0,764
111031223,852,24,215,6,0,4,6,0,3,1110
111031224,626,13,107,22,4,6,20,0,0,798
111031225,652,20,137,8,0,0,16,0,0,833
111031226,1032,21,252,13,0,4,14,0,0,1336
111031227,940,27,126,12,0,0,13,0,0,1118
111031228,361,11,34,8,0,0,6,0,0,420
111031229,454,13,37,4,0,0,6,0,0,514
111031230,0,0,0,0,0,0,0,0,0,0
111031231,638,13,109,37,0,18,20,6,6,847
111031232,450,7,104,13,0,0,3,0,0,577
111031233,1317,42,310,7,0,0,27,3,0,1706
111031234,837,22,171,8,0,5,11,0,0,1054
111031235,553,16,72,0,0,0,7,0,4,652
112011236,1019,53,199,15,0,3,41,0,6,1336
112011237,844,27,166,6,0,0,30,0,4,1077
112011238,92,0,18,0,0,0,6,0,0,116
112011239,286,13,50,30,0,10,15,0,0,404
112011240,217,4,30,4,3,0,17,0,0,275
112011241,353,15,71,13,0,8,9,0,8,477
112011242,231,3,51,4,0,0,9,0,3,301
112011243,214,6,33,13,0,3,12,0,5,286
112021244,1708,23,444,17,0,3,26,3,0,2224
112021245,563,26,113,12,0,0,10,0,0,724
112021246,1320,19,332,33,0,12,28,0,0,1744
112021247,473,17,98,8,0,0,5,0,0,601
112021248,1327,25,263,18,0,6,36,0,11,1686
112021249,662,10,121,24,0,5,13,0,3,838
112031250,772,46,131,68,8,14,93,3,15,1150
112031251,433,14,119,22,0,10,20,0,9,627
112031252,338,7,69,13,0,6,34,0,3,470
112031253,632,11,147,73,3,12,57,3,16,954
112031254,970,35,191,127,0,29,106,6,16,1480
112031550,959,38,194,109,3,21,51,0,10,1385
112031551,140,3,25,7,0,0,19,0,0,194
112031552,663,33,146,48,6,11,64,0,19,990
113011256,1489,45,341,14,0,0,33,0,6,1928
113011257,1309,45,267,9,0,0,17,0,11,1658
113011258,813,20,194,7,0,0,12,0,7,1053
113011259,904,44,187,3,0,0,3,0,3,1144
113021260,256,7,55,4,0,0,0,0,0,322
113021261,473,25,108,4,0,0,15,0,3,628
113021262,247,7,61,0,0,0,0,0,0,315
113031263,643,38,124,5,0,0,9,0,0,819
113031264,141,10,43,0,0,0,4,0,0,198
113031265,845,6,110,17,0,3,7,0,3,991
113031266,225,12,49,0,0,0,5,0,3,294
113031267,1043,20,266,7,0,7,16,4,0,1363
113031268,201,6,40,6,0,0,0,0,0,253
113031269,2218,40,564,32,0,7,38,3,0,2902
113031270,1475,48,335,13,0,4,21,0,3,1899
113031271,779,31,195,11,0,0,22,0,8,1046
114011272,274,15,57,3,0,0,10,0,0,359
114011273,239,5,62,0,0,0,0,0,0,306
114011274,506,27,78,0,0,0,3,0,0,614
114011275,0,0,0,0,0,0,0,0,0,0
114011276,185,11,24,0,0,0,3,0,3,226
114011277,1369,69,303,13,0,8,27,3,7,1799
114011278,3010,78,686,47,0,10,73,6,20,3930
114011279,1427,44,371,8,0,0,18,3,0,1871
114011280,222,14,43,3,0,0,6,0,0,288
114011281,220,3,37,0,0,0,7,0,3,270
114011282,762,30,193,6,0,0,21,6,0,1018
114011283,171,6,39,3,0,0,0,0,0,219
114021284,169,9,46,4,0,0,4,0,3,235
114021285,325,11,64,0,0,0,0,0,0,400
114021286,350,27,62,4,0,0,0,0,0,443
114021287,388,11,88,3,0,0,14,0,0,504
114021288,73,4,19,3,3,0,0,0,0,102
114021289,139,6,30,0,0,0,7,0,0,182
115011290,192,10,39,0,0,0,0,0,0,241
115011291,138,9,24,0,0,0,0,0,0,171
115011294,52,0,14,0,0,0,0,0,0,66
115011296,65,0,8,0,0,0,0,0,0,73
115011553,20,3,6,0,0,0,4,0,0,33
115011554,16,0,3,0,0,0,0,0,0,19
115011555,54,4,15,0,0,0,0,0,0,73
115011556,52,0,13,7,0,4,0,0,0,76
115011557,20,0,7,0,0,0,0,0,0,27
115011558,72,0,11,3,0,0,0,0,0,86
115011559,140,0,32,9,0,0,0,0,0,181
115021297,229,11,40,0,0,0,14,3,0,297
115021298,81,0,11,0,0,0,0,0,0,92
115031299,143,3,26,0,0,0,0,0,0,172
115031300,932,23,191,15,0,4,8,0,0,1173
115041301,358,12,72,0,0,0,4,0,4,450
115041302,290,0,60,0,0,0,3,0,0,353
116011303,370,11,75,18,0,0,9,0,0,483
116011304,744,26,148,20,0,4,24,3,9,978
116011306,1198,28,269,12,0,0,34,0,0,1541
116011307,821,35,144,31,0,18,24,3,10,1086
116011308,555,11,124,4,0,0,24,0,4,722
116011560,226,10,48,7,0,0,16,0,0,307
116011561,422,16,82,0,0,0,4,0,0,524
116021309,161,3,28,4,0,0,0,0,0,196
116021310,656,7,70,18,0,9,13,0,3,776
116021312,749,12,143,16,0,10,19,0,7,956
116021562,22,0,7,0,0,0,0,0,0,29
116021563,584,8,134,4,0,0,0,0,0,730
116031313,2349,65,674,29,0,12,31,0,10,3170
116031314,296,6,70,11,0,0,6,0,0,389
116031315,765,3,203,18,0,3,38,0,4,1034
116031316,2638,62,729,14,0,3,46,0,10,3502
116031317,1322,43,287,15,0,3,44,0,3,1717
116031318,0,0,0,0,0,0,0,0,0,0
116031319,592,30,108,6,0,4,6,0,0,746
117011320,0,0,0,0,0,0,0,0,0,0
117011321,454,21,69,10,0,3,11,0,0,568
117011322,451,22,69,8,0,0,17,0,0,567
117011323,364,15,55,14,0,0,14,0,0,462
117011324,0,0,0,0,0,0,0,0,0,0
117011325,0,0,0,0,0,0,0,0,0,0
117021326,713,20,99,6,0,0,3,0,0,841
117021327,460,13,42,12,0,0,7,0,0,534
117021328,213,3,34,5,0,3,0,0,0,258
117031329,112,3,0,3,0,0,6,0,0,124
117031330,382,20,43,8,0,0,0,0,0,453
117031331,537,20,69,16,0,0,27,0,3,672
117031332,443,10,32,10,0,0,11,0,0,506
117031333,366,5,38,10,0,0,25,0,3,447
117031334,274,3,46,14,0,3,11,0,3,354
117031335,592,20,60,32,0,0,17,0,0,721
117031336,275,6,16,4,0,0,9,0,0,310
117031337,81,4,0,0,0,0,10,0,0,95
117031338,940,33,144,43,0,3,22,0,3,1188
118011339,117,0,11,3,0,0,0,0,0,131
118011340,117,0,10,3,0,0,5,0,0,135
118011341,130,0,20,0,0,0,6,0,0,156
118011342,0,0,0,0,0,0,0,0,0,0
118011343,123,3,27,0,0,0,3,0,0,156
118011344,52,0,15,4,0,3,4,0,0,78
118011345,79,0,7,4,0,0,7,0,0,97
118011346,37,0,5,3,0,0,0,0,0,45
118011347,21,0,0,0,0,0,3,0,3,27
118021348,353,8,62,17,0,6,21,0,5,472
118021350,1945,76,281,32,0,0,24,0,7,2365
118021564,207,0,6,3,0,0,7,0,0,223
118021565,149,3,32,0,0,0,5,0,0,189
118021566,108,0,20,0,0,0,0,0,0,128
118021567,313,15,63,12,0,0,16,0,0,419
118021568,125,0,17,0,0,0,8,0,3,153
118021569,168,0,23,0,0,0,11,0,0,202
118021570,113,3,18,0,0,0,0,0,0,134
119011354,276,7,44,7,0,3,18,0,0,355
119011355,6,0,0,0,0,0,0,0,0,6
119011356,90,3,20,0,0,0,0,0,0,113
119011357,212,12,48,0,0,0,0,0,0,272
119011358,264,19,51,0,0,0,3,0,0,337
119011359,643,25,141,14,0,0,6,0,3,832
119011360,231,9,56,0,0,0,3,0,0,299
119011361,260,9,21,6,0,0,12,0,6,314
119011571,91,0,7,0,0,0,6,0,0,104
119011572,100,0,10,0,0,0,10,0,3,123
119021362,194,18,24,10,0,0,14,0,6,266
119021363,253,11,65,0,0,0,3,0,0,332
119021364,274,11,63,0,0,0,22,6,0,376
119021366,150,0,31,4,0,4,3,0,3,195
119021367,142,3,29,0,0,0,10,0,3,187
119021573,74,0,14,0,0,0,0,0,0,88
119021574,34,0,3,0,0,0,3,0,0,40
119031368,112,4,15,0,0,0,5,0,0,136
119031369,244,3,45,0,0,0,0,0,0,292
119031370,160,7,33,3,0,0,24,0,0,227
119031371,128,0,23,0,0,0,0,0,0,151
119031372,247,11,44,0,0,0,4,0,0,306
119031373,107,4,23,0,0,0,0,0,0,134
119031374,128,6,17,0,0,0,23,0,0,174
119041375,264,0,30,3,0,0,9,0,0,306
119041376,177,3,30,0,0,0,6,0,0,216
119041377,141,10,31,3,0,0,13,0,0,198
119041378,84,0,16,0,0,0,0,0,0,100
119041379,150,0,25,5,0,3,5,0,0,188
119041380,194,3,27,0,0,0,6,0,0,230
119041381,176,0,19,8,3,0,0,0,0,206
119041382,227,3,37,9,0,3,14,0,3,296
120011383,169,8,28,4,0,0,0,0,0,209
120011384,150,6,31,0,0,0,10,0,7,204
120011385,90,4,10,0,0,0,3,0,0,107
120011386,213,3,40,0,0,0,11,0,0,267
120021387,181,10,12,0,0,0,6,0,0,209
120021388,515,12,77,8,0,0,23,0,7,642
120021389,213,10,34,6,0,0,3,0,0,266
120031390,228,6,46,12,0,3,15,0,4,314
120031391,129,7,15,0,0,0,4,0,0,155
120031392,210,3,35,0,0,0,0,0,0,248
120031393,172,3,35,0,0,0,3,0,0,213
120031394,394,10,66,20,0,3,5,0,0,498
120031395,178,0,19,0,0,0,0,0,0,197
120031396,54,0,3,0,0,0,3,0,0,60
120031575,100,4,8,0,0,0,5,0,0,117
120031576,27,3,0,0,0,0,0,0,0,30
121011398,77,0,7,0,0,0,0,0,0,84
121011399,60,0,3,0,0,0,0,0,0,63
121011400,143,4,30,3,0,0,0,0,0,180
121011401,36,0,4,0,0,0,0,0,0,40
121011402,68,3,12,0,0,0,0,0,0,83
121021403,214,4,55,6,0,0,0,0,0,279
121021404,159,4,23,0,0,0,0,0,0,186
121021406,161,0,34,0,0,0,10,0,3,208
121021577,81,3,10,0,0,0,0,0,0,94
121021578,76,6,14,0,0,0,0,0,0,96
121021579,39,0,4,0,0,0,0,0,0,43
121031407,47,0,3,0,0,0,0,0,0,50
121031408,53,3,3,0,0,0,0,0,0,59
121031409,25,0,3,0,0,0,3,0,3,34
121031410,50,0,3,5,0,0,0,0,0,58
121031411,44,0,3,0,0,0,5,0,0,52
121031412,99,3,23,3,0,0,7,0,3,138
121041413,64,0,8,0,0,0,0,0,0,72
121041414,83,0,6,3,0,0,10,0,0,102
121041415,93,0,5,0,0,0,0,0,0,98
121041416,84,0,7,0,0,3,7,0,0,101
121041417,65,0,3,0,0,0,0,0,0,68
122011418,105,0,18,3,0,4,0,0,0,130
122011419,141,12,11,6,0,0,5,0,0,175
122021420,128,3,15,0,0,0,0,0,0,146
122021421,75,0,12,0,0,0,0,0,0,87
122021422,95,3,14,5,0,0,3,0,0,120
122021423,292,13,66,3,0,0,12,0,0,386
122031424,189,6,40,0,0,0,0,0,0,235
122031425,112,0,29,0,0,0,0,0,0,141
122031426,234,6,19,0,0,0,14,0,3,276
122031427,61,0,17,0,0,0,12,0,0,90
122031428,138,0,39,3,0,0,14,0,4,198
122031429,198,3,23,0,0,0,9,0,0,233
122031430,126,3,30,0,0,0,3,0,0,162
122031431,243,10,43,7,0,3,0,0,0,306
122031432,40,0,4,0,0,0,0,0,0,44
123011433,408,17,83,0,0,0,3,0,0,511
123011434,751,22,183,11,0,0,0,0,0,967
123011435,1438,18,332,4,0,4,17,0,3,1816
123021436,1783,39,472,44,0,13,34,0,8,2393
123021437,1044,13,213,18,0,0,29,0,6,1323
123021438,1254,27,357,20,0,22,40,0,0,1720
123021439,0,0,0,0,0,0,0,0,0,0
123021440,619,15,142,8,0,3,16,3,3,809
123021441,971,26,194,7,4,0,21,0,9,1232
123021442,1087,27,233,13,0,3,21,3,3,1390
123021443,1009,19,227,7,0,0,20,0,7,1289
123021444,1373,11,354,4,0,8,9,0,4,1763
123031445,310,10,69,3,0,0,4,0,0,396
123031446,368,10,100,11,0,0,6,0,3,498
123031447,946,25,193,3,0,0,18,0,6,1191
123031448,403,3,98,3,0,0,3,0,0,510
124011449,191,9,30,4,0,4,5,0,0,243
124011450,566,16,130,10,0,0,4,0,0,726
124011451,0,0,0,0,0,0,0,0,0,0
124011452,581,31,114,11,0,3,6,0,0,746
124011453,572,10,126,8,0,0,6,0,0,722
124011454,685,27,162,4,0,0,16,4,0,898
124011455,192,0,55,3,0,0,0,0,0,250
124021456,0,0,0,0,0,0,0,0,0,0
124031457,1319,22,312,20,0,6,32,0,12,1723
124031458,1662,22,412,8,0,3,15,0,7,2129
124031459,738,23,133,3,0,0,8,0,3,908
124031460,867,9,186,3,0,0,5,0,0,1070
124031461,982,32,218,5,0,0,22,0,3,1262
124031462,1169,25,283,9,0,3,21,0,0,1510
124031463,262,7,47,0,0,0,16,0,0,332
124031464,1053,31,221,13,0,3,6,0,0,1327
124031465,297,11,66,0,0,0,3,0,0,377
124041466,898,34,170,0,0,0,12,0,0,1114
124041467,1390,33,357,7,0,0,21,0,6,1814
124041468,887,6,93,7,0,0,9,0,0,1002
124051469,227,3,46,3,0,4,5,0,3,291
124051470,922,12,205,7,0,0,16,0,6,1168
124051580,820,16,185,7,0,3,16,0,0,1047
124051581,1292,31,280,28,0,0,24,0,0,1655
125011473,789,0,13,14,0,0,22,0,0,838
125011475,0,0,0,0,0,0,0,0,0,0
125011582,29,0,3,0,0,0,6,0,0,38
125011583,10,0,0,0,0,0,0,0,0,10
125011584,68,0,4,0,0,0,0,0,0,72
125011585,48,3,14,0,0,0,4,0,0,69
125011586,79,0,10,0,0,0,3,0,0,92
125011587,58,4,5,0,0,0,3,0,0,70
125021476,104,7,22,0,0,0,0,0,0,133
125021477,317,14,64,3,0,3,3,0,0,404
125021478,237,9,35,8,0,3,3,0,0,295
125031479,198,8,39,8,0,4,6,0,4,267
125031480,185,10,33,4,0,0,3,0,0,235
125031481,188,3,13,5,0,0,0,0,0,209
125031482,421,9,81,5,0,0,23,0,3,542
125031483,272,15,44,0,0,0,5,0,0,336
125031484,356,13,74,3,0,0,7,0,0,453
125031485,400,13,78,14,0,3,3,0,0,511
125031486,0,0,0,0,0,0,0,0,0,0
125031487,0,0,0,0,0,0,0,0,0,0
125041489,302,6,32,0,0,0,11,0,3,354
125041490,33,3,3,0,0,0,0,0,0,39
125041491,161,0,15,0,0,0,3,0,3,182
125041492,223,0,13,4,0,3,4,0,0,247
125041493,483,7,88,6,0,0,14,0,0,598
125041494,107,8,27,0,0,0,0,0,0,142
125041588,108,9,24,0,0,0,8,0,0,149
125041589,140,0,25,3,0,0,3,0,0,171
126011495,83,0,7,0,0,0,4,0,0,94
126011496,76,0,15,0,0,0,0,0,0,91
126021497,75,3,13,4,0,0,9,0,0,104
126021498,100,0,14,3,0,0,11,0,3,131
126021499,111,0,20,3,0,0,0,0,0,134
126021500,126,3,13,3,0,0,0,0,0,145
126021501,86,3,5,0,0,0,3,0,3,100
126021503,124,0,21,0,0,0,0,0,0,145
126021590,11,0,0,0,0,0,0,0,0,11
126021591,172,7,23,0,0,0,0,0,0,202
127011504,1131,43,272,7,0,3,14,0,7,1477
127011505,245,7,48,0,0,0,11,0,3,314
127011506,460,6,91,5,0,0,3,0,0,565
127011592,0,0,0,0,0,0,0,0,0,0
127011593,14,0,3,0,0,0,0,0,0,17
127011594,199,0,44,0,0,0,0,0,0,243
127011595,223,3,39,0,0,0,7,0,0,272
127011596,225,9,42,10,0,0,0,0,0,286
127011597,174,0,47,11,0,0,0,0,0,232
127021509,223,12,48,0,0,0,6,0,0,289
127021510,217,4,37,0,0,0,7,0,3,268
127021511,105,5,15,0,0,0,8,0,0,133
127021512,382,13,87,5,0,3,28,0,3,521
127021513,215,13,59,0,0,0,3,0,0,290
127021514,64,0,10,0,0,0,3,0,0,77
127021515,105,0,20,3,0,0,18,0,0,146
127021516,187,7,45,0,0,0,3,0,0,242
127021517,93,0,13,0,0,0,12,0,3,121
127021518,75,0,11,0,0,0,0,0,0,86
127021519,325,12,68,0,0,0,4,0,0,409
127021520,103,0,37,0,0,0,12,0,0,152
127021521,0,0,0,0,0,0,0,0,0,0
127031522,224,12,50,3,0,0,4,0,0,293
127031523,308,12,63,0,0,0,0,0,0,383
127031524,539,13,125,0,0,0,14,0,13,704
127031598,400,9,78,0,0,0,7,0,6,500
127031599,493,30,98,3,0,0,5,0,0,629
127031600,289,4,83,0,0,0,4,0,3,383
127031601,144,0,18,0,0,0,3,0,0,165
128011529,246,10,47,3,0,0,24,0,3,333
128011530,303,11,57,0,0,0,8,0,0,379
128011531,217,15,42,0,0,0,3,0,0,277
128011602,254,7,45,10,0,3,6,0,0,325
128011603,195,9,39,7,0,5,6,0,0,261
128011604,479,15,63,4,0,3,8,0,0,572
128011605,3,0,0,0,0,0,3,0,3,9
128011606,104,3,10,0,0,0,0,0,0,117
128021533,126,0,31,4,0,0,0,0,0,161
128021534,99,0,27,0,0,0,0,0,0,126
128021535,393,8,87,3,0,0,11,0,0,502
128021536,306,3,62,4,0,3,4,3,0,385
128021537,0,0,0,0,0,0,0,0,0,0
128021538,369,17,79,15,0,0,3,0,3,486
128021607,342,15,87,5,0,0,7,0,0,456
128021608,149,0,33,0,0,0,5,0,0,187
128021609,72,0,12,0,0,0,3,0,0,87
197979799,16,0,3,0,0,0,0,0,0,19
199999499,1457,30,95,48,0,0,44,0,3,1677
201011001,136,0,36,6,0,0,4,0,0,182
201011002,117,0,9,0,0,0,8,0,0,134
201011003,473,16,92,0,0,0,18,3,0,602
201011004,642,13,154,13,0,3,36,0,9,870
201011005,87,3,24,0,0,0,0,0,0,114
201011006,173,3,51,0,0,0,7,0,0,234
201011007,83,3,26,0,0,0,0,0,0,112
201011008,499,9,142,12,0,6,24,0,9,701
201021009,74,3,12,4,0,0,0,0,0,93
201021010,156,10,52,0,0,0,3,0,0,221
201021011,87,3,28,3,0,0,3,0,0,124
201021012,77,0,21,10,0,0,5,0,0,113
201031013,65,3,13,0,0,0,0,0,0,81
201031014,153,11,20,3,0,0,11,0,0,198
201031015,59,0,8,0,0,0,0,0,0,67
201031016,149,3,45,8,0,0,16,3,3,227
201031017,115,5,26,0,0,0,0,0,0,146
202011018,516,7,117,11,0,0,23,0,0,674
202011019,497,18,119,12,0,5,22,0,0,673
202011020,264,0,73,0,0,0,8,0,0,345
202011021,159,9,35,4,0,4,3,0,0,214
202011022,597,5,132,15,0,6,18,0,0,773
202011023,26,3,14,3,0,0,0,0,0,46
202011024,92,0,25,0,0,0,0,0,0,117
202011025,321,3,89,0,0,0,8,0,0,421
202021026,124,3,26,3,0,0,0,0,0,156
202021027,231,0,30,3,0,0,3,0,0,267
202021028,121,0,28,0,0,0,0,0,0,149
202021029,71,5,3,0,0,0,0,0,0,79
202021030,103,0,19,0,0,0,0,0,0,122
202021031,47,0,6,0,0,0,3,0,0,56
202031032,90,0,22,0,0,0,3,0,0,115
202031033,144,5,25,7,0,3,12,0,0,196
203011034,62,0,8,0,0,0,0,0,0,70
203011035,90,0,25,4,0,0,0,0,0,119
203011036,48,0,11,0,0,0,5,0,0,64
203021037,162,6,34,13,0,3,4,0,0,222
203021038,751,20,183,15,0,0,40,0,9,1018
203021039,190,6,38,3,0,0,6,0,0,243
203021040,202,6,39,0,0,0,32,0,0,279
203021041,377,6,92,0,0,0,4,0,0,479
203021042,168,0,29,0,0,0,5,0,0,202
203021043,404,3,78,20,3,0,14,0,0,522
203021044,218,3,57,0,0,0,0,0,0,278
203021045,313,3,60,5,0,6,6,3,0,396
203021046,118,0,16,0,0,0,3,0,0,137
203021047,225,3,47,0,0,0,3,0,0,278
203031048,199,6,57,0,0,0,8,0,0,270
203031049,16,0,0,4,0,0,0,0,0,20
203031050,243,4,56,3,0,0,0,0,0,306
203031051,93,12,19,0,0,0,3,0,0,127
203031052,14,3,0,0,0,0,0,0,0,17
203031053,187,0,49,3,0,0,4,0,0,243
204011054,109,6,27,0,0,0,3,0,0,145
204011055,97,3,13,4,0,3,5,0,0,125
204011056,259,10,63,0,0,0,6,0,0,338
204011057,96,6,16,0,0,0,3,0,0,121
204011058,76,0,23,0,0,0,4,0,0,103
204011059,238,7,66,5,3,0,3,0,0,322
204011060,106,0,23,0,0,0,10,0,0,139
204011061,3,0,0,0,0,0,0,0,0,3
204011062,72,0,17,0,0,0,13,0,3,105
204021063,283,4,63,3,0,0,3,0,0,356
204021064,67,0,13,0,0,0,0,0,0,80
204021065,80,0,21,0,0,0,0,0,0,101
204021066,424,11,102,5,0,0,20,3,6,571
204021067,141,8,22,0,0,0,3,0,0,174
204031068,63,0,7,0,0,0,3,0,0,73
204031069,105,0,16,0,0,0,0,0,0,121
204031070,49,0,15,0,0,0,9,0,3,76
204031071,88,0,20,0,0,0,0,0,0,108
204031072,133,11,22,4,0,0,3,0,0,173
204031073,550,14,137,16,0,14,17,0,0,748
204031074,881,17,211,15,0,3,51,0,3,1181
204031075,93,4,21,0,0,0,5,3,0,126
205011076,378,3,90,6,0,5,18,0,3,503
205011077,43,3,15,3,0,0,0,0,0,64
205011078,60,4,9,4,0,0,0,0,0,77
205011079,248,13,57,3,0,0,11,0,0,332
205021080,0,0,0,0,0,0,0,0,0,0
205021081,800,23,207,3,0,0,9,0,3,1045
205021082,207,8,40,0,0,0,0,0,0,255
205021083,0,0,0,0,0,0,0,0,0,0
205021084,365,20,77,3,0,0,3,0,0,468
205021085,468,20,87,0,0,0,3,0,0,578
205021086,120,4,34,0,0,0,0,0,0,158
205031087,101,0,22,0,0,0,10,0,3,136
205031088,3,0,3,0,0,0,0,0,0,6
205031089,118,0,25,4,0,0,3,0,0,150
205031090,132,3,28,13,0,4,18,0,0,198
205031091,108,5,19,10,0,6,3,0,0,151
205031092,0,0,0,0,0,0,0,0,0,0
205031093,319,9,81,3,0,0,16,3,0,431
205041094,250,5,50,0,0,0,10,0,4,319
205041095,433,9,95,15,0,3,7,0,3,565
205041096,493,22,141,3,0,0,16,0,7,682
205041097,450,3,118,27,0,6,18,0,5,627
205041098,102,0,26,0,0,0,0,0,0,128
205051099,0,0,0,0,0,0,0,0,0,0
205051100,66,7,28,0,0,0,0,0,0,101
205051101,291,3,51,4,0,0,18,3,0,370
205051102,182,3,11,0,0,0,0,0,0,196
205051103,371,3,85,8,0,0,4,0,0,471
205051104,90,3,12,7,0,0,0,0,0,112
206011105,237,0,17,7,0,0,7,0,0,268
206011106,128,8,5,0,0,0,9,0,5,155
206011107,108,0,6,4,0,0,6,0,0,124
206011108,190,0,17,4,0,0,11,0,0,222
206011109,69,0,18,0,0,0,3,0,0,90
206021110,58,3,6,3,0,0,0,0,0,70
206021111,260,9,31,3,0,0,17,0,3,323
206021112,229,8,32,0,0,0,0,0,0,269
206031113,99,0,12,0,0,0,0,0,0,111
206031114,147,5,20,7,0,0,6,0,0,185
206031115,94,0,10,0,0,0,0,0,0,104
206031116,96,0,13,3,0,0,3,0,0,115
206041117,141,4,4,11,0,0,3,0,0,163
206041118,44,0,3,0,0,0,5,0,0,52
206041119,29,0,0,0,0,0,3,0,0,32
206041120,0,0,0,0,0,0,0,0,0,0
206041121,75,0,9,0,0,0,0,0,0,84
206041122,93,0,3,7,0,0,0,0,0,103
206041123,198,3,0,4,0,0,3,0,0,208
206041124,89,0,0,6,0,0,0,0,0,95
206041125,52,0,3,0,0,0,0,0,0,55
206041126,68,3,0,6,0,0,3,0,0,80
206041127,0,0,0,0,0,0,0,0,0,0
206051128,47,0,0,0,0,0,0,0,0,47
206051129,96,0,6,0,0,0,5,0,0,107
206051130,101,6,19,0,0,0,3,0,0,129
206051131,0,0,0,0,0,0,0,0,0,0
206051132,105,5,13,3,0,0,3,0,0,129
206051133,225,3,12,15,0,0,12,0,0,267
206051134,87,0,3,0,0,0,8,0,0,98
206061135,53,0,3,0,0,0,0,0,0,56
206061136,146,0,11,0,0,0,3,0,0,160
206061137,123,0,14,8,0,0,0,0,0,145
206061138,54,0,0,0,0,0,4,0,0,58
206071139,54,0,3,3,0,0,0,0,0,60
206071140,36,0,3,0,0,0,0,0,0,39
206071141,125,0,17,3,0,0,0,0,0,145
206071142,82,0,3,0,0,0,3,0,0,88
206071143,90,0,10,0,0,0,0,0,0,100
206071144,159,0,9,0,0,0,5,0,0,173
206071145,88,3,10,0,0,0,7,0,0,108
207011146,33,0,8,0,0,0,0,0,0,41
207011147,44,0,3,0,0,0,0,0,0,47
207011148,45,0,12,0,0,0,3,0,0,60
207011149,62,0,8,0,0,0,0,0,0,70
207011150,38,0,4,0,0,0,3,0,0,45
207011151,72,0,0,3,0,0,8,0,0,83
207011152,41,0,3,0,0,0,0,0,0,44
207011153,69,0,0,0,0,0,5,0,0,74
207011154,33,0,0,0,0,0,0,0,0,33
207011155,42,3,6,0,0,0,0,0,0,51
207021156,29,0,12,0,0,0,7,0,0,48
207021157,67,0,10,3,0,0,0,0,0,80
207021159,47,0,12,4,0,0,0,0,0,63
207021160,21,0,3,0,0,0,0,0,0,24
207021424,14,0,0,0,0,0,0,0,0,14
207021425,29,0,6,0,0,0,0,0,0,35
207031161,57,3,17,3,0,0,7,4,0,91
207031162,26,0,3,0,0,0,3,0,0,32
207031163,52,3,5,0,0,0,0,0,0,60
207031164,55,3,3,0,0,0,6,0,0,67
207031165,59,0,5,3,0,0,3,0,0,70
207031166,14,0,3,0,0,0,3,3,0,23
207031167,16,0,0,0,0,0,6,0,0,22
208011168,23,0,3,0,0,0,4,0,0,30
208011169,40,8,10,0,0,0,4,0,0,62
208011170,25,0,3,0,0,0,0,0,0,28
208011171,38,0,6,0,0,0,4,0,0,48
208011172,81,0,9,0,0,0,0,0,0,90
208011173,60,3,12,0,0,0,3,0,0,78
208021174,30,0,3,0,0,0,3,0,0,36
208021176,52,0,14,0,0,0,0,3,0,69
208021177,56,0,10,3,0,0,4,0,0,73
208021178,21,0,0,0,0,0,3,0,0,24
208021179,32,0,6,0,0,0,0,0,0,38
208021180,15,0,0,0,0,0,0,0,0,15
208021181,7,0,3,3,0,0,0,0,0,13
208021182,11,0,0,0,0,0,0,0,0,11
208021426,83,0,17,0,0,0,3,0,0,103
208021427,45,0,9,0,0,0,0,0,0,54
208031183,39,0,6,0,0,0,0,0,0,45
208031184,0,0,0,0,0,0,0,0,0,0
208031185,85,4,18,0,0,0,3,0,0,110
208031186,120,3,21,8,0,0,7,0,0,159
208031187,21,0,9,0,0,0,11,0,0,41
208031188,138,3,23,0,0,0,5,0,0,169
208031189,125,7,12,8,0,3,0,0,0,155
208031190,53,3,15,4,0,0,7,0,0,82
208031191,52,3,3,0,0,0,3,0,3,64
208031192,0,0,0,0,0,0,0,0,0,0
208031193,131,0,19,0,0,0,5,0,0,155
208041194,68,0,6,0,0,0,0,0,0,74
208041195,79,3,12,0,0,0,0,0,0,94
209011196,115,0,24,0,0,0,3,0,0,142
209011197,160,7,36,3,0,0,7,0,0,213
209011198,102,0,10,0,0,0,3,0,0,115
209011199,293,7,53,9,0,0,3,0,6,371
209011200,50,0,12,0,0,0,4,0,3,69
209011201,10,0,0,0,0,0,0,0,0,10
209011202,129,0,24,6,0,0,0,0,0,159
209011203,156,0,33,0,0,0,7,0,0,196
209011204,82,3,12,0,0,0,0,0,0,97
209021205,108,0,9,0,0,0,0,0,0,117
209021207,514,18,94,16,0,0,0,0,0,642
209021208,281,4,56,0,0,0,6,0,0,347
209021428,341,0,42,13,0,0,9,0,3,408
209021429,97,3,14,0,0,0,3,0,0,117
209031209,136,5,34,0,0,0,0,0,0,175
209031210,32,0,11,0,0,0,0,0,0,43
209031211,87,4,13,0,0,0,0,0,0,104
209031212,24,0,3,0,0,0,0,0,0,27
209031213,37,0,12,0,0,0,3,0,3,55
209031214,29,0,0,0,0,0,3,3,0,35
209031215,90,0,15,0,0,0,3,0,0,108
209041216,48,0,12,0,0,0,3,0,0,63
209041217,96,0,19,0,0,0,0,0,0,115
209041219,211,0,46,20,0,0,5,0,0,282
209041220,173,0,42,0,0,0,9,0,0,224
209041221,133,6,31,18,0,0,7,0,4,199
209041223,238,0,49,8,0,0,0,0,0,295
209041224,356,7,112,8,0,0,11,0,3,497
209041225,146,3,30,0,0,0,0,0,0,179
209041430,336,3,116,4,0,0,16,0,0,475
209041431,220,7,49,0,0,0,0,0,0,276
209041432,154,6,35,6,0,0,0,0,0,201
209041433,60,0,12,6,0,4,3,0,0,85
209041434,285,3,81,21,0,9,16,0,6,421
209041435,114,0,34,3,0,0,0,0,0,151
209041436,137,4,28,0,0,0,11,0,0,180
209041437,37,0,11,3,0,0,0,0,0,51
210011226,53,3,4,0,0,0,0,0,0,60
210011227,0,0,0,0,0,0,0,0,0,0
210011228,44,0,7,0,0,0,0,0,0,51
210011229,102,0,8,0,0,0,8,0,3,121
210011230,30,3,7,0,0,0,3,0,0,43
210011231,56,0,3,4,0,3,7,0,0,73
210021232,105,0,28,0,0,0,11,0,0,144
210021233,22,3,7,0,0,0,0,0,0,32
210021234,30,0,6,0,0,0,0,0,0,36
210021235,119,6,30,13,0,0,9,0,0,177
210031236,68,0,12,5,0,0,11,0,0,96
210031237,64,0,11,3,0,4,0,0,0,82
210031239,195,3,33,0,0,0,5,0,0,236
210031438,171,6,23,3,0,0,19,0,3,225
210031439,16,0,6,0,0,0,0,0,0,22
210031440,31,0,0,9,0,0,0,0,0,40
210041240,155,3,30,0,0,0,3,0,0,191
210041241,473,3,85,12,0,4,40,0,3,620
210051242,230,0,50,3,0,3,14,0,0,300
210051243,145,11,31,8,0,0,21,0,3,219
210051245,118,3,9,0,0,0,10,0,3,143
210051246,118,0,32,0,0,0,0,0,0,150
210051247,148,4,34,3,0,0,3,0,0,192
210051248,0,0,0,0,0,0,0,0,0,0
210051249,134,7,29,0,0,0,14,0,0,184
210051250,52,0,5,0,0,0,0,0,0,57
210051441,184,0,42,0,0,0,8,0,0,234
210051442,105,0,32,4,0,0,14,0,0,155
210051443,200,8,52,0,0,0,9,0,0,269
210051444,105,0,36,0,0,0,4,0,0,145
210051445,29,0,7,0,0,0,0,0,0,36
211011251,143,0,19,0,0,0,3,0,0,165
211011254,80,0,25,0,0,0,6,0,0,111
211011255,43,0,3,0,0,0,0,0,0,46
211011256,87,0,21,0,0,0,4,0,0,112
211011257,39,0,6,0,0,0,0,0,0,45
211011258,27,0,13,0,0,0,0,0,0,40
211011259,87,0,23,3,0,0,3,0,0,116
211011260,65,0,12,0,0,0,7,0,0,84
211011446,238,14,37,0,0,0,10,0,0,299
211011447,133,4,31,7,0,0,3,0,0,178
211011448,132,0,23,3,0,0,3,0,3,164
211011449,50,4,11,0,0,0,3,0,0,68
211021261,28,3,7,0,0,0,3,0,0,41
211021262,45,0,11,0,0,0,11,0,0,67
211031263,85,3,21,3,0,0,7,0,0,119
211031265,109,3,13,0,0,0,3,0,3,131
211031266,133,0,28,0,0,0,0,0,0,161
211031267,134,7,33,0,0,0,9,0,7,190
211031268,77,0,13,0,0,0,0,0,0,90
211031450,151,3,16,0,0,0,9,3,0,182
211031451,120,11,24,0,0,0,4,0,0,159
211031452,43,0,10,0,0,0,0,0,0,53
211041269,44,0,13,0,0,0,0,0,0,57
211041270,59,0,6,0,0,0,3,0,3,71
211041271,58,3,8,0,0,0,12,0,3,84
211041272,38,0,4,0,0,0,0,0,0,42
211041273,18,0,3,0,0,0,0,0,0,21
211051274,75,0,8,0,0,0,0,0,0,83
211051275,95,0,22,0,0,0,4,0,0,121
211051276,586,24,121,8,0,3,6,0,0,748
211051277,143,3,30,0,0,0,0,0,0,176
211051278,233,3,73,11,0,6,14,0,3,343
211051279,57,3,8,0,0,0,0,0,0,68
211051280,50,0,9,6,0,0,0,0,0,65
211051281,233,7,57,0,0,0,3,0,0,300
211051282,74,3,6,3,0,3,3,0,0,92
211051283,99,0,20,4,0,0,0,0,0,123
211051284,38,3,0,0,0,0,0,0,0,41
211051285,82,6,6,0,0,0,0,0,0,94
211051286,263,8,56,3,0,0,13,0,0,343
212011287,133,0,21,0,0,0,3,0,0,157
212011288,113,3,30,0,0,0,3,0,0,149
212011289,171,3,37,6,0,3,18,0,0,238
212011290,111,3,31,4,0,0,0,0,0,149
212011291,254,0,86,0,0,0,4,0,0,344
212011292,343,10,109,12,0,3,14,0,0,491
212021293,125,3,24,0,0,0,4,0,0,156
212021294,145,0,47,0,0,0,8,0,0,200
212021295,176,10,35,3,3,0,8,0,0,235
212021297,65,0,21,4,0,0,3,0,0,93
212021299,15,0,8,0,0,0,0,0,0,23
212021453,40,0,8,9,0,6,6,0,3,72
212021454,81,0,14,0,0,0,0,0,0,95
212021455,79,0,14,6,0,3,8,0,0,110
212021456,124,3,27,0,0,0,3,3,0,160
212031300,281,8,48,0,0,0,8,0,3,348
212031301,203,9,70,9,0,0,3,0,3,297
212031302,144,3,19,15,0,0,4,0,0,185
212031303,113,0,22,3,0,0,3,0,0,141
212031304,174,0,50,0,0,0,10,0,0,234
212031305,239,6,45,5,0,0,5,0,4,304
212031306,44,0,7,0,0,0,3,0,0,54
212031308,138,3,35,0,0,0,3,0,0,179
212031457,48,0,13,0,0,0,8,0,0,69
212031458,123,0,32,0,0,0,0,0,0,155
212041309,15,5,0,0,0,0,3,0,0,23
212041310,35,0,7,0,0,0,0,0,0,42
212041311,191,4,33,10,0,3,20,0,0,261
212041312,193,10,43,3,0,4,3,0,0,256
212041313,49,0,13,0,0,0,0,0,0,62
212041314,50,0,13,3,0,0,13,3,6,88
212041316,28,3,6,0,0,0,0,0,0,37
212041317,27,0,8,0,0,0,6,0,0,41
212041318,53,0,3,0,0,0,6,0,0,62
212041459,93,0,16,6,0,0,4,0,0,119
212041460,67,7,15,0,0,0,7,0,0,96
212051319,84,0,18,3,0,0,0,0,0,105
212051320,87,0,3,0,0,0,0,0,0,90
212051321,38,0,8,0,0,0,8,0,0,54
212051322,87,0,16,0,0,0,3,0,0,106
212051323,37,0,3,6,0,3,6,0,0,55
212051324,60,3,5,0,0,0,0,0,0,68
212051325,85,0,6,0,0,0,5,0,0,96
212051326,85,0,15,10,0,3,0,0,0,113
212051327,27,0,3,3,0,0,4,0,0,37
213011328,93,3,9,0,0,0,3,0,0,108
213011329,7,0,6,0,0,0,3,0,0,16
213011330,207,0,46,3,0,0,11,0,3,270
213011331,45,0,8,0,0,0,0,0,0,53
213011332,95,0,22,0,0,0,12,0,0,129
213011333,101,3,30,0,0,0,4,0,0,138
213011334,80,3,18,0,0,0,18,3,0,122
213011335,124,0,33,0,0,0,12,0,3,172
213011336,83,0,13,3,0,0,3,0,0,102
213011337,50,0,6,3,0,0,0,0,0,59
213011338,101,3,18,0,0,0,7,0,0,129
213011339,91,0,12,0,0,0,3,0,0,106
213011340,73,0,19,0,0,0,3,0,0,95
213021341,100,6,6,0,0,0,0,0,0,112
213021342,197,3,34,3,0,0,12,0,0,249
213021343,84,0,18,5,0,0,6,0,0,113
213021344,114,3,22,0,0,0,3,0,0,142
213021345,70,0,12,0,0,0,0,0,0,82
213021346,121,0,19,0,0,0,3,0,0,143
213031347,118,6,13,0,0,0,6,0,0,143
213031348,185,3,18,0,0,0,9,0,0,215
213031349,78,0,15,0,0,0,0,0,0,93
213031350,91,0,17,0,0,0,4,0,0,112
213031351,125,0,6,0,0,0,5,0,4,140
213031352,113,0,25,0,0,0,4,0,0,142
213041353,391,4,108,0,0,0,7,0,0,510
213041355,97,0,18,10,0,4,3,0,0,132
213041356,503,3,114,6,0,0,17,0,0,643
213041357,441,7,107,6,0,0,12,0,0,573
213041358,440,13,119,0,0,0,9,0,0,581
213041359,252,3,7,0,0,0,0,0,0,262
213041360,36,0,14,0,0,0,0,0,0,50
213041461,36,0,12,0,0,0,0,0,0,48
213041462,10,0,3,0,0,0,0,0,0,13
213041463,96,0,20,0,0,0,4,0,0,120
213051361,243,7,48,3,0,0,0,0,0,301
213051362,256,6,66,0,0,0,13,0,3,344
213051363,92,0,13,0,0,0,0,0,0,105
213051365,240,0,61,11,0,0,8,0,0,320
213051366,345,0,25,4,0,3,0,0,0,377
213051368,125,3,24,3,0,0,0,0,0,155
213051369,485,0,132,6,0,0,13,0,3,639
213051464,87,0,16,0,0,0,0,0,0,103
213051465,213,0,43,0,0,0,6,0,0,262
213051466,103,0,32,0,0,0,0,0,0,135
213051467,372,5,90,3,0,0,4,0,0,474
213051468,227,10,55,0,0,0,0,0,0,292
214011370,364,9,76,11,0,0,18,0,4,482
214011371,361,16,49,7,0,3,16,0,0,452
214011372,409,3,90,23,0,0,17,3,0,545
214011373,161,9,30,7,0,0,3,0,0,210
214011374,277,7,60,3,0,0,3,0,0,350
214011375,301,10,60,3,0,0,26,0,3,403
214011376,139,0,34,0,0,0,4,0,0,177
214021377,113,0,26,3,0,3,5,0,0,150
214021378,19,0,6,0,0,0,0,0,0,25
214021379,558,11,99,9,0,0,64,0,0,741
214021380,213,17,39,0,0,0,13,0,3,285
214021381,108,0,24,0,0,0,3,0,0,135
214021382,94,0,26,0,0,0,5,0,0,125
214021383,248,13,49,12,3,0,0,0,0,325
214021384,342,18,75,10,0,3,8,0,3,459
214021385,230,6,53,0,0,0,17,0,3,309
215011386,215,3,34,0,0,0,8,0,3,263
215011387,58,3,10,0,0,0,0,0,0,71
215011388,393,0,109,3,0,0,15,0,3,523
215011389,35,0,7,0,0,0,3,0,5,50
215011390,137,10,35,4,0,0,0,0,0,186
215011391,39,0,3,4,0,0,0,0,0,46
215011392,214,3,44,5,0,3,11,0,0,280
215011393,30,3,4,0,0,0,0,0,0,37
215011394,99,6,22,5,0,0,15,0,6,153
215021395,221,8,43,0,0,0,4,0,0,276
215021396,268,3,66,8,0,3,5,0,0,353
215021398,100,8,20,5,0,0,4,0,3,140
215021399,249,11,63,6,0,0,3,0,3,335
215021469,1426,13,380,20,0,3,69,0,10,1921
215021470,846,22,197,6,0,3,5,0,0,1079
215031400,80,7,18,0,0,0,13,3,6,127
215031401,157,9,38,0,0,0,8,0,0,212
215031402,143,7,41,0,0,0,0,0,0,191
215031403,368,13,75,14,0,4,8,0,8,490
215031404,564,14,164,10,0,3,16,0,4,775
215031405,262,9,52,0,0,0,13,0,8,344
216011406,741,30,171,4,0,3,11,3,0,963
216011407,294,15,66,6,0,0,17,0,3,401
216011408,95,0,15,4,0,0,8,0,7,129
216011409,66,0,13,0,0,0,3,0,3,85
216011410,90,6,31,0,0,0,3,0,3,133
216021411,141,13,39,11,0,4,5,0,0,213
216021412,62,0,10,0,0,0,0,0,0,72
216021413,415,22,90,3,0,0,3,0,0,533
216021414,121,3,35,0,0,0,6,0,0,165
216031415,796,35,192,21,0,7,6,0,0,1057
216031416,934,47,217,25,0,18,23,0,5,1269
216031417,1117,27,228,20,3,8,42,0,14,1459
216031418,91,0,18,0,0,0,3,0,0,112
216031419,336,12,66,4,0,0,9,0,0,427
217011420,303,11,61,11,0,0,3,0,0,389
217011421,244,13,58,7,0,0,3,0,0,325
217011422,392,9,112,18,0,4,9,3,0,547
217011423,117,8,32,0,0,0,0,0,0,157
217031471,28,0,8,0,0,0,5,5,0,46
217031472,213,9,52,3,0,0,5,0,0,282
217031473,94,0,17,0,0,0,7,0,0,118
217031474,70,9,25,0,0,0,4,3,0,111
217031475,92,0,35,0,0,0,0,0,0,127
217031476,63,0,13,0,0,0,0,0,0,76
217041477,124,9,34,5,0,3,0,0,0,175
217041478,136,3,49,6,0,0,0,0,0,194
217041479,578,10,152,0,0,0,8,0,0,748
217041480,261,3,57,0,0,0,7,0,0,328
297979799,0,0,0,0,0,0,0,0,0,0
299999499,449,4,41,11,0,0,26,0,3,534
301011001,669,9,179,45,0,12,24,0,14,952
301011002,127,0,29,4,0,0,3,0,0,163
301011003,388,15,94,10,0,0,32,0,6,545
301011004,687,21,136,39,0,3,27,0,7,920
301011005,138,0,25,0,0,0,3,0,0,166
301011006,235,6,45,6,0,3,31,0,7,333
301021007,361,13,63,28,0,6,10,0,0,481
301021008,128,3,30,7,0,4,0,0,0,172
301021009,474,10,104,15,0,6,59,0,12,680
301021011,187,3,46,13,0,3,16,0,0,268
301021012,366,8,69,13,0,0,12,0,0,468
301021013,357,17,66,17,0,5,16,0,0,478
301021527,941,59,167,50,3,5,42,0,11,1278
301031014,0,0,0,0,0,0,0,0,0,0
301031015,185,3,18,11,0,0,9,0,0,226
301031016,397,3,73,32,0,0,36,0,14,555
301031017,134,0,26,3,0,3,9,0,0,175
301031018,293,8,47,5,0,0,3,0,0,356
301031019,180,0,43,8,0,3,12,0,3,249
301031020,530,19,94,33,0,17,42,0,7,742
301031021,602,22,130,18,0,6,57,0,4,839
302011022,285,13,67,32,0,14,3,0,0,414
302011023,81,3,20,0,0,0,0,0,0,104
302011024,156,3,18,6,0,0,13,0,0,196
302011025,247,3,41,3,0,0,26,0,6,326
302011026,113,0,27,9,0,3,7,0,3,162
302021027,325,3,55,3,0,0,5,0,0,391
302021028,409,3,57,27,0,8,37,0,3,544
302021029,139,6,13,21,0,3,6,0,0,188
302021030,121,0,25,12,0,3,5,0,0,166
302021031,325,11,45,17,0,3,46,0,9,456
302021032,238,4,40,25,0,6,23,0,0,336
302021033,257,0,72,0,0,0,7,0,0,336
302021034,191,0,32,15,0,11,9,0,3,261
302031035,301,3,73,35,0,11,25,0,6,454
302031036,0,0,0,0,0,0,0,0,0,0
302031037,21,0,0,0,0,0,6,0,0,27
302031038,239,6,37,13,0,0,18,0,5,318
302031039,314,8,63,5,0,3,18,0,3,414
302031040,281,4,35,33,0,0,18,0,0,371
302041041,646,10,134,33,0,7,45,0,11,886
302041042,351,7,77,14,0,0,14,0,3,466
302041043,136,5,21,0,0,0,16,0,6,184
302041044,198,4,24,3,0,0,13,0,6,248
302041045,309,10,59,42,5,13,30,0,12,480
302041046,527,18,105,29,0,11,53,3,3,749
303011047,154,3,23,8,0,3,3,0,0,194
303011048,104,0,17,3,0,0,28,0,0,152
303011049,234,17,45,4,0,0,3,0,0,303
303011050,237,6,33,6,0,0,20,0,8,310
303011051,157,6,30,12,0,3,0,0,0,208
303021052,206,10,24,23,0,3,27,0,0,293
303021053,215,0,43,12,0,3,21,0,8,302
303021054,92,0,10,0,0,0,8,0,0,110
303021055,186,0,8,0,0,0,13,0,0,207
303021056,208,3,39,19,0,3,31,0,6,309
303021057,117,0,15,3,0,0,17,0,0,152
303021058,89,0,6,11,0,4,15,0,7,132
303021059,142,6,17,13,0,0,7,0,0,185
303031060,182,0,33,10,0,0,35,0,3,263
303031061,44,0,4,0,0,0,9,0,0,57
303031062,196,6,41,7,0,0,10,0,0,260
303031063,311,7,47,35,0,11,34,0,3,448
303031064,48,0,6,8,0,0,3,0,3,68
303031065,251,7,53,13,0,3,39,0,0,366
303031066,157,0,48,15,0,7,0,0,0,227
303041067,176,9,24,7,0,3,18,0,0,237
303041068,194,3,31,7,0,0,12,0,0,247
303041069,34,0,3,0,0,0,0,0,0,37
303041070,225,7,51,9,0,3,8,0,3,306
303041071,137,0,32,5,0,0,16,0,3,193
303051072,225,0,37,9,0,0,21,0,6,298
303051073,154,3,24,17,0,3,10,0,6,217
303051074,124,0,28,9,0,0,3,0,3,167
303051075,190,0,42,30,0,4,11,0,0,277
303051076,526,9,96,68,0,10,33,0,3,745
303061077,97,3,19,0,0,0,0,0,0,119
303061078,163,4,34,17,0,12,4,0,0,234
303061079,111,3,23,13,0,0,12,0,4,166
303061080,237,3,43,17,0,0,19,0,3,322
304011081,99,4,16,0,0,0,0,0,0,119
304011082,110,0,16,6,0,0,9,0,3,144
304011083,65,0,21,0,0,0,9,0,0,95
304011084,114,3,21,5,0,6,3,0,0,152
304011085,34,0,4,0,0,0,0,0,0,38
304021086,161,0,36,5,0,3,13,0,3,221
304021087,42,3,3,0,0,0,0,0,0,48
304021088,51,0,13,7,0,0,0,0,0,71
304021089,0,0,0,3,0,3,0,0,0,6
304021090,47,0,7,0,0,0,0,0,0,54
304021091,11,0,3,0,0,0,0,0,0,14
304031092,35,3,3,0,0,0,7,0,0,48
304031093,101,0,9,0,0,0,0,0,0,110
304031094,104,0,7,9,0,0,17,0,4,141
304031095,45,0,5,0,0,0,12,0,0,62
304031096,86,0,3,3,0,0,11,0,0,103
304031097,93,0,3,8,0,3,4,0,0,111
304041098,246,0,27,6,0,0,16,0,0,295
304041099,0,0,0,0,0,0,0,0,0,0
304041100,330,10,84,4,0,3,36,0,9,476
304041101,225,4,45,13,0,0,48,0,11,346
304041102,0,0,0,0,0,0,0,0,0,0
304041103,191,3,27,9,0,3,9,0,3,245
304041104,245,0,50,15,0,9,32,0,10,361
305011105,87,0,0,5,0,0,12,0,0,104
305011106,169,3,4,13,0,0,13,0,0,202
305011107,110,0,14,8,0,0,5,0,0,137
305011108,120,4,4,24,0,0,0,0,0,152
305011109,207,9,0,12,0,0,25,0,5,258
305011110,104,4,0,8,0,0,0,0,0,116
305011111,105,0,3,11,0,3,6,0,0,128
305011112,162,3,23,11,0,0,11,0,3,213
305021113,65,3,6,0,0,0,3,0,0,77
305021114,56,0,6,3,0,0,9,0,0,74
305021115,123,0,13,3,0,0,7,0,0,146
305021116,86,3,9,4,0,0,0,0,0,102
305021117,359,21,59,17,0,5,17,0,3,481
305021118,74,0,7,4,0,0,10,0,0,95
305031119,66,0,3,0,0,0,9,0,0,78
305031120,93,0,0,10,0,0,5,0,0,108
305031121,34,3,0,3,0,0,15,0,3,58
305031122,167,5,15,5,0,0,20,0,0,212
305031123,76,0,8,4,0,0,0,0,0,88
305031124,115,0,15,0,0,0,3,0,0,133
305031125,87,3,6,0,0,0,0,0,0,96
305031126,178,0,12,13,0,0,21,0,0,224
305031127,102,0,4,3,0,0,0,0,0,109
305031128,135,0,0,3,0,0,0,0,0,138
305031129,57,0,4,8,0,0,3,0,0,72
305031130,172,0,15,4,0,4,3,0,0,198
305031131,216,3,11,3,0,0,7,0,0,240
305041132,173,3,27,9,0,0,7,0,3,222
305041133,59,0,6,0,0,0,0,0,0,65
305041134,90,0,8,0,0,0,5,0,0,103
305041135,155,0,10,13,0,0,9,0,0,187
305041136,97,0,3,0,0,0,3,0,0,103
305041137,144,0,14,8,0,0,15,0,0,181
306011138,247,10,47,85,0,18,121,0,29,557
306011139,314,6,70,54,0,23,61,0,16,544
306011140,131,9,28,31,0,15,43,0,13,270
306011141,575,6,126,124,0,39,173,8,39,1090
306011142,536,8,121,134,0,38,149,3,23,1012
306011143,330,6,54,60,0,16,194,12,49,721
306021144,740,14,195,397,3,116,448,7,130,2050
306021145,649,14,87,192,3,36,510,29,68,1588
306021146,567,27,120,195,4,50,244,9,46,1262
306021147,1438,19,378,398,3,167,481,14,122,3020
306021148,1024,37,273,210,6,65,185,4,51,1855
306021149,634,15,110,354,0,114,575,20,133,1955
306021150,0,0,0,0,0,0,0,0,0,0
306021151,852,22,157,430,7,137,901,30,183,2719
306021152,668,23,111,278,0,66,549,20,104,1819
306021153,516,12,120,186,0,86,284,3,67,1274
306021154,673,34,75,269,8,64,470,25,77,1695
306021155,605,26,114,254,0,99,404,13,94,1609
306021156,328,8,65,147,0,54,221,0,49,872
306021157,590,16,107,233,10,72,432,9,103,1572
306031158,373,18,51,53,0,12,84,8,7,606
306031159,1659,81,355,410,8,122,330,22,74,3061
306031160,555,18,123,88,0,29,83,4,24,924
306031161,902,42,171,136,0,54,225,6,41,1577
306031162,0,0,0,0,0,0,0,0,0,0
306031163,3788,86,796,222,0,54,21,0,11,4978
306041164,994,28,170,189,3,60,42,0,8,1494
306041165,129,3,13,16,0,11,38,0,13,223
306051166,1036,35,222,200,3,56,102,3,22,1679
306051167,858,33,184,70,0,22,93,0,19,1279
306051168,730,26,178,29,0,11,29,0,6,1009
306051169,457,17,110,21,0,4,22,0,6,637
306051170,1873,79,383,186,3,64,128,6,14,2736
307011171,1092,42,231,11,0,0,15,0,0,1391
307011172,585,16,159,9,0,8,36,0,13,826
307011173,541,14,148,12,0,3,6,0,0,724
307011174,306,14,66,4,4,0,0,0,0,394
307011175,244,0,59,11,0,6,11,0,3,334
307011176,893,24,207,4,0,0,3,0,3,1134
307011177,501,15,107,18,0,3,7,0,0,651
307011178,375,34,84,17,0,5,7,0,3,525
307021179,391,27,96,8,0,0,3,0,0,525
307021180,756,16,206,4,0,0,11,0,6,999
307021181,240,6,61,3,0,0,3,0,0,313
307021182,223,0,68,6,0,3,4,0,3,307
307021183,1512,39,402,48,0,14,24,0,0,2039
307031184,188,6,54,3,0,0,4,0,0,255
307031185,186,6,39,5,0,6,14,0,3,259
307031186,270,7,77,7,0,0,13,3,0,377
307031187,257,4,66,0,0,0,3,0,4,334
307031188,256,8,46,13,0,0,15,0,3,341
307031189,1309,32,387,31,0,6,21,0,6,1792
308011190,2038,46,445,106,4,31,31,0,8,2709
308011191,373,10,129,17,0,3,11,0,3,546
308011192,697,8,164,43,0,13,36,0,0,961
308031205,884,20,156,56,0,13,72,0,13,1214
308031206,186,3,61,3,0,3,7,0,3,266
308031207,430,14,115,21,0,3,8,0,0,591
308031208,619,20,173,79,0,22,80,3,16,1012
308031209,450,0,38,64,0,0,34,0,0,586
308031210,1369,23,415,42,0,17,62,0,19,1947
308031211,702,9,181,32,0,9,33,0,15,981
308031212,598,41,122,12,0,0,4,0,3,780
308031213,786,19,209,48,0,16,60,3,28,1169
308031214,542,21,120,42,0,8,37,0,3,773
308031215,663,13,181,65,0,22,35,0,18,997
308031216,584,20,138,83,0,26,53,0,6,910
308031217,415,27,69,28,0,7,33,0,0,579
308031218,178,17,34,9,0,4,15,3,0,260
308031219,150,0,25,4,0,0,4,0,0,183
308031220,134,0,33,10,0,3,0,0,0,180
308031221,0,0,0,0,0,0,0,0,0,0
308031222,571,19,126,45,0,16,42,0,6,825
308031223,1076,27,231,85,3,26,87,0,19,1554
308041528,496,10,105,15,0,0,15,0,0,641
308041529,334,6,79,49,0,15,23,0,3,509
308051530,295,6,65,13,0,0,9,0,0,388
308051531,517,0,121,15,0,6,17,0,0,676
308051532,0,0,0,0,0,0,0,0,0,0
308051533,821,13,190,98,0,39,37,0,3,1201
308051534,467,6,82,43,0,8,11,0,0,617
308051535,580,15,166,19,0,3,10,0,6,799
308051536,208,0,39,7,0,7,3,0,3,267
308051537,0,0,0,0,0,0,0,0,0,0
308051538,380,3,89,66,0,22,14,0,6,580
308051539,309,16,53,43,0,3,20,0,6,450
309011224,124,0,19,3,0,3,0,0,0,149
309011225,170,3,23,9,0,0,0,0,0,205
309011226,253,16,50,6,0,3,12,0,7,347
309011227,189,0,14,0,0,0,8,0,0,211
309011228,178,0,46,7,0,4,14,0,3,252
309011229,166,6,29,0,0,0,4,0,0,205
309021230,224,6,17,3,0,0,17,3,0,270
309021231,358,10,68,33,0,11,22,0,3,505
309021232,337,13,72,14,0,3,20,0,12,471
309021233,402,6,91,13,0,6,18,0,3,539
309021234,476,9,66,19,3,10,21,0,6,610
309031235,248,3,37,0,0,0,10,0,5,303
309031236,176,4,26,6,0,0,3,0,0,215
309031237,331,16,74,10,0,0,7,3,0,441
309031238,575,21,109,18,0,3,38,0,3,767
309031239,96,4,13,3,0,0,7,0,3,126
309031240,152,3,23,5,0,0,3,0,0,186
309041241,123,7,24,9,0,4,3,0,0,170
309041242,313,5,71,12,0,0,15,0,7,423
309051243,153,3,38,7,0,6,15,0,0,222
309051244,436,11,102,18,0,6,10,0,0,583
309051245,140,3,33,12,0,9,19,0,12,228
309061246,294,3,65,7,0,0,17,0,0,386
309061247,260,3,47,12,0,6,16,0,0,344
309061248,744,7,141,23,0,4,15,0,0,934
309061249,488,3,107,23,0,4,6,0,0,631
309061250,166,7,26,0,0,3,6,0,0,208
309071251,455,0,126,22,0,8,30,0,11,652
309071252,318,3,59,8,0,3,9,0,0,400
309071253,116,6,16,0,0,0,7,0,0,145
309071254,143,3,30,0,0,0,4,0,0,180
309071255,498,10,110,17,0,7,39,0,6,687
309071256,386,13,70,19,0,7,19,0,3,517
309071257,434,4,120,10,0,3,29,0,7,607
309071258,1093,9,307,28,0,3,28,0,3,1471
309081259,38,3,10,0,0,0,0,0,0,51
309081260,132,0,29,5,0,3,11,0,0,180
309081261,384,12,72,13,0,0,12,0,0,493
309081262,403,3,89,6,0,3,28,0,0,532
309091263,225,8,52,4,0,0,11,0,0,300
309091264,249,0,49,4,0,0,9,0,0,311
309091265,300,0,51,3,0,0,3,0,3,360
309091540,390,18,74,3,0,0,26,0,3,514
309091541,493,18,83,13,0,6,35,0,6,654
309101267,106,0,26,7,0,0,6,0,0,145
309101268,85,0,9,0,0,0,0,0,0,94
309101269,44,0,3,3,0,3,3,0,0,56
309101270,320,6,26,3,0,0,20,0,0,375
310011271,98,0,17,10,0,0,0,0,0,125
310011272,315,14,60,27,0,0,18,0,3,437
310011273,636,9,148,52,0,13,60,3,17,938
310011274,1251,47,248,80,3,23,60,3,3,1718
310011275,158,0,39,16,0,8,4,0,3,228
310011276,1308,10,71,68,0,0,92,3,0,1552
310021277,362,10,86,34,0,18,26,0,15,551
310021278,203,10,46,26,0,3,3,0,0,291
310021279,0,0,0,0,0,0,0,0,0,0
310021280,1377,34,293,62,0,24,61,0,12,1863
310021281,810,18,237,32,0,15,30,0,3,1145
310021282,707,17,142,16,0,9,29,0,10,930
310031283,868,7,245,24,0,10,13,0,4,1171
310031284,676,18,149,9,0,0,19,0,9,880
310031285,444,16,117,25,0,6,14,0,5,627
310031286,531,17,83,50,0,6,39,0,12,738
310031287,1378,22,329,59,0,14,50,0,5,1857
310031288,127,0,32,0,0,0,16,0,0,175
310031289,172,6,46,3,0,3,3,0,0,233
310031290,130,3,24,0,0,0,12,0,0,169
310031291,992,24,301,9,0,3,21,0,0,1350
310031292,490,9,111,13,0,0,29,0,7,659
310031293,959,28,246,39,0,13,40,0,14,1339
310031294,180,0,41,4,0,0,11,0,3,239
310031295,364,15,100,34,0,8,20,0,0,541
310041296,552,6,119,17,0,6,30,0,20,750
310041297,511,12,113,14,0,13,24,0,6,693
310041298,0,0,0,0,0,0,0,0,0,0
310041299,420,0,121,35,0,3,28,0,6,613
310041300,854,19,220,20,0,3,60,4,27,1207
310041301,0,0,0,0,0,0,0,0,0,0
310041302,1106,9,306,86,0,20,76,0,7,1610
310041303,303,0,82,10,0,0,9,0,0,404
310041304,472,3,105,9,0,9,23,0,9,630
311011305,1038,27,278,56,0,18,38,0,9,1464
311021306,618,8,162,15,0,0,50,0,9,862
311021307,801,18,211,44,0,17,50,3,17,1161
311021308,326,3,75,12,0,0,8,0,3,427
311021309,202,8,48,6,0,3,7,0,7,281
311021310,179,3,45,0,0,0,18,0,0,245
311031311,577,12,108,47,0,16,28,0,0,788
311031312,359,0,82,27,0,8,10,0,0,486
311031313,162,6,32,3,0,0,3,0,0,206
311031314,671,9,221,79,0,23,49,0,6,1058
311031315,0,0,0,0,0,0,0,0,0,0
311031316,344,12,83,3,0,0,17,0,3,462
311031317,706,3,193,40,0,17,62,0,22,1043
311031318,160,0,30,0,0,0,11,0,0,201
311031319,565,3,145,41,0,10,18,0,3,785
311041320,521,15,118,14,0,7,48,0,11,734
311041321,1240,18,333,30,0,9,52,0,13,1695
311041322,255,7,48,16,0,0,11,0,4,341
311051323,456,4,100,35,0,11,59,0,14,679
311051324,235,3,56,6,0,0,6,0,9,315
311051325,357,9,74,21,0,12,14,0,3,490
311051326,626,23,156,69,0,18,24,0,11,927
311051327,241,0,52,8,0,0,21,0,7,329
311051328,412,11,95,15,0,10,10,0,4,557
311061329,183,0,46,12,0,0,15,0,0,256
311061330,840,23,199,89,0,26,59,4,17,1257
311061331,426,5,124,15,0,3,44,0,0,617
311061332,357,8,81,21,0,3,11,0,0,481
311061333,708,11,202,19,0,7,50,0,11,1008
311061334,156,3,45,7,0,0,50,0,11,272
311061335,122,4,37,3,0,0,7,0,0,173
311061336,786,17,190,83,0,26,121,3,29,1255
312011337,1096,53,226,113,0,51,139,0,27,1705
312011338,420,0,102,34,0,8,46,0,7,617
312011339,124,6,31,13,0,8,7,0,0,189
312011340,292,6,58,21,0,3,10,0,0,390
312011341,440,0,100,40,0,20,63,0,20,683
312021342,1113,13,258,294,6,118,373,3,90,2268
312021343,141,6,11,14,0,3,28,0,8,211
312021344,581,0,173,180,0,73,235,3,65,1310
312021345,0,0,0,0,0,0,0,0,0,0
312021346,225,6,30,47,0,14,72,0,6,400
312021347,3,0,0,0,0,0,0,0,0,3
312021348,319,3,84,84,0,24,107,0,24,645
312021349,371,11,65,108,0,25,155,7,21,763
312021350,166,4,28,27,0,19,66,0,10,320
312021351,352,7,90,38,0,14,93,0,11,605
312021352,718,22,176,161,0,51,240,10,47,1425
312021353,323,13,86,26,0,9,54,0,10,521
312021354,375,0,106,101,0,41,97,3,26,749
312021355,280,12,63,145,4,32,208,10,50,804
312021356,349,15,70,88,0,20,232,12,33,819
312021357,314,6,68,22,0,12,70,0,7,499
312021358,204,5,38,33,0,11,58,3,12,364
312031359,337,7,71,26,0,6,33,0,3,483
312031360,0,0,0,0,0,0,0,0,0,0
312031361,446,6,87,39,0,11,60,0,15,664
313011362,764,34,182,14,0,9,15,0,3,1021
313011363,562,49,98,30,0,7,41,0,12,799
313021364,168,3,29,0,0,0,4,0,0,204
313021365,1918,62,479,125,0,50,102,0,19,2755
313021366,1587,30,495,96,0,26,41,0,13,2288
313021367,179,0,44,4,0,0,3,0,3,233
313021368,590,6,175,20,0,7,22,0,10,830
313021369,127,0,24,12,0,0,11,0,0,174
313031370,263,6,62,9,0,7,8,0,0,355
313031371,701,7,61,43,0,0,35,0,3,850
313041372,600,9,125,20,0,3,49,3,11,820
313041373,1512,45,358,91,0,36,115,0,29,2186
313041374,180,3,33,0,0,0,6,0,3,225
313041375,607,6,129,26,0,8,16,0,3,795
313041376,102,3,22,0,0,0,0,0,0,127
313051377,361,13,61,16,0,0,15,0,3,469
313051378,581,21,130,28,0,3,49,0,8,820
313051379,410,23,64,17,0,0,27,0,0,541
313051380,908,13,230,32,0,9,71,0,29,1292
313051542,309,4,63,15,0,5,7,0,0,403
314011382,308,3,67,14,0,9,33,0,10,444
314011383,424,0,93,15,0,8,16,0,0,556
314011384,151,8,24,4,0,0,16,0,7,210
314011385,111,0,21,4,0,3,0,0,0,139
314011386,490,14,88,17,0,13,40,0,3,665
314011387,148,0,32,4,0,4,12,0,0,200
314021388,1127,18,271,68,4,21,25,0,5,1539
314021389,554,6,131,26,0,10,36,0,6,769
314021390,857,9,223,39,0,16,42,0,6,1192
314031391,559,14,128,19,0,11,19,0,3,753
314031392,300,9,81,34,0,13,12,0,3,452
314031393,350,3,87,3,0,0,6,0,7,456
314031394,545,13,115,11,0,6,33,0,9,732
315011395,1742,48,328,107,0,27,42,0,3,2297
315011396,5171,156,896,987,13,282,221,4,19,7749
315011397,127,6,24,8,0,3,3,0,0,171
315011398,2384,68,414,55,3,8,26,0,3,2961
315011399,266,10,28,2090,11,677,1489,47,268,4886
315011400,1231,39,94,220,0,9,242,4,6,1845
315011401,154,11,11,939,14,237,2965,93,542,4966
315011402,70,3,18,751,14,234,5745,173,1245,8253
315011403,439,0,80,441,0,136,358,5,76,1535
315021404,5072,140,1108,64,0,16,58,0,6,6464
315021405,4510,129,1033,176,3,61,142,0,17,6071
315021406,1201,57,225,40,0,12,44,0,8,1587
315021407,282,18,45,25,0,7,5,0,0,382
315031408,392,18,95,15,0,8,28,0,0,556
315031409,778,38,197,12,0,3,25,0,8,1061
315031410,418,18,87,23,0,0,31,0,3,580
315031411,988,36,222,15,0,3,3,0,0,1267
315031412,261,3,61,9,0,0,31,0,9,374
316011413,279,11,53,0,0,0,16,0,4,363
316011414,299,11,46,7,0,3,17,0,6,389
316011415,274,3,53,14,0,6,29,0,4,383
316011416,344,3,66,6,0,0,9,0,0,428
316021417,341,9,81,13,0,0,26,0,0,470
316021418,130,8,31,6,0,0,3,0,0,178
316021419,174,11,31,0,0,0,9,0,0,225
316021420,612,13,192,16,0,3,19,0,6,861
316021421,306,9,88,8,0,3,4,0,0,418
316021422,208,6,42,13,0,3,9,0,3,284
316021423,286,11,53,7,0,0,7,0,4,368
316021424,227,11,40,8,0,6,16,0,7,315
316031425,381,10,80,25,0,3,57,0,10,566
316031426,290,3,73,18,0,7,21,0,3,415
316031427,552,21,91,17,0,3,34,0,3,721
316031428,249,14,19,8,0,0,8,0,0,298
316051434,45,4,10,0,0,0,0,0,0,59
316051435,116,0,21,0,0,0,0,0,0,137
316051437,84,3,14,0,0,0,3,0,0,104
316051438,301,7,64,9,0,0,8,0,6,395
316051543,62,3,14,0,0,0,0,0,0,79
316051544,131,0,36,3,0,0,0,0,0,170
316061439,319,3,86,7,0,3,3,0,0,421
316061440,175,6,30,6,0,3,7,0,3,230
316061441,155,0,33,14,0,4,8,0,0,214
316061442,361,7,90,3,0,0,8,0,3,472
316061443,151,0,29,0,0,0,8,3,0,191
316061444,244,3,68,9,0,4,18,0,10,356
316071545,311,3,59,16,0,7,7,0,0,403
316071546,74,3,12,3,0,0,3,0,3,98
316071547,395,5,76,7,0,6,22,0,3,514
316071548,962,16,239,68,3,17,55,4,0,1364
316081549,603,18,136,10,0,4,29,0,11,811
317011445,266,3,75,0,0,0,11,0,3,358
317011446,715,16,188,16,0,3,20,0,4,962
317011447,811,12,230,13,0,3,34,0,0,1103
317011448,336,0,95,11,0,0,4,0,3,449
317011449,448,6,106,6,0,8,3,0,0,577
317011450,432,6,117,17,0,7,12,0,3,594
317011451,491,16,129,22,0,6,15,0,9,688
317011452,120,7,39,0,0,0,0,0,0,166
317011453,897,19,223,31,0,16,37,0,13,1236
317011454,513,16,107,14,0,0,4,0,0,654
317011455,215,3,63,5,0,3,15,0,10,314
317011456,852,16,159,42,0,21,52,0,18,1160
317011457,360,13,66,8,0,3,9,0,0,459
317011458,718,3,209,13,0,3,21,0,3,970
317011459,1301,27,359,40,3,4,19,3,0,1756
318011460,767,29,176,142,0,47,108,3,17,1289
318011461,385,14,85,83,0,18,43,3,11,642
318011462,1257,41,293,89,0,21,52,0,18,1771
318011463,186,3,46,30,0,9,13,0,6,293
318011464,442,23,72,34,0,4,43,3,12,633
318011465,415,14,105,37,0,15,51,0,23,660
318011466,3130,58,579,573,5,181,40,0,8,4574
318021467,342,17,74,58,0,19,108,3,30,651
318021468,376,6,86,16,0,7,44,0,6,541
318021469,160,3,28,13,0,0,13,0,0,217
318021470,392,3,107,26,0,8,27,0,18,581
318021471,1583,26,388,235,0,101,239,14,54,2640
318021472,526,16,106,77,0,33,132,3,37,930
318021473,1617,20,456,205,0,87,216,0,60,2661
318021474,263,3,31,43,0,12,42,0,9,403
318021475,698,35,125,110,0,29,129,17,19,1162
318021476,885,17,196,164,0,53,272,9,72,1668
318021477,528,10,127,98,0,37,77,0,13,890
318021478,402,11,61,48,0,18,79,0,12,631
318021479,353,10,63,34,0,3,93,0,18,574
318021480,1343,25,379,261,0,91,325,7,95,2526
318021481,946,23,208,175,3,59,272,3,57,1746
318021482,1195,21,278,205,0,70,249,0,41,2059
318021483,92,6,19,3,0,0,0,0,0,120
318021484,715,9,184,92,0,32,155,6,33,1226
318021485,156,0,20,49,0,25,58,0,12,320
318021486,392,13,82,26,0,6,35,0,8,562
318021487,348,8,69,42,0,10,67,4,11,559
318021488,359,11,57,59,0,14,95,3,26,624
318021489,187,3,26,10,0,3,3,0,0,232
318021490,396,0,52,38,3,11,106,0,16,622
318021491,1329,21,128,202,0,21,163,3,9,1876
319011492,394,5,93,16,0,3,7,0,6,524
319011493,644,8,176,33,0,17,48,0,15,941
319011494,195,9,46,16,0,0,4,0,0,270
319011495,506,20,70,36,0,10,23,0,0,665
319011496,276,10,60,22,0,11,11,0,6,396
319011497,494,28,87,15,0,5,22,0,6,657
319011498,440,17,123,24,0,3,22,0,3,632
319011499,437,20,93,20,3,7,6,0,0,586
319011500,452,21,113,38,0,8,20,0,3,655
319011501,387,9,100,13,0,6,49,3,6,573
319011502,809,21,185,40,0,10,42,0,9,1116
319021503,569,24,124,40,0,7,22,0,0,786
319021504,191,12,41,6,0,3,12,0,0,265
319021505,723,10,197,23,0,3,19,0,0,975
319021506,2990,78,714,132,0,31,8,0,3,3956
319021507,124,6,14,3,0,0,3,0,0,150
319021508,426,26,81,12,0,0,12,0,0,557
319021509,624,27,153,38,0,10,48,0,10,910
319021510,0,0,0,0,0,0,0,0,0,0
319031511,358,11,99,9,0,3,10,0,0,490
319031512,833,8,216,41,0,12,57,0,30,1197
319031513,282,16,81,7,0,0,25,0,10,421
319031514,763,29,200,27,0,6,38,3,7,1073
319031515,222,20,61,3,0,0,4,0,0,310
319041516,317,9,87,6,0,7,0,0,0,426
319041517,223,5,62,4,0,0,3,0,0,297
319041518,763,40,230,20,0,7,41,0,18,1119
319041519,349,14,90,9,0,0,11,0,0,473
319041520,936,38,190,47,0,17,32,0,6,1266
319041521,644,29,163,45,0,19,24,0,0,924
319051522,582,26,139,34,0,7,17,0,11,816
319051523,220,3,73,8,0,0,3,0,0,307
319051524,1440,47,248,97,0,23,99,3,10,1967
319051525,320,15,60,21,0,3,17,0,7,443
319051526,226,5,72,12,0,3,4,0,3,325
397979799,6,0,0,0,0,0,0,0,0,6
399999499,1262,31,63,90,0,7,120,3,13,1589
401011001,344,4,30,7,0,3,13,0,0,401
401011002,69,0,4,0,0,0,5,0,0,78
401021003,56,0,16,0,0,0,0,0,0,72
401021004,100,3,15,0,0,0,3,0,0,121
401021005,15,0,3,0,0,0,0,0,0,18
401021006,91,0,11,0,0,0,5,3,0,110
401021007,320,7,94,8,0,3,25,0,4,461
401021008,94,0,26,6,0,3,0,0,0,129
401021009,79,0,19,0,0,0,0,0,0,98
401021010,71,0,16,9,0,3,0,0,0,99
401031011,100,0,17,0,0,0,5,0,3,125
401031012,75,0,7,4,0,0,3,0,0,89
401031013,42,0,3,0,0,0,0,0,0,45
401041014,76,0,14,0,0,0,3,0,0,93
401041015,244,6,42,9,0,5,8,0,0,314
401041016,109,0,15,4,0,3,15,0,0,146
401051017,89,3,8,3,0,4,3,0,0,110
401051018,103,6,28,7,0,3,8,0,3,158
401051019,116,3,21,3,0,0,3,0,0,146
401061020,52,4,3,0,0,0,4,0,0,63
401061021,216,6,31,0,0,0,3,0,0,256
401061022,85,0,7,0,0,0,3,0,0,95
401071023,148,3,20,0,0,0,0,0,0,171
401071024,114,0,11,0,0,0,6,0,0,131
402011025,158,6,32,0,0,0,0,0,0,196
402011026,494,8,110,17,0,0,34,3,6,672
402011027,222,6,44,0,0,0,13,0,0,285
402021028,619,0,138,5,0,0,10,0,0,772
402021029,1182,23,346,16,0,7,36,0,16,1626
402021030,736,11,198,16,0,3,13,0,4,981
402021031,617,12,149,22,0,11,27,0,7,845
402021032,452,3,114,6,0,3,21,0,10,609
402021033,28,0,5,0,0,0,0,0,0,33
402021034,913,18,232,16,4,3,8,0,0,1194
402021035,72,0,13,0,0,0,3,0,0,88
402031036,701,13,163,20,0,9,3,0,0,909
402031037,937,11,141,5,0,3,4,0,0,1101
402031038,509,8,110,3,0,0,13,0,8,651
402041039,0,0,0,0,0,0,0,0,0,0
402041040,459,10,117,0,0,0,3,0,0,589
402041041,368,6,71,0,0,0,3,0,0,448
402041042,0,0,0,0,0,0,0,0,0,0
402041043,559,11,114,17,0,3,15,3,3,725
402041044,600,9,141,3,0,0,20,3,3,779
402041046,632,24,153,0,0,0,5,0,0,814
402041047,420,5,79,24,0,0,9,0,3,540
402041048,730,8,191,7,0,3,36,0,12,987
402041171,157,0,28,0,0,0,0,0,0,185
402041172,219,9,33,3,0,0,5,0,3,272
402051049,115,0,24,0,0,0,10,0,3,152
402051050,110,4,18,0,0,0,6,0,0,138
402051051,107,0,10,0,0,0,7,0,3,127
402051052,347,8,76,7,0,0,7,5,0,450
402051053,297,3,72,0,0,3,6,0,0,381
402051054,236,0,42,0,0,0,3,0,0,281
402051055,166,0,31,0,0,0,0,0,0,197
403011056,120,0,16,8,0,3,3,0,0,150
403011057,219,3,20,7,0,0,6,3,0,258
403021058,249,4,48,7,0,0,7,0,0,315
403021059,131,3,23,3,0,0,0,0,0,160
403021060,115,3,34,6,0,0,0,0,0,158
403021061,374,11,70,5,0,0,22,0,0,482
403021062,234,7,43,10,0,0,10,0,3,307
403021063,146,0,29,0,0,0,16,0,0,191
403021064,333,6,61,0,0,0,17,0,3,420
403031065,30,0,3,0,0,0,0,0,0,33
403031066,97,0,10,4,0,0,0,0,0,111
403031067,98,0,23,0,0,0,0,0,0,121
403031068,129,0,18,0,0,0,3,0,3,153
403031069,79,0,7,0,0,0,0,0,0,86
403031070,83,3,16,0,0,0,9,0,0,111
403041071,125,0,20,3,0,0,6,0,4,158
403041072,375,11,107,0,0,0,12,0,3,508
403041073,444,8,111,26,0,11,9,0,7,616
403041074,367,6,84,0,0,0,3,0,0,460
403041075,5,0,3,0,0,0,0,0,0,8
403041076,38,0,10,0,0,0,0,0,0,48
403041077,96,4,22,7,0,0,4,0,0,133
403041078,193,0,49,3,0,4,7,0,0,256
403041079,384,6,91,0,0,0,0,0,0,481
403041080,182,3,40,0,0,0,6,0,0,231
403041081,0,0,0,0,0,0,0,0,0,0
403041082,0,0,0,0,0,0,0,0,0,0
403041083,64,0,15,0,0,0,3,0,0,82
403041084,365,8,97,18,0,0,11,0,0,499
403041085,287,0,80,0,0,0,3,0,0,370
403041086,195,0,49,9,0,3,3,0,0,259
403041087,567,3,155,4,0,3,12,0,3,747
403041088,27,0,3,7,0,0,3,0,0,40
403041089,119,0,32,6,0,0,3,0,0,160
404011090,195,0,47,9,0,0,3,0,0,254
404011091,185,6,47,7,0,0,10,0,3,258
404011092,166,3,26,0,0,0,10,3,0,208
404011093,414,20,56,0,0,0,6,0,0,496
404011094,187,0,26,0,0,0,0,0,0,213
404011095,370,6,65,15,0,3,29,3,0,491
404011096,293,3,65,0,0,0,19,4,0,384
404011097,547,8,113,4,0,0,3,0,0,675
404021098,0,0,0,0,0,0,0,0,0,0
404021099,667,22,111,7,0,0,17,0,3,827
404021100,630,12,147,6,0,0,0,0,0,795
404021101,610,20,111,6,0,3,14,0,0,764
404021102,539,13,100,13,0,10,17,0,3,695
404021103,0,0,0,0,0,0,0,0,0,0
404031104,0,0,0,0,0,0,0,0,0,0
404031105,18,0,3,0,0,0,0,0,0,21
404031106,148,7,33,3,0,0,0,0,0,191
404031107,353,4,57,0,0,0,14,0,0,428
404031108,368,6,62,0,0,0,13,0,0,449
404031109,76,0,6,0,0,0,0,0,0,82
405011110,102,8,22,0,0,0,3,0,0,135
405011111,152,4,31,0,0,0,11,0,0,198
405011112,66,0,25,0,0,0,0,0,0,91
405011113,130,0,20,3,0,0,9,0,0,162
405011114,96,3,22,0,0,0,10,6,0,137
405011115,55,0,13,0,0,0,0,0,0,68
405021116,66,3,16,0,0,0,3,0,0,88
405021117,98,3,13,0,0,0,3,0,0,117
405021118,99,3,18,0,0,0,6,0,0,126
405021119,331,11,79,3,0,0,4,3,0,431
405031120,115,10,24,0,0,0,0,0,0,149
405031121,270,18,79,21,0,10,12,0,0,410
405031122,826,16,237,5,0,0,18,3,0,1105
405031123,101,3,25,0,0,0,0,0,0,129
405041124,221,7,55,0,0,0,0,0,0,283
405041125,248,6,56,0,0,0,3,0,0,313
405041126,116,3,18,0,0,0,5,0,0,142
405041127,380,27,85,3,0,0,11,0,0,506
405041128,66,0,14,0,0,0,3,0,0,83
406011129,812,21,168,12,0,8,0,0,0,1021
406011130,271,3,48,0,0,0,0,0,0,322
406011131,86,0,23,0,0,0,0,0,0,109
406011132,87,3,30,0,0,0,0,0,0,120
406011133,1227,23,264,11,0,0,16,3,3,1547
406011134,873,15,162,4,0,0,0,0,0,1054
406011135,99,0,3,0,0,0,0,0,0,102
406011136,1551,44,374,31,0,14,35,0,10,2059
406011137,0,0,0,0,0,0,0,0,0,0
406021138,3203,87,509,16,0,0,3,0,0,3818
406021139,479,14,89,5,0,0,0,0,0,587
406021140,376,9,69,0,0,0,3,0,0,457
406021141,667,23,78,0,0,0,0,0,0,768
406021142,4015,125,764,44,0,16,36,0,3,5003
406021143,193,0,43,4,0,6,0,0,0,246
407011144,273,11,39,4,0,0,14,3,0,344
407011145,108,0,27,3,0,0,0,0,0,138
407011146,186,3,56,0,0,0,0,0,0,245
407011147,128,6,36,0,0,0,0,0,0,170
407011148,279,6,58,4,0,0,13,0,0,360
407011149,77,4,14,0,0,0,9,0,3,107
407021150,174,5,20,0,0,0,3,0,0,202
407021151,82,6,6,9,0,3,0,0,0,106
407021152,202,0,47,3,0,0,12,0,0,264
407021154,155,6,24,0,0,0,6,0,0,191
407021155,41,0,11,3,0,0,0,0,0,55
407021156,77,0,24,0,0,0,3,0,0,104
407021157,118,5,27,0,0,0,9,0,0,159
407021158,51,3,8,0,0,0,0,0,0,62
407021173,464,6,126,12,0,7,13,0,0,628
407021174,436,5,118,3,0,0,13,0,3,578
407031159,407,10,74,4,0,0,5,0,3,503
407031160,340,19,77,10,0,3,10,0,0,459
407031161,85,0,18,0,0,0,0,0,0,103
407031162,207,0,66,3,0,0,4,0,0,280
407031163,27,0,14,0,0,0,0,0,0,41
407031164,210,3,38,0,0,0,6,0,0,257
407031165,1399,37,289,7,0,0,15,4,3,1754
407031166,148,6,26,0,0,0,4,0,0,184
407031167,251,7,76,9,0,0,0,0,0,343
407031168,97,4,32,3,0,0,0,0,0,136
407031169,532,13,113,3,0,0,3,0,0,664
407031170,259,6,53,0,0,0,7,0,0,325
497979799,0,0,0,0,0,0,0,0,0,0
499999499,462,0,25,4,0,0,4,0,0,495
501011001,96,0,29,0,0,0,4,0,0,129
501011002,771,13,217,0,0,0,16,0,7,1024
501011003,123,3,31,0,0,0,0,0,0,157
501011004,207,0,51,0,0,0,5,0,0,263
501021005,529,7,144,12,0,0,4,0,0,696
501021007,137,0,34,3,0,0,4,0,0,178
501021008,582,10,89,12,0,0,7,0,3,703
501021009,542,15,123,14,0,4,3,0,0,701
501021010,32,0,6,0,0,0,0,0,0,38
501021011,0,0,0,0,0,0,0,0,0,0
501021012,334,0,88,11,0,4,10,0,0,447
501021014,369,10,77,15,0,4,4,0,0,479
501021015,375,4,103,4,0,0,6,0,0,492
501021016,153,12,26,0,0,0,3,0,6,200
501021251,391,3,113,5,0,0,9,0,0,521
501021252,75,0,5,0,0,0,10,0,0,90
501021253,260,12,30,0,0,0,3,0,0,305
501021254,532,14,120,14,0,11,7,0,0,698
501031017,128,6,23,0,0,0,0,0,0,157
501031018,161,4,27,8,0,0,0,0,0,200
501031019,323,3,91,0,0,0,20,0,0,437
501031020,161,10,24,7,0,0,4,0,0,206
502011021,144,3,36,3,0,0,8,0,0,194
502011022,204,0,34,10,0,3,0,0,0,251
502011023,513,17,160,0,0,0,4,0,0,694
502011024,424,18,81,3,0,0,17,0,0,543
502011025,413,7,70,0,0,0,15,0,0,505
502011026,194,3,44,0,0,0,3,0,0,244
502011027,413,8,104,17,0,12,11,0,0,565
502011028,513,17,146,9,0,3,9,0,3,700
502011029,389,5,106,0,0,0,3,0,0,503
503011030,11,0,3,0,0,0,0,0,0,14
503011031,44,0,10,0,0,0,0,0,0,54
503011032,47,0,4,0,0,0,0,0,0,51
503011033,26,0,3,0,0,0,0,0,0,29
503011034,163,0,32,6,0,0,0,0,0,201
503011035,191,0,8,4,0,0,7,0,0,210
503011036,73,0,15,6,0,0,3,0,0,97
503021037,0,0,0,0,0,0,0,0,0,0
503021038,108,3,9,3,0,0,0,0,0,123
503021039,251,3,36,3,0,3,4,0,0,300
503021040,81,0,3,0,0,0,3,0,0,87
503021041,403,17,21,20,0,0,8,0,0,469
503021042,168,3,20,9,0,3,7,0,0,210
503021043,116,3,18,4,0,0,5,0,3,149
504011044,582,19,110,26,0,3,20,0,0,760
504011045,627,14,114,22,0,14,17,0,0,808
504011046,197,4,25,7,0,0,8,0,0,241
504011047,381,7,71,33,0,11,21,0,0,524
504011048,74,0,19,3,0,0,3,0,0,99
504021049,1114,3,14,52,0,0,0,0,0,1183
504021050,115,4,23,0,0,0,0,0,0,142
504021051,199,10,50,0,0,0,3,0,0,262
504021052,0,0,0,0,0,0,0,0,0,0
504021053,258,3,71,4,0,3,3,0,0,342
504021054,864,9,171,3,0,0,6,0,6,1059
504031055,0,0,0,0,0,0,0,0,0,0
504031056,540,6,140,0,0,0,0,0,0,686
504031057,912,13,151,31,0,3,13,0,6,1129
504031058,127,0,34,0,0,0,5,0,3,169
504031059,1276,12,367,27,0,16,33,0,7,1738
504031060,24,3,3,0,0,0,0,0,0,30
504031061,107,3,10,0,0,0,0,0,0,120
504031062,593,11,112,8,0,0,14,0,7,745
504031063,0,0,0,0,0,0,0,0,0,0
504031064,0,0,0,0,0,0,0,0,0,0
504031065,322,16,102,11,0,3,0,0,0,454
504031066,724,28,145,18,0,0,25,0,0,940
504031067,444,6,102,0,0,0,0,0,0,552
504031068,283,3,74,0,0,0,22,0,11,393
504031069,0,0,0,0,0,0,0,0,0,0
505011070,197,0,53,0,0,0,0,0,0,250
505011071,115,0,29,0,0,0,0,0,0,144
505011072,75,3,18,0,0,0,4,0,0,100
505011073,185,3,50,3,0,0,4,0,0,245
505011074,140,3,35,14,0,10,0,0,0,202
505011075,77,0,18,0,0,0,0,0,0,95
505011076,42,0,13,0,0,0,9,0,4,68
505011077,138,3,33,14,0,7,11,0,3,209
505011078,106,3,18,0,0,0,3,0,4,134
505011079,60,5,5,0,0,0,3,0,0,73
505011080,65,0,15,0,0,0,4,0,0,84
505011081,130,0,35,0,0,0,4,0,0,169
505011082,51,0,8,3,0,3,4,0,0,69
505011083,55,0,18,0,0,0,0,0,0,73
505021084,236,0,45,0,0,0,0,0,0,281
505021085,989,25,216,7,0,0,25,0,10,1272
505021086,276,0,46,0,0,0,4,0,0,326
505021087,0,0,0,0,0,0,0,0,0,0
505021088,328,3,60,0,0,0,3,0,0,394
505021089,162,0,26,6,0,0,4,0,0,198
505021090,449,12,74,3,0,0,14,0,3,555
505021091,0,0,0,0,0,0,0,0,0,0
505021092,210,3,26,0,0,0,3,0,0,242
505021093,163,0,22,3,0,0,3,0,0,191
505021094,100,3,8,0,0,0,3,0,0,114
505021095,167,6,22,0,0,0,4,0,0,199
505021096,84,0,21,0,0,0,7,0,3,115
505021097,146,5,18,9,0,3,0,0,0,181
505031098,445,9,108,8,0,0,0,0,0,570
505031099,671,6,208,19,0,3,20,0,7,934
505031100,271,3,85,5,0,3,3,0,3,373
505031101,332,3,88,8,0,0,4,0,0,435
505031102,478,18,96,8,0,0,14,0,0,614
505031103,217,0,50,0,0,0,16,0,5,288
505031104,277,7,63,9,0,4,0,0,0,360
505031105,299,9,87,3,0,3,5,0,0,406
505031106,0,0,0,0,0,0,0,0,0,0
505031107,104,0,19,0,0,0,10,0,0,133
505031108,474,6,104,4,0,0,12,0,0,600
505031255,124,0,28,0,0,0,0,0,0,152
505031256,8,0,3,0,0,0,0,0,0,11
505031257,93,0,31,6,0,0,0,0,0,130
505031258,243,5,70,6,0,3,24,0,9,360
506011110,1345,28,332,18,0,12,21,0,7,1763
506011111,0,0,0,0,0,0,0,0,0,0
506011112,308,3,72,3,0,0,3,0,0,389
506011113,194,3,41,0,0,0,3,0,0,241
506011114,457,5,80,3,0,3,12,3,0,563
506011115,138,3,32,0,0,0,0,0,0,173
506011116,66,0,20,0,0,0,0,0,0,86
506011117,580,0,174,6,0,0,16,0,0,776
506021118,556,18,89,17,0,3,9,0,0,692
506021119,514,38,79,3,0,0,6,0,0,640
506021120,0,0,0,0,0,0,0,0,0,0
506021121,0,0,0,0,0,0,0,0,0,0
506021122,996,23,210,30,0,9,12,0,3,1283
506021123,220,4,25,3,0,0,0,0,0,252
506031124,538,14,79,3,0,0,9,0,0,643
506031125,73,0,35,0,0,0,3,3,0,114
506031126,0,0,0,0,0,0,0,0,0,0
506031127,396,9,69,11,0,6,11,0,0,502
506031128,275,6,73,0,0,0,0,0,0,354
506031129,80,3,16,4,0,4,0,0,0,107
506031130,0,0,0,0,0,0,0,0,0,0
506031131,149,0,34,0,0,0,0,0,0,183
506041132,801,22,180,7,0,0,10,0,5,1025
506041133,711,0,50,18,0,0,0,0,0,779
506041134,1129,35,255,23,0,6,9,0,3,1460
506041135,396,3,96,3,0,0,9,0,3,510
506041136,637,20,143,3,0,3,4,0,0,810
506041137,693,17,160,6,0,0,7,0,0,883
506051138,676,12,165,3,0,0,16,0,0,872
506051139,502,9,124,7,0,0,3,0,0,645
506051140,187,4,40,6,0,0,10,0,0,247
506051141,207,7,65,6,0,0,6,0,0,291
506061142,532,0,172,7,0,5,14,0,0,730
506061143,104,0,26,0,0,0,7,0,0,137
506061144,170,6,33,0,0,0,0,0,0,209
506071145,249,11,44,0,0,0,0,0,0,304
506071146,284,6,63,9,0,0,6,0,0,368
506071147,308,9,58,5,0,3,6,0,3,392
507011148,316,3,72,11,0,4,5,0,0,411
507011150,0,0,0,0,0,0,0,0,0,0
507011151,0,0,0,0,0,0,0,0,0,0
507011152,141,0,30,3,0,0,0,0,0,174
507011153,268,10,65,4,0,6,5,0,0,358
507011154,320,12,73,15,0,0,0,0,0,420
507011155,0,0,0,0,0,0,0,0,0,0
507011158,20,0,0,0,0,0,0,0,0,20
507011159,438,6,87,3,0,3,6,0,0,543
507011160,189,13,35,0,0,0,4,0,3,244
507011161,238,0,50,7,0,0,3,0,0,298
507011163,209,3,41,3,0,3,0,0,0,259
507011259,231,0,51,0,0,0,0,0,0,282
507011260,25,0,11,5,0,0,0,0,0,41
507021164,57,0,17,0,0,0,0,0,0,74
507021165,317,3,50,5,0,4,5,0,5,389
507021166,392,10,84,0,0,0,9,0,3,498
507021167,0,0,0,0,0,0,0,0,0,0
507031169,410,4,130,9,0,0,8,0,0,561
507031170,456,17,95,0,0,3,6,0,0,577
507031172,8,0,0,0,0,0,0,0,0,8
507031173,0,0,0,0,0,0,0,0,0,0
507031174,675,18,151,3,0,0,0,0,0,847
507031261,716,0,22,18,0,0,0,0,0,756
507041175,45,0,15,0,0,0,0,0,0,60
507041176,19,0,3,0,0,0,0,0,0,22
507041177,173,3,34,0,0,0,0,0,0,210
507041178,164,0,26,0,0,0,0,0,0,190
507041179,49,0,4,0,0,0,0,0,0,53
507041180,67,3,3,0,0,0,0,0,0,73
507041181,108,0,26,0,0,0,0,0,0,134
507041182,164,0,27,3,0,0,8,0,0,202
507041183,302,12,75,4,0,0,3,0,0,396
507041184,0,0,0,0,0,0,0,0,0,0
507051185,741,8,177,13,0,3,23,0,3,968
507051186,514,7,131,7,0,3,10,0,0,672
507051187,540,3,166,6,0,3,13,0,0,731
507051188,431,9,87,5,0,6,8,0,3,549
507051189,0,0,0,0,0,0,0,0,0,0
507051190,224,6,62,3,0,3,11,0,5,314
507051191,426,3,111,0,0,0,7,0,0,547
507051192,474,4,89,11,0,14,12,0,0,604
507051193,527,0,114,3,0,0,4,0,0,648
509011225,615,29,126,4,0,0,10,0,0,784
509011226,65,0,23,0,0,0,0,0,0,88
509011227,209,0,61,3,0,0,0,0,0,273
509011228,122,0,33,0,0,0,0,0,0,155
509011229,211,6,59,8,0,0,7,0,3,294
509011230,485,21,106,0,0,0,25,6,0,643
509011231,393,9,98,0,0,0,0,0,0,500
509011232,449,0,19,6,0,0,3,0,0,477
509011233,569,33,129,8,0,0,15,0,0,754
509011234,238,10,51,0,0,0,0,0,0,299
509011235,0,0,0,0,0,0,0,0,0,0
509021236,177,0,49,3,0,0,0,0,0,229
509021237,392,29,68,0,0,0,0,0,0,489
509021238,247,6,64,0,0,0,0,0,0,317
509021239,279,14,57,0,0,0,3,0,0,353
509021240,431,8,109,0,0,0,4,0,0,552
509021241,573,27,123,3,0,0,0,0,0,726
509021242,179,6,42,0,0,0,0,0,0,227
509021243,988,30,234,3,0,0,12,0,0,1267
509021244,196,6,34,0,0,0,3,0,0,239
509021245,289,19,65,3,0,0,7,0,3,386
509031246,429,24,112,19,0,7,0,0,0,591
509031247,211,9,65,17,0,0,0,0,0,302
509031248,150,0,24,4,0,0,5,0,0,183
509031249,500,22,122,4,0,0,6,0,3,657
509031250,171,11,38,0,0,0,3,0,0,223
510011262,4499,136,900,270,3,86,77,3,12,5986
510011263,7999,215,1501,159,3,40,20,0,4,9941
510011264,3951,109,766,12,0,3,0,0,0,4841
510011265,3715,90,766,38,0,11,31,0,3,4654
510011266,2524,49,535,53,0,10,3,0,0,3174
510021267,2889,57,442,29,0,3,30,0,0,3450
510021268,860,7,205,21,0,14,44,0,6,1157
510021269,438,9,62,13,0,0,13,0,0,535
510021270,2748,96,516,177,0,56,181,3,34,3811
510031271,1579,24,249,61,0,21,102,0,23,2059
510031272,2355,24,553,78,0,43,130,0,23,3206
510031273,1953,40,294,34,0,11,41,0,8,2381
511011274,763,20,190,0,0,0,10,0,0,983
511011275,214,14,19,0,0,0,0,0,0,247
511021276,1521,86,333,9,0,0,3,0,0,1952
511021277,460,14,101,6,0,0,3,0,0,584
511031278,1355,22,289,36,0,4,13,0,3,1722
511031279,1391,35,307,49,0,8,16,0,3,1809
511031280,589,10,171,3,0,0,16,0,0,789
511031281,0,0,0,0,0,0,0,0,0,0
511031282,753,22,167,18,0,8,4,0,0,972
511031283,3478,107,612,32,3,6,0,0,0,4238
511031284,0,0,0,0,0,0,0,0,0,0
511041285,1818,80,385,15,0,6,8,0,0,2312
511041286,2078,41,403,61,0,7,14,0,0,2604
511041287,1006,20,249,8,0,0,3,0,0,1286
511041288,743,7,187,6,0,0,0,0,0,943
511041289,148,4,15,0,0,0,0,0,0,167
511041290,1308,47,241,15,0,0,13,0,3,1627
511041291,449,19,95,0,0,0,7,0,0,570
511041292,592,21,137,0,0,0,3,0,0,753
597979799,6,0,0,0,0,0,0,0,0,6
599999499,1050,14,64,18,0,0,20,0,0,1166
601011001,1464,30,370,106,0,31,128,5,35,2169
601011002,501,6,116,0,0,0,26,0,4,653
601011003,234,0,41,0,0,0,11,0,3,289
601021004,144,4,32,0,0,0,29,0,8,217
601021005,258,0,48,4,0,0,12,0,0,322
601021006,107,7,23,5,0,3,7,0,0,152
601021007,308,11,50,8,0,3,0,0,0,380
601021008,229,5,27,0,0,0,0,0,0,261
601021009,450,11,98,21,0,3,34,4,6,627
601021010,413,10,47,18,0,6,30,0,3,527
601021011,652,15,163,40,0,9,50,0,6,935
601021012,227,4,49,0,0,0,3,0,3,286
601031013,250,9,39,3,0,0,12,0,3,316
601031014,379,12,96,26,0,3,41,0,7,564
601031015,610,20,117,31,0,11,28,6,4,827
601031016,326,16,70,7,0,0,5,0,0,424
601031017,975,50,202,18,0,10,26,4,0,1285
601031018,330,8,87,12,0,3,8,0,0,448
601031019,283,9,41,14,0,6,7,0,0,360
601031020,395,18,106,27,0,9,53,0,9,617
601031021,177,0,38,0,0,0,9,0,0,224
601041022,649,26,136,29,0,6,12,0,0,858
601041023,415,7,81,12,0,0,22,0,0,537
601041024,677,17,144,8,0,0,10,0,0,856
601041025,0,0,0,0,0,0,0,0,0,0
601041026,37,0,3,0,0,0,0,0,0,40
601051027,258,3,21,13,0,0,3,0,0,298
601051028,189,3,46,6,0,3,4,0,0,251
601051029,95,0,8,3,0,0,0,0,0,106
601051030,185,8,33,11,0,5,7,0,0,249
601051031,131,0,13,0,0,0,0,0,0,144
601051032,136,0,25,0,0,0,0,0,0,161
601051033,132,0,13,0,0,0,7,0,0,152
601061034,470,7,84,27,0,11,18,0,3,620
601061035,432,19,84,27,0,6,54,0,8,630
602011036,193,3,34,0,0,0,0,0,0,230
602011037,214,4,38,4,0,0,11,0,0,271
602011038,125,5,11,0,0,0,7,0,4,152
602011039,162,7,29,0,0,0,5,0,0,203
602011040,230,8,58,3,0,0,5,0,0,304
602011041,789,11,183,28,0,4,37,0,3,1055
602011042,173,3,25,6,0,0,4,0,3,214
602011043,118,4,24,0,0,0,7,0,3,156
602011044,220,12,35,0,0,0,8,0,0,275
602011045,450,6,98,32,0,13,13,0,3,615
602011046,216,6,46,0,0,0,8,0,0,276
602011047,181,0,32,0,0,0,14,0,0,227
602011048,245,3,56,13,0,9,3,0,0,329
602011049,120,3,33,0,0,0,3,0,0,159
602011050,210,5,45,3,0,0,0,0,0,263
602011051,139,0,20,4,0,0,3,0,0,166
602011052,159,4,39,3,0,3,9,0,0,217
602021053,200,9,59,4,0,0,0,0,0,272
602021054,361,18,86,18,0,8,44,3,10,548
602021055,160,3,56,3,0,0,6,0,3,231
602021056,99,0,20,5,0,0,0,0,0,124
602021057,128,0,25,16,0,6,0,0,0,175
602031058,149,14,33,0,0,0,4,0,0,200
602031059,423,25,94,7,0,3,26,0,3,581
602031060,175,3,39,3,0,0,9,0,0,229
602031061,124,6,28,3,0,0,6,0,3,170
602031062,142,9,30,0,0,0,10,0,5,196
602031064,329,22,71,14,0,3,12,0,3,454
602031099,249,14,35,0,0,0,3,0,0,301
602031100,266,18,52,9,0,3,25,0,6,379
603011065,146,9,29,3,0,0,8,0,0,195
603011066,245,4,41,7,0,0,14,0,0,311
603011067,472,12,94,29,0,3,32,4,0,646
603011068,0,0,0,0,0,0,0,0,0,0
603021069,177,3,41,11,0,0,3,0,0,235
603021070,803,42,159,18,3,3,10,0,0,1038
603021071,568,34,119,7,0,0,24,3,0,755
603021072,862,23,181,20,0,16,47,0,7,1156
603031073,176,9,30,4,0,0,6,0,0,225
603031074,298,14,77,6,0,0,10,3,0,408
604011075,375,10,69,5,0,0,18,0,0,477
604011076,478,20,86,7,0,0,37,0,12,640
604011077,344,6,73,4,0,0,13,0,0,440
604011078,668,18,141,28,0,7,25,0,0,887
604011079,454,18,79,11,0,0,4,0,0,566
604011080,364,6,84,3,0,3,21,0,9,490
604011081,391,11,85,10,3,5,13,3,3,524
604011082,743,36,134,38,0,13,34,5,0,1003
604011083,515,31,121,14,3,0,9,3,0,696
604011084,736,35,156,22,0,6,28,0,3,986
604021085,1244,38,251,36,3,6,35,3,6,1622
604021086,577,26,128,19,0,7,33,0,9,799
604021087,382,20,64,3,0,0,44,0,3,516
604021088,242,6,59,7,0,0,21,3,5,343
604021089,346,27,67,11,0,3,21,0,4,479
604021090,252,14,55,13,0,3,11,0,3,351
604021091,479,12,96,7,0,0,15,0,3,612
604021092,235,12,42,3,0,0,7,0,0,299
604031093,56,3,7,0,0,0,3,0,0,69
604031094,758,21,172,15,0,6,24,0,6,1002
604031095,1122,51,229,51,3,6,10,0,0,1472
604031096,419,8,88,6,0,0,15,0,7,543
604031097,443,11,85,26,0,10,34,3,7,619
604031098,0,0,0,0,0,0,0,0,0,0
697979799,0,0,0,0,0,0,0,0,0,0
699999499,92,3,3,3,0,0,4,0,0,105
701011001,0,0,0,0,0,0,0,0,0,0
701011002,340,10,19,14,0,0,31,0,3,417
701011003,0,0,0,0,0,0,0,0,0,0
701011004,189,10,25,9,0,0,6,0,0,239
701011005,161,4,15,0,0,0,3,0,0,183
701011006,766,30,111,16,0,3,9,0,0,935
701011007,168,5,20,14,0,3,3,0,0,213
701011008,263,5,27,11,0,0,25,0,3,334
701011009,121,4,14,3,0,0,0,0,0,142
701021010,264,8,40,30,0,3,13,0,4,362
701021011,351,3,96,47,0,7,19,0,3,526
701021012,594,17,106,11,0,3,0,0,0,731
701021013,203,3,52,27,0,8,18,0,0,311
701021014,0,0,0,0,0,0,0,0,0,0
701021015,0,0,0,0,0,0,0,0,0,0
701021016,401,41,43,27,0,0,16,0,3,531
701021017,4,0,0,0,0,0,0,0,0,4
701021018,210,3,40,22,0,3,8,0,3,289
701021019,930,12,235,178,3,42,68,0,3,1471
701021020,415,9,83,38,0,17,33,0,0,595
701021021,207,3,73,18,0,14,4,0,0,319
701021022,706,14,136,136,0,43,51,0,9,1095
701021023,214,13,43,32,0,6,18,0,0,326
701021024,245,12,49,22,0,6,20,0,10,364
701021025,230,6,27,7,0,0,16,0,0,286
701021026,283,7,27,14,0,0,13,0,0,344
701021027,408,26,67,42,0,4,14,3,4,568
701021028,226,4,47,24,0,14,3,0,0,318
701021029,177,4,39,10,0,3,15,0,3,251
701021030,321,12,79,71,0,25,4,0,3,515
701031031,2029,14,83,25,0,0,35,0,0,2186
701031032,830,9,176,82,0,22,38,6,9,1172
701031033,3,3,0,0,0,0,0,0,0,6
701031034,339,11,70,20,0,6,15,0,6,467
701031035,547,13,126,47,0,7,23,0,3,766
701041036,505,6,94,28,0,6,23,0,8,670
701041037,520,8,125,45,0,11,11,0,0,720
701041038,293,3,71,4,0,0,7,0,0,378
701041039,757,23,181,36,0,6,57,0,11,1071
701041040,1029,18,282,97,0,35,22,0,3,1486
701041041,437,10,85,40,0,16,30,0,9,627
701041042,346,0,76,20,0,6,16,0,3,467
701041043,624,4,168,60,0,29,28,0,10,923
701041044,724,12,154,36,0,19,36,0,9,990
702011045,1628,45,249,12,0,0,4,0,0,1938
702011046,1320,53,244,26,0,0,3,0,0,1646
702011047,1222,46,256,20,0,0,6,0,0,1550
702011048,1320,40,312,32,0,7,35,0,7,1753
702011049,523,20,74,3,0,0,3,0,0,623
702011050,1758,59,211,48,0,0,54,0,0,2130
702011051,909,108,110,4,0,0,6,0,3,1140
702011052,5790,146,848,29,0,8,4,0,0,6825
702011053,4009,81,623,23,0,6,0,0,0,4742
702011054,2936,82,558,72,0,20,3,0,0,3671
702021055,3180,80,643,5,0,0,3,0,0,3911
702021056,2530,89,418,35,0,3,12,0,0,3087
702031057,1691,37,308,80,0,10,18,3,0,2147
702031058,1874,34,418,3,0,0,6,0,0,2335
702031059,3626,31,756,49,0,11,3,0,0,4476
702031060,3611,73,570,82,3,14,4,0,0,4357
702031061,7254,101,1224,43,0,13,20,0,4,8659
702041062,2734,38,438,19,0,0,3,0,0,3232
702041063,11299,177,2067,199,6,36,28,0,0,13812
702041064,512,4,104,18,0,3,18,0,4,663
702051065,2675,47,497,22,0,6,7,0,0,3254
702051066,5482,84,1130,261,3,57,11,0,0,7028
702051067,3370,115,677,96,0,25,55,0,12,4350
702051068,2888,78,648,20,0,4,12,0,0,3650
797979799,0,0,0,0,0,0,0,0,0,0
799999499,1330,22,24,10,0,0,18,0,0,1404
801011001,27,0,8,0,0,0,0,0,0,35
801011002,140,0,8,0,0,0,8,0,0,156
801011003,95,0,3,9,0,0,0,0,0,107
801011004,150,0,32,0,0,0,0,0,0,182
801011005,56,0,10,0,0,0,3,0,3,72
801011006,250,0,68,5,0,0,3,0,0,326
801011007,146,3,27,0,0,0,3,0,0,179
801011008,119,3,12,3,0,0,3,0,0,140
801011009,84,0,19,0,0,0,0,0,0,103
801011010,53,0,14,0,0,0,0,0,0,67
801011011,101,0,24,0,0,0,0,0,0,125
801011012,0,0,0,0,0,0,0,0,0,0
801011013,30,0,4,4,0,3,3,0,3,47
801011014,67,3,13,0,0,0,0,0,0,83
801011015,205,3,51,6,0,4,8,0,0,277
801011016,130,4,19,0,0,0,0,0,0,153
801011017,101,0,28,0,0,0,3,0,0,132
801011018,0,0,0,0,0,0,0,0,0,0
801011019,214,4,46,15,0,3,3,0,0,285
801011020,79,0,18,0,0,0,7,0,5,109
801011021,87,0,19,0,0,0,0,0,0,106
801011022,88,0,14,0,0,0,0,0,0,102
801011023,69,0,16,0,0,0,0,0,0,85
801011024,66,3,12,0,0,0,9,0,0,90
801011025,85,0,27,0,0,0,0,0,0,112
801011026,11,0,0,0,0,0,0,0,0,11
801011111,0,0,0,0,0,0,0,0,0,0
801011112,0,0,0,0,0,0,0,0,0,0
801031031,191,0,0,0,0,0,0,0,0,191
801031032,3,0,3,0,0,0,0,0,0,6
801031113,32,3,3,0,0,0,0,0,0,38
801031114,0,0,0,0,0,0,0,0,0,0
801031115,0,0,0,0,0,0,0,0,0,0
801041034,136,0,26,0,0,0,0,0,0,162
801041035,108,0,25,7,0,0,3,0,0,143
801041036,161,0,34,0,0,0,0,0,0,195
801041037,73,0,16,0,0,0,0,0,0,89
801041038,59,0,21,0,0,0,0,0,0,80
801041039,132,0,23,0,0,0,0,0,0,155
801041040,134,0,21,0,0,0,0,0,0,155
801041043,7,0,0,0,0,0,0,0,0,7
801041044,94,0,30,0,0,0,0,0,0,124
801041045,0,0,0,0,0,0,0,0,0,0
801041046,280,5,72,7,0,0,11,0,6,381
801041047,126,0,41,3,0,0,0,0,0,170
801041048,127,0,24,3,0,0,0,0,0,154
801041116,0,0,0,0,0,0,0,0,0,0
801041117,0,0,0,0,0,0,0,0,0,0
801041118,17,0,3,0,0,0,0,0,0,20
801041119,0,0,0,0,0,0,0,0,0,0
801041120,0,0,0,0,0,0,0,0,0,0
801041121,0,0,0,0,0,0,0,0,0,0
801041122,0,0,0,0,0,0,0,0,0,0
801051049,22,0,0,0,0,0,0,0,0,22
801051050,127,3,21,6,0,3,0,0,0,160
801051051,138,3,8,3,0,0,7,0,0,159
801051053,63,0,0,0,0,0,0,0,0,63
801051054,34,0,9,0,0,0,0,0,0,43
801051055,99,3,14,0,0,0,0,0,0,116
801051056,80,0,22,0,0,0,0,0,0,102
801051057,65,0,13,0,0,0,3,0,0,81
801051058,89,3,15,0,0,0,0,0,0,107
801051060,63,0,0,0,0,0,0,0,0,63
801051061,98,6,20,0,0,0,3,0,0,127
801051123,0,0,0,0,0,0,0,0,0,0
801051124,30,0,3,0,0,0,0,0,0,33
801051125,32,0,0,4,0,3,3,0,0,42
801051126,0,0,0,0,0,0,0,0,0,0
801051127,45,0,0,0,0,0,0,0,0,45
801051128,0,0,0,0,0,0,0,0,0,0
801061062,49,0,6,0,0,0,0,0,0,55
801061063,5,0,3,0,0,0,0,0,0,8
801061064,38,3,3,3,0,0,6,0,0,53
801061066,0,0,0,0,0,0,0,0,0,0
801061067,245,7,60,5,0,3,3,0,0,323
801061068,0,0,0,0,0,0,0,0,0,0
801061069,17,0,0,3,0,0,6,0,0,26
801061070,34,0,3,5,0,0,0,0,0,42
801061129,17,0,0,0,0,0,0,0,0,17
801061130,5,0,3,0,0,0,0,0,0,8
801061131,70,0,3,0,0,0,0,0,0,73
801071071,264,0,54,7,0,3,7,0,0,335
801071072,136,0,23,0,0,0,0,0,0,159
801071073,167,6,16,4,0,0,4,0,3,200
801071074,183,0,31,0,0,0,3,0,0,217
801071075,200,7,37,0,0,0,0,0,0,244
801071076,31,0,10,0,0,0,0,0,0,41
801071077,100,0,27,0,0,0,4,0,0,131
801071078,323,3,50,0,0,0,5,0,3,384
801071079,121,4,22,0,0,0,0,0,0,147
801071080,43,0,4,0,0,0,0,0,0,47
801071081,173,0,45,0,0,0,3,0,0,221
801071082,529,9,118,23,0,8,28,0,11,726
801071083,23,0,0,3,0,0,0,0,0,26
801071084,187,0,24,3,0,0,0,0,0,214
801071085,0,0,0,0,0,0,0,0,0,0
801071086,68,0,21,0,0,0,4,0,0,93
801071087,171,0,49,0,0,0,0,0,0,220
801071088,195,0,46,6,0,4,6,0,0,257
801071089,0,0,0,0,0,0,0,0,0,0
801071090,332,0,55,7,0,0,7,0,0,401
801071132,0,0,0,0,0,0,0,0,0,0
801081091,27,3,5,0,0,0,0,0,0,35
801081092,61,0,10,0,0,0,0,0,0,71
801081093,48,0,14,0,0,0,0,0,0,62
801081094,63,0,11,0,0,0,0,0,0,74
801081095,109,5,23,0,0,0,4,0,0,141
801081096,35,3,11,4,0,0,3,0,0,56
801081097,64,0,15,0,0,0,0,0,0,79
801081098,62,0,14,3,0,0,0,0,0,79
801081133,0,0,0,0,0,0,0,0,0,0
801091099,63,0,9,3,0,0,0,0,0,75
801091100,68,0,12,5,0,0,0,0,0,85
801091101,49,0,7,3,0,0,0,0,0,59
801091102,37,0,12,0,0,0,0,0,0,49
801091103,61,0,7,0,0,0,0,0,0,68
801091104,20,0,3,0,0,0,0,0,0,23
801091105,63,3,10,7,0,4,0,0,0,87
801091106,93,0,16,0,0,0,0,0,0,109
801091107,0,0,0,0,0,0,0,0,0,0
801091108,57,0,8,7,0,3,0,0,0,75
801091109,66,0,3,0,0,0,0,0,0,69
801091110,32,3,7,0,0,0,0,0,0,42
801101134,0,0,0,0,0,0,0,0,0,0
801101135,29,0,6,0,0,0,8,0,0,43
801101136,0,0,0,0,0,0,0,0,0,0
801101137,0,0,0,0,0,0,0,0,0,0
801101138,0,0,0,0,0,0,0,0,0,0
801101139,15,0,0,4,0,3,0,0,0,22
801111140,4,0,3,0,0,0,0,0,0,7
801111141,0,0,0,0,0,0,0,0,0,0
897979799,0,0,0,0,0,0,0,0,0,0
899999499,57,0,3,0,0,0,0,0,0,60
901011001,3,0,0,0,0,0,8,0,0,11
901021002,0,0,0,0,0,0,6,0,0,6
901031003,333,14,52,0,0,0,0,0,0,399
901041004,11,0,3,0,0,0,0,0,0,14
997979799,0,0,0,0,0,0,0,0,0,0
999999499,3,0,0,0,0,0,0,0,0,3
