SA2_CODE,Commercial,Education,Hospital/Medical,Industrial,MIGRATORY,NOUSUALRESIDENCE,OFFSHORE,Other,Parkland,Primary Production,Residential,SHIPPING,Transport,Water,PERC_OPEN_SPACE
101021007,0,0.0237,0.0072,0,0,0,0,947.8152,817.3813,1646.5519,6.5732,0,0,0,0.23911556809895995
101021008,0,0.1155,0,0,0,0,0,1.6685,2.0158,0,3.1827,0,0,0,0.28869316147511637
101021009,0.4321,0.1556,0.0829,0.22999999999999998,0,0,0,0,0.6249,0,3.2379,0,0,0,0.13118780702859303
101021010,0.0131,0.1014,0,1.3813,0,0,0,0.0613,6.0458,0,5.4005,0,0,0,0.4649399387852408
101021011,0,0.1173,0,0,0,0,0,843.9791,376.03,1636.8343,43.1138,0,0,154.3354,0.12311052291966444
101021012,0,0.0395,0,0.6048,0,0,0,0,7.4483,0,5.4812,0,0,0.1051,0.5445101579805394
101031013,0,0.234,0.0529,0,0,0,0,140.2538,1050.8243,2788.0915999999997,6.6491999999999996,0,0,3.2560000000000002,0.263406618071091
101031014,0.5391,0.1443,0.05160000000000001,2.8304,0,0,0,13.7367,2.6723,76.1357,7.527,0,0,0,0.025785167666791137
101031015,0,0.18309999999999998,0,0,0,0,0,1512.2826,1272.7522,3305.6159,7.4678,0,0,152.57319999999999,0.20361185285617941
101031016,0.7632,0.1006,0.0062,0.5153,0,0,0,617.8235,1501.8247000000001,1769.8016,21.0944,0,0,27.6189,0.3812174766021405
101041017,0.2937,0.0664,0.0098,0.6759000000000001,0,0,0,8.568900000000001,30.3703,0,14.1081,0,0,9.6143,0.47671542081453644
101041018,0.0117,0.2311,0,0,0,0,0,7.0355,7.6167,3.8327,11.8671,0,0,0,0.24895407062638095
101041019,0.6402,0.1844,0.04,0.3833,0,0,0,61.096000000000004,42.4345,55.7536,23.3665,0,0,0,0.23074957109492464
101041020,0,0.1383,0,0,0,0,0,420.8323,2880.924,1355.6989,52.6133,0,0,0,0.6116342917257901
101041021,0.0591,0.1657,0,0,0,0,0,17.2954,2.0606,0,4.6521,0,0,0,0.0850331574017142
101041022,0,0,0,0,0,0,0,143.10719999999998,2638.8916,0,0,0,0,0,0.948559575223397
101041023,0,0.1232,0,0,0,0,0,5.836399999999999,75.2683,0,13.585899999999999,0,0,0,0.7938538482794699
101041024,0.14450000000000002,0.08499999999999999,0,0,0,0,0,315.9732,922.6631,195.1498,8.4221,0,0,17.574,0.6319559630926245
101041025,8.5438,0.0944,0.2033,0.3075,0,0,0,24.4886,23.9999,21.037399999999998,18.6646,0,0,0,0.24655869405534234
101041026,2.0908,0.1207,0.0567,0.2176,0,0,0,47.228300000000004,12.3458,64.9499,27.878,0,0,10.524,0.07463675505616892
101041027,0.927,0.2319,0.0459,0.2502,0,0,0,86.5305,60.6285,63.3561,20.8193,0,0,19.8626,0.23996841505311656
101051539,2.4208,1.536,0.9039,3.7929,0,0,0,11.250300000000001,10.1872,15.9555,18.7399,0,0,0,0.15724263542559025
101051540,1.2823,0.12990000000000002,0.0527,0,0,0,0,544.0972,735.5621,7715.2856,14.1101,0,0,24.6022,0.08141141778261082
101061541,0.3378,0.15460000000000002,0.0224,0,0,0,0,2.67,1.4052,79.5182,15.626,0,0,0,0.014089449757455316
101061542,0,0.0859,0,0,0,0,0,488.0245,339.1108,4759.5469,39.7723,0,0,54.3378,0.05969337628115315
101061543,0.6671,0.1892,0.0856,2.1122,0,0,0,0,13.2291,443.3784,46.0912,0,0,0,0.026157245199631123
101061544,1.3754,0.3608,0.1594,0.067,0,0,0,1.0434999999999999,77.8537,5731.1716,21.8668,0,0,15.9104,0.01330876022165922
102011028,0.0519,0.0471,0,0,0,0,0,0.7151,1.3525,0,3.6361,0,0,0.6349,0.2100938237852616
102011029,0,0.0671,0,0,0,0,0,10.3222,15.5464,0,5.8071,0,0,0.3432,0.48452284485445357
102011030,0.3643,0.1611,0,3.8139,0,0,0,139.1424,521.7734,93.7877,3.8521,0,0,5.0563,0.6794356203883789
102011031,0.826,0.4201,0.158,0.4262,0,0,0,19.3173,7.8873,0,4.7585,0,0,0,0.23339764569412963
102011032,1.5174,0.3549,0.1288,1.8021,0,0,0,1.0375999999999999,5.8949,0,6.1767,0,0,0,0.3485549064591661
102011033,0,0.0314,0,0,0,0,0,0,4.9329,0,3.342,0,0,0,0.5938745289719851
102011034,0.0627,0.1634,0,0.8726999999999999,0,0,0,6.1895999999999995,2.332,0,2.4683,0,0,0,0.19290742594323623
102011035,1.1148,0.2339,0,0,0,0,0,0.5504,1.3152,0,4.4878,0,0,0,0.17075862427130262
102011036,0.154,0.2006,0,0.654,0,0,0,11.6714,0.547,0.4179,3.0867,0,0,0,0.032692629515407974
102011037,0,0.0191,0.0447,0,0,0,0,0,3.8178,0,2.8872,0,0.0186,0,0.5624834251701682
102011038,0,0.0203,0,0,0,0,0,0.5245,1.0025,0,3.221,0,0,0,0.21024264412893484
102011039,0.0649,0.174,0,0,0,0,0,3.3094,1.6354,0,4.9236,0,0,0,0.16180384474587672
102011040,0.1629,0.1914,0,0,0,0,0,0,16.2268,0,8.6473,0,0,0,0.6431957635046218
102011041,0,0.1169,0,0,0,0,0,6.5955,2.7382,0,3.7643,0,0,0.5072,0.19954671661043133
102011042,0.1905,0.1865,0.07089999999999999,1.2624,0,0,0,0,11.0161,0,4.645,0,0.0448,0.0063,0.6322915769837854
102011043,0.1466,0.1023,0.031700000000000006,0.181,0,0,0,2.5731,1.0468,0,4.2995,0,0,0,0.1249015630593008
102021044,0.28390000000000004,0.101,0.1041,0.1204,0,0,0,0.336,2.7147,0,7.1376,0,0.0618,0,0.24998388507758187
102021045,0.0933,0.20879999999999999,0,0,0,0,0,14.432599999999999,0.9959,0,3.6787,0,0,1.5704,0.04746969689747709
102021046,0.0356,0.0283,0,0,0,0,0,0.0366,5.6215,0,3.6311,0,0,0,0.6010306743218825
102021047,0.2906,0.0751,0.0119,1.6682000000000001,0,0,0,14.3383,3.1727,0,4.9418,0,0,0,0.12950535948993003
102021048,0.2382,0.216,0.0831,0,0,0,0,1.0877000000000001,0.9916,0.5454,8.087,0,0,0,0.08815005778291404
102021049,0,0.09609999999999999,0,0,0,0,0,116.1638,179.6346,46.1477,4.724,0,0,0,0.5180279969616417
102021050,0,0.271,0,0,0,0,0,8.2492,21.5486,0.2778,5.148,0,0,0,0.6070951637713905
102021051,0,0.8729,0,0.2515,0,0,0,49.2814,61.498000000000005,0.2285,1.9849,0,0,0,0.5389021111629098
102021052,0,0.0303,0,0,0,0,0,0,5.6242,0,3.5248,0,0,0,0.6127046724695782
102021053,0.5527,0.1186,0,0.029,0,0,0,0,6.7614,0,6.3959,0,0,0,0.48791998614478693
102021054,0.3539,0.0957,0.0714,0.412,0,0,0,0,5.6491,0,3.9395000000000002,0,0,0,0.5369050334549879
102021055,1.3656,0.1855,0,1.3783,0,0,0,12.2416,2.6131,6.1787,2.6539,0,0,1.2296,0.09384011520381524
102021056,0,0.345,0.2935,0.5763,0,0,0,9.9983,0.4652,24.672,6.5397,0,0,0,0.01084635113079972
102021057,0.2493,0.3796,0,1.7018,0,0,0,3.6478,2.1710000000000003,2.8537,4.0302,0,0,0,0.14441177644445038
103011058,1.2387,4.2184,0.0535,1.5903,0,0,0,0.5728,5.6076,90.2465,15.977,0,0,0,0.046923638213695176
103011059,0,0.6262,0,5.1896,0,0,0,0,0.6072,76.9958,10.6153,0,0,0,0.006457232004134669
103011060,0,0.0269,0,0,0,0,0,295.3924,223.1629,3219.6473,60.033300000000004,0,0,0,0.058753938774325984
103011061,0.0481,0.2296,0,2.1987,0,0,0,405.6867,988.7669999999999,1539.4605,32.702,0,0,3.2887,0.3326514670240995
103021062,0,0.2102,0.1997,0.1058,0,0,0,0.1053,225.7721,15565.7437,13.5078,0,2.3418,50.8637,0.014236347438582575
103021063,2.7199,0.2442,0.043,2.1735,0,0,0,2.136,3.1363,204.37869999999998,27.2959,0,0.0735,0,0.012949162059611646
103021064,0,0.1779,0,0,0,0,0,278.3108,192.0691,2520.6297,45.9682,0,0,0,0.06323979373201051
103021065,0.3314,0.6738,0.098,1.0709,0,0,0,0,120.6864,4368.8462,58.585899999999995,0,0,47.7512,0.0262473358779227
103021066,0.0227,0.1793,0.0235,0,0,0,0,120.4554,131.2829,3031.2232,10.8896,0,0,0,0.03985423411222436
103021067,0.2472,0.1644,0.0572,0.8946,0,0,0,0.9215,2.0786,219.6863,10.7058,0,0,0,0.008854314870443985
103021068,0,0.0922,0,0,0,0,0,22.122500000000002,219.6515,5167.0858,9.2129,0,0,0,0.04053983296078714
103021069,0.0914,0.35660000000000003,0,0,0,0,0,2.5175,85.4089,8167.3659,12.0306,0,0,49.702,0.010268611755861568
103031070,0.7739,0.3419,0.0646,0.3106,0,0,0,66.13380000000001,11.7395,27.1244,10.8701,0,0.3301,2.2955,0.09784188611186118
103031071,0,0.11069999999999999,0,0.1339,0,0,0,550.8534999999999,379.2748,1546.6834,35.6723,0,0,1.3414,0.15086087499552522
103031072,0.3044,0.1728,0.0651,0.8543,0,0,0,1.62,6.3247,45.9748,10.539,0,0.0397,0,0.09598177701427123
103031073,0,0.035699999999999996,0.0433,2.0552,0,0,0,585.1071,712.713,1536.4936,9.6055,0,0,6.0309,0.24989198250556613
103031074,0.1085,0.1401,0.0595,0,0,0,0,360.257,1430.8701,6038.8218,197.2764,0,0,16.3301,0.17788343872319567
103031075,0,0,0,0,0,0,0,1.0489,2447.6787,0,0,0,0,0,0.9995716550914034
103041076,0,0.3005,0.036,1.1135,0,0,0,46.9341,60.6349,1516.2025,13.859,0,0,3.5943,0.03691229694398429
103041077,1.5582,1.1154,0.0318,2.0924,0,0,0,5.0203,3.5853,18.1462,11.9939,0,0,1.7064,0.07923332427253983
103041078,0.0254,0.0389,0,2.3851,0,0,0,23.205,10.2661,37.5228,26.0685,0,0,0,0.10316464982042331
103041079,0,0.3174,0,0,0,0,0,45.43,332.02070000000003,4072.4849,28.8995,0,0,0.9432,0.07411018028030072
104011080,0.606,0.4696,0.1438,2.3122000000000003,0,0,0,10.2928,2.6127,65.4619,16.8316,0,0.35609999999999997,7.167,0.02458926136219256
104011081,0,0.1606,0,0,0,0,0,2167.9915,2947.2336,3268.1996,27.9735,0,0,34.3321,0.348954732531532
104011082,1.2559,0.3836,0.0896,0.8212,0,0,0,172.43959999999998,323.3676,140.9447,29.0639,0,0,42.6832,0.45477521741460125
104021083,0.1013,0.8494,0,0,0,0,0,120.536,775.4385,99.6335,4.4894,0,0,0,0.7746266138460279
104021084,1.3797,0.1693,0.031100000000000003,0.3594,0,0,0,0,4.5425,11.4719,7.7149,0,0,0,0.17696581063392133
104021085,6.724500000000001,0.816,0.39420000000000005,1.7187,0,0,0,0,10.8321,8.4072,4.8069,0,0,0,0.32143111490937576
104021086,0,0.026099999999999998,0,0,0,0,0,88.0278,154.8963,103.7995,16.8115,0,0,0.3478,0.42564569713857037
104021087,0,0.2047,0,0,0,0,0,213.4156,996.4904,769.4152,8.1455,0,0,0,0.5013355829338793
104021088,0.3767,0.0362,0,0.3432,0,0,0,2.7316000000000003,27.1673,17.0005,10.0326,0,0,0,0.4709342134686356
104021089,0.10450000000000001,0.3082,0,0.6413,0,0,0,14.572099999999999,51.8575,34.690799999999996,16.0507,0,0,0,0.438633589652282
104021090,0.2208,0.0165,0,1.1869,0,0,0,21.0715,38.78,31.8438,11.6914,0,0,3.6015,0.3577081588452981
104021091,0.3357,0.24320000000000003,0,0.3803,0,0,0,68.7041,148.8395,20.5329,30.1045,0,0,1.1012,0.5507649827154536
105011092,0.1487,0.38480000000000003,0.0467,0.2861,0,0,0,0.8211,2.6697,56682.3167,17.6789,0,0,139.3401,4.696563274650587e-5
105011093,2.1605,0.1869,0.121,6.2932999999999995,0,0,0,1957.2027,1622.7757,41919.6781,24.3947,0,0,18.5852,0.03562515680501144
105011094,2.3835,0.1433,0.058100000000000006,0.74,0,0,0,0,16.7106,12113.227499999999,8.2819,0,0,0.8085,0.0013762241510776652
105011095,0.203,0.1655,0.2565,3.7590000000000003,0,0,0,0.4699,488.2177,20710.2531,7.9282,0,4.7494,0,0.023011766924629338
105011096,6.4157,0.24459999999999998,0.1343,0,0,0,0,799.3542,180.1737,25875.3975,82.8829,0,0,67.0765,0.006670214662772875
105021097,5.2885,0.4244,0.1087,10.5171,0,0,0,48.4051,1.2405,88.7895,15.3415,0,0,0,0.007292113055086756
105021098,4.9622,0.0902,0.0428,0.1073,0,0,0,0,2634.5599,142157.8303,39.051899999999996,0,0,1853.4159,0.01796004372089001
105031099,0.0271,0.4376,0.191,1.1981,0,0,0,1263.3944,1620.704,7570.1875,17.8706,0,0.1229,0,0.15473394972674206
105031100,0.6008,1.1519000000000001,0.36869999999999997,8.7452,0,0,0,7.0094,3.2805,38.7484,27.681,0,0.1053,0,0.037409683069680885
105031101,1.5996,0.6517999999999999,0,0.9413,0,0,0,0,2.0854,7.2703999999999995,12.8633,0,0.0218,0,0.08199389783593357
105031102,9.693,0.24200000000000002,0,1.017,0,0,0,3.4687,3.3117,39.8166,11.817400000000001,0,0.0695,0,0.04769434831261638
105031103,0,0.0617,0,0.2293,0,0,0,55.7784,571.6118,3494.6715,6.2156,0,0,0,0.13845279003861946
105031104,2.0233,0.2528,0.024,0,0,0,0,0,300.482,5081.7735,8.8825,0,0,0,0.0557125148057229
105031105,3.9814,0.2381,0.0549,0.5472,0,0,0,0.5469,45.6877,5871.9617,33.1819,0,0.0537,0,0.007670543236616776
105031106,0.9045,0.16899999999999998,0.12090000000000001,0,0,0,0,115.37389999999999,1.2025000000000001,3403.3964,17.0042,0,0,65.2655,3.3370918747043974e-4
106011107,0.7488,0.0619,0,0,0,0,0,42.326100000000004,21.9425,315.7541,11.4527,0,0,0,0.055934941360399976
106011108,0.5449,0.3812,0.0384,0,0,0,0,28.2593,6.5292,19.2188,14.009500000000001,0,0,0,0.0946517389495414
106011109,0,0.15309999999999999,0,0,0,0,0,991.6127,445.1216,126.4613,6.5459,0,0,0.5395,0.28343857281244716
106011110,0.0567,0.1981,0.0286,0.0912,0,0,0,132.6405,527.5652,1524.4429,61.4031,0,0.067,3.505,0.23447359938005286
106011111,0.2629,0.1857,0.1016,1.2042,0,0,0,48.0945,8.4499,17.6953,14.6204,0,0,0,0.09325108012514553
106011112,0.4761,0.2977,0.0995,13.563,0,0,0,0,2.102,85.7084,24.985,0,0,0,0.016521039960953127
106011113,0,0.057,0,1.471,0,0,0,651.4117,1522.2647,1866.3893,7.9904,0,0,17.6508,0.374275087971929
106021114,0.6696,0.12380000000000001,0.058,0,0,0,0,0.5527,1.3708,22.2663,5.4309,0,0,1.6069,0.042732005361763144
106021115,0.6053,0.668,0,0.2073,0,0,0,5.6549,3.9416,15.9747,13.5377,0,0,0,0.09710885820224442
106021116,0,0.0548,0,0,0,0,0,0.1002,0.6553,64.1383,5.5991,0,0,0,0.00928875073177439
106021117,0.1508,0.4059,0,2.8992,0,0,0,0.1643,2.4924,149.6718,18.6387,0,0,1.0126,0.014206914556159324
106021118,0.0177,0.095,0,2.3474,0,0,0,3.634,1.3449,48.2224,5.8035,0,0,0,0.021880780738275016
106031119,0.6374,0.038,0,0,0,0,0,24.5997,33.4705,3.8164,5.488,0,0,0,0.4918515797207936
106031120,0.10909999999999999,0.0977,0,0,0,0,0,12.9822,3.5768999999999997,0,3.3671,0,0,9.8492,0.11930078513251195
106031121,1.0303,0.1855,0.4429,2.5774999999999997,0,0,0,2.0392,31.160500000000003,0,10.0403,0,0,0,0.656339386892801
106031122,0.29610000000000003,0.2814,0.0132,11.5158,0,0,0,56.127,27.462500000000002,7.1052,6.6852,0,0,0,0.25083024010288035
106031123,0,0,0,0,0,0,0,74.5067,23.8918,137.9315,11.153599999999999,0,0,0,0.09653892217504513
106031124,0.22920000000000001,0.0169,0.0238,0.295,0,0,0,127.6953,46.6447,17.4615,8.3856,0,0,3.5644,0.22829640694530637
106031125,0.05,0.0626,0,0,0,0,0,109.7168,165.1199,34.3223,32.0497,0,0,23.8607,0.45215782815144234
106041126,0.3791,0.2889,0.0724,4.3624,0,0,0,128.99779999999998,1.7446,96.8266,16.9007,0,0,12.8239,0.0066487192659655395
106041127,0.07730000000000001,0.0642,0.0095,0,0,0,0,1953.8774,161.5396,1024.4854,2.4342,0,0,0,0.05140500793065977
106041128,0.6603,0.1285,0.0772,0.4078,0,0,0,1.3025,2.5884,102.4706,10.939,0,0,0,0.021829350879575087
106041129,0.159,0.1875,0.0765,0.3588,0,0,0,288.6339,711.3681,6880.612,44.1996,0,0.06420000000000001,23.2991,0.0894919859125699
107011131,0.27999999999999997,0.43520000000000003,0,0.2389,0,0,0,8.5975,2.7592,34.102,10.1875,0,0,0,0.04874885822159953
107011132,0,0.0325,0,0,0,0,0,14.214500000000001,5.0907,21.891099999999998,3.0113,0,0,0,0.1150698122291767
107011133,0,0,0,12.395999999999999,0,0,0,0,0.3392,0,0,0,0,0,0.02663483887178843
107011134,0.1756,0.1781,0,3.7018,0,0,0,7.0748,6.688,1.075,6.255,0,0,0,0.2659424295081576
107011545,0.0762,0.5831,0,0,0,0,0,0,6.6054,0.265,5.001,0,0,0,0.5271373506667625
107011546,0.4069,0.21409999999999998,0.0446,0.6967,0,0,0,0,2.4077,0,3.2008,0,0,0,0.3453979457164171
107011547,0.188,0.0374,0,0,0,0,0,0,3.5549,0,1.6905000000000001,0,0,0,0.6497952767419755
107021135,0,0,0,0,0,0,0,212.2429,439.3826,0,0,0,0,92.7168,0.5902964267918134
107031136,0.0739,0.2263,0,0,0,0,0,32.0617,12.0037,25.3772,5.3828000000000005,0,0,0,0.15978175215905097
107031137,0.578,0.028,0,0.7707999999999999,0,0,0,0,1.2807,1.3933,2.4827,0,0.6347,0,0.17866409977400183
107031138,0.698,0.10980000000000001,0.039,0,0,0,0,0,0.6612,8.5281,3.8191,0,0,0,0.04772215485882556
107031139,0,0.0323,0,0,0,0,0,1.1045,3.9958,0,2.1284,0,0,0,0.55030987467291
107031140,0.5529,0.0514,0,0.0756,0,0,0,35.934000000000005,65.565,116.998,3.0841,0,0,0,0.2949910240663004
107031141,0.0392,0.1828,0,0.0136,0,0,0,0.9413,9.2102,32.519800000000004,6.6745,0,0,0,0.1857591758199647
107031142,0.4459,0.3598,0.0599,0.4459,0,0,0,0,0.9837,0,3.7558,0,0,0,0.16256817055032227
107031143,0.030100000000000002,0.23909999999999998,0.0254,0.2333,0,0,0,0,2.4596999999999998,0,6.5073,0,0,0,0.25905486103065856
107041144,0.284,0.8027,0,0.1759,0,0,0,0,3.0643,0,7.9369,0,0,0,0.24986545768848153
107041145,0.1516,0.3991,0,1.8798000000000001,0,0,0,0.9525,2.4936,0,5.1882,0,0,0,0.22536331429397727
107041146,0.1274,0.9050999999999999,0.0408,0.009,0,0,0,0.8137,8.2334,0,8.6835,0,0,0,0.4376465085127758
107041147,1.1056000000000001,0.0671,0.9501,0.7546999999999999,0,0,0,87.1682,58.1507,0,5.6415,0,0,0.9994000000000001,0.3755600233277124
107041148,0.0892,0.0679,0.0271,0.0584,0,0,0,1.6033,5.4013,0,8.9086,0,0,0,0.33432575298035383
107041150,0.1164,0.3208,0.0288,0.5938,0,0,0,3.2255,4.3132,0,7.1862,0,0,0,0.27325194650516005
107041548,1.3924,0.1092,0,0.46249999999999997,0,0,0,0,1.7429,0,1.7967,0,0,0,0.3166778712502498
107041549,0.1425,0.2919,0.0603,0.1494,0,0,0,0,0.5259,0,4.4892,0,0,0,0.09292832909245123
108011151,0,0.12769999999999998,0,0,0,0,0,769.7307,831.2642999999999,618.3064,11.2933,0,0,103.3021,0.3561506316664628
108011152,0.8804,0.2679,0.09820000000000001,0.1666,0,0,0,4.2327,18.8639,0,8.4536,0,0,0.9097,0.5569007764296047
108011153,0,0.09620000000000001,0,0,0,0,0,322.7333,213.6818,99.2969,17.6323,0,0,96.0368,0.2851077677736204
108011154,1.0178,0.0286,0.0163,0,0,0,0,0.619,10.6575,0,3.3121,0,0,0.0185,0.6801299314605165
108021155,0.8879,0.41250000000000003,0.12179999999999999,0.7903,0,0,0,50.3031,8.3082,123.5572,10.362,0,0,0.4132,0.042572052540477835
108021156,0.1801,0.11599999999999999,0,0,0,0,0,1461.7926,1165.193,985.221,11.9962,0,0,2.7604,0.32123234200543643
108021157,0.1684,0.2245,0.0351,0.545,0,0,0,38.1805,10.5157,13.188400000000001,15.809099999999999,0,0,5.1263,0.12549616316398746
108021158,0.1541,0.20370000000000002,0,0.2454,0,0,0,0,18.0632,0,9.051,0,0,3.333,0.5817380774482777
108021159,0,0.0985,0,0,0,0,0,144.4686,590.2692,615.6944,5.4812,0,0,0.0868,0.4352700876418509
108021160,0.0286,0.033,0,0.0661,0,0,0,12.4282,28.2088,0,4.9946,0,0,0.208,0.6136710226617617
108031161,0,0,0,0,0,0,0,0,12.7464,0,3.1109,0,0.4345,0,0.7823813206643834
108041162,0.1948,0.3375,0,1.1869,0,0,0,57.2287,295.2965,130.9742,12.0925,0,0,27.5954,0.5625697147968257
108041163,0.458,0.36110000000000003,0.0497,0.27949999999999997,0,0,0,0,29.1752,0,11.7645,0,0,0,0.6931952100361148
108041164,2.4273,0.6346999999999999,0.1717,1.3873,0,0,0,14.576699999999999,2.9674,16.0397,9.1413,0,0,6.8208,0.05478253324447218
108041165,0,0.063,0,0,0,0,0,516.9606,1294.2346,1051.2432,5.0608,0,0,4.1851,0.4506784423545901
108041166,2.4342,0.1963,0.02,0,0,0,0,30.293200000000002,38.2295,88.946,26.4357,0,0,8.3064,0.1961882631389609
108051167,0.0708,0.1747,0.0387,0.937,0,0,0,437.4816,1183.2673,1298.2324,13.6,0,0.0651,0,0.40331312156008675
108051168,1.827,0.0867,0,0,0,0,0,72.9731,48.2947,61.9247,21.9831,0,0,2.5289,0.23039363948359445
108051169,2.4569,0.7113999999999999,0.30619999999999997,0.4017,0,0,0,20.4098,4.8365,75.066,20.8281,0,0,0.102,0.038655323828751274
108051170,0.2017,0.1684,0,0.1187,0,0,0,1137.2932,745.5451,1449.6187,9.5868,0,0,2.4004,0.22288790238847833
108051171,0.256,0.1505,0,0,0,0,0,0,1.2106999999999999,49.8392,10.0744,0,0,0,0.01967632470242545
109011172,2.7513,1.4686000000000001,0.1395,2.3054,0,0,0,6.8867,5.2405,68.5698,14.1034,0,0.0488,0,0.051623421400003935
109011173,0.3933,0.3305,0.0203,0,0,0,0,3.3217,2.1106,10.6174,7.3614,0,0,0,0.08737663111876531
109011174,2.0825,0.3152,0.042,0,0,0,0,12.2974,15.7434,12.4336,5.5074,0,0,0,0.3251324308416716
109011175,0.2345,0.473,0.044,0.6008,0,0,0,29.6727,556.6783,4701.2283,109.7561,0,0,3.2395,0.10305179603308984
109011176,0.3388,0.3,0,2.1256,0,0,0,0,3.8221,4.947,9.9335,0,0,0,0.17804537196627382
109021177,2.638,12.133000000000001,0.0393,0,0,0,0,0,36.4674,13850.7782,6.338,0,0,14.503599999999999,0.002619239278318324
109021178,0,0.296,0.1094,0.6817,0,0,0,4.1425,84.0679,207.809,25.522100000000002,0,0,0,0.2605717534031391
109021179,8.5404,0.10419999999999999,0.0278,0,0,0,0,0.4,2016.2913,46189.7136,15.505600000000001,0,0,1492.1279,0.04055071148695296
109031180,0.3933,0.2593,0.0334,1.1936,0,0,0,1.1712,19.4174,45.4518,5.5577,0,3.0968,0.6294,0.2515080196725813
109031181,0.1029,0.1526,0.0316,8.49,0,0,0,5.7802999999999995,84.6078,4310.8115,17.3811,0,0,67.8456,0.01882179569449516
109031182,2.8709,0.2054,0.0395,10.104600000000001,0,0,0,4.4724,9.7131,103.3822,12.42,0,0,0,0.0678250741403594
109031183,0,0.1465,0.0464,0,0,0,0,0.5789,907.0164,17384.8193,19.3336,0,0,26.2484,0.0494605206255503
109031184,1.2555,0.0313,0,1.0931,0,0,0,2.665,34.9172,123.4943,3.6452,0,0,0,0.20895790345514348
109031185,3.0791,0.2798,0.1185,1.6615,0,0,0,7.0125,62.2698,4926.6213,10.0046,0,0,0,0.012426504632135666
110011186,0.6859,3.1388,0.0491,1.8557,0,0,0,4.2986,8.9493,241.8262,13.7661,0,0.0298,0,0.03259037252434909
110011187,0.15,0.1217,0.0732,0,0,0,0,909.7612,1073.1784,4093.3406,11.407399999999999,0,0,10.2028,0.1759817959139753
110011188,0.2006,0.047799999999999995,0,0,0,0,0,155.09959999999998,45.0889,3060.4501,18.8906,0,0,0.5016,0.013745445814490425
110011189,0,0.0856,0,0,0,0,0,729.2295,2147.7683,3860.5004,4.9514000000000005,0,0,0,0.31854016868907115
110021190,0.1149,0.1009,0.0815,0.2533,0,0,0,396.2853,1394.5891000000001,3628.5591,59.9929,0,0,0,0.25448813015091126
110021191,0.4207,0.3227,0.2127,1.1776,0,0,0,36.8621,2.3278,158.237,8.1011,0,0,0,0.011209577885570617
110021192,0,0.0724,0.0431,0,0,0,0,499.74899999999997,483.8329,8264.8069,8.7957,0,0,17.2669,0.052167708230127695
110021193,0.0327,0.2203,0.0816,0,0,0,0,237.76170000000002,254.0645,7743.5943,13.9298,0,0,33.9548,0.03067063624218229
110021194,0.0172,0.12390000000000001,0.0429,0,0,0,0,2079.8949000000002,1765.9613,3465.3736,11.379199999999999,0,0,0,0.24115952751907638
110031195,0.5356,0.2414,0.0944,3.737,0,0,0,18.7262,7.4504,31.0181,7.315,0,0,0.279,0.10735895303982444
110031196,0.7934,0.3587,0,0.837,0,0,0,0,221.2867,19578.0382,9.8231,0,0,0,0.011169813165343245
110031197,0.2447,0.24539999999999998,0,1.7727,0,0,0,32.446,3.6938,136.513,5.2364,0,0.211,0,0.02047981016062052
110031198,0.0429,0.2238,0.0496,1.2862,0,0,0,359.5017,3239.6223,8359.7649,5.1526,0,0,0,0.27074366411034795
110041199,0.49670000000000003,0.424,0.061,1.895,0,0,0,1.6927,10.3927,18.346800000000002,56.7168,0,0.12940000000000002,0,0.11527578584017986
110041200,0.032,0.1551,0,0.0682,0,0,0,115.46879999999999,303.3948,5310.8929,35.6226,0,0.22669999999999998,0,0.05261916559176217
110041201,0,0.1423,0.095,0,0,0,0,1.6251,67.681,4984.4131,22.739,0,0,1.1468,0.01332869277960838
110041202,0.4349,0.9076000000000001,0,0.5534,0,0,0,8.1571,2.5386,73.0546,16.5344,0,0,0,0.02484424636379117
110041203,0.98,0.639,0.2638,0,0,0,0,0,8.9864,54.4547,10.7184,0,0,0,0.11817633080535436
110041204,3.047,0.1417,0,3.3773,0,0,0,0,1.5470000000000002,51.2599,3.1492,0,0,0,0.024743250786521887
110041205,0,0.311,0.0378,0,0,0,0,396.9978,285.5847,8212.2609,42.9615,0,0,42.3304,0.03180059079443167
111011206,0.283,0.3739,0,0.4051,0,0,0,1.1987,12.3332,0,7.1708,0,0,0.4472,0.555251914514292
111011207,0,0.0748,0,0,0,0,0,0,4.4382,0,2.2938,0,0,0,0.6520244461420932
111011208,0.2523,0.4767,0.0202,0.7793,0,0,0,0,9.9267,0,10.8244,0,0,0,0.4455510870931255
111011209,0.5321,0.7223999999999999,0.0648,2.0368,0,0,0,1.8978,4.6261,0,12.0375,0,0,0,0.211068780654728
111011210,0.1317,0.1148,0,0,0,0,0,0.8257,1.2301,0,3.9631,0,0,0,0.1963322373671274
111011211,0.3151,0,0,0.845,0,0,0,0,1.5019,0,1.0206,0,0,0,0.4078368543963504
111011212,0.1195,0.2012,0,0.0628,0,0,0,7.5579,18.1765,0,6.289,0,0,0,0.5608836389781189
111011213,0,0.11560000000000001,0,0,0,0,0,0.35150000000000003,4.289,0,5.2188,0,0,0,0.4299792479122597
111011214,0.2993,0.1709,0.0229,2.2271,0,0,0,0,3.2259,0,6.5941,0,0,0,0.2572447010414507
111021215,0.2725,0.36929999999999996,0,0,0,0,0,7.6731,5.368,2.1488,6.138,0,0,0,0.24433651802254927
111021216,0.0899,0,0,0,0,0,0,2.3930000000000002,2.3103000000000002,0,5.3661,0,0,0,0.2274074001161497
111021217,0.0961,0.1165,0.0167,1.4959,0,0,0,2.466,4.5969,0.2738,6.5458,0,0,0,0.29452770107062537
111021218,0.0936,2.4879000000000002,0.9982,12.4157,0,0,0,143.7607,98.8655,54.5502,13.3822,0,0.097,3.8698,0.29912035793208774
111021219,0.1922,0.46340000000000003,0.0274,5.1651,0,0,0,25.066200000000002,4.1302,0,8.6181,0,0,0,0.09459354229935919
111021220,0.0433,0.1017,0.0058,2.3080000000000003,0,0,0,0.8174,4.8514,0,5.0439,0,0,0,0.36832555137987316
111021221,0,0.2141,0,1.1452,0,0,0,38.8275,28.217,0,3.6292,0,0.5083,0,0.3889784164331216
111031222,0.5164,0.2629,0,0,0,0,0,0,1.908,0,5.3309,0,0,0,0.23795864408470727
111031223,0.0143,0.1861,0,3.545,0,0,0,3.9089,38.3056,8.0093,5.2031,0,0,0.085,0.646428372538067
111031224,0.9039,0.1857,0.0088,0.5729,0,0,0,0,1.4916,0,3.2774,0,0.3059,0,0.22110225015564317
111031225,0.1862,0.10880000000000001,0.9488,0,0,0,0,0,3.5953,0,5.7094,0,0,0,0.3408351898374176
111031226,0.025,0.1704,0,0.2184,0,0,0,0,10.2625,0,6.075,0,0.5122,0,0.5944623048628609
111031227,0.33340000000000003,0.11499999999999999,0.0372,1.5908,0,0,0,0,0.9571999999999999,0,4.5036,0,0,0,0.1269967627235578
111031228,0.0752,0.1357,0.0131,0,0,0,0,0,3.3157,0,3.7067,0,0,0,0.4575651357915655
111031229,0.8076,0.0963,0.0569,0,0,0,0,0,1.3247,0,1.6949,0,0,0,0.3328057481660135
111031230,0,0,0,16.5501,0,0,0,0,14.3382,0,0,0,0,0,0.4641951806994882
111031231,0.09609999999999999,2.0000999999999998,0,0.5627,0,0,0,0,6.4779,0,3.4523,0,0.1195,0,0.5097256975591332
111031232,0.1885,0.0422,0.0135,0,0,0,0,1.0989,15.5239,8.1891,5.457,0,0,0,0.5087618105010634
111031233,0.1958,0.2041,0.0584,0.2831,0,0,0,2.4534,10.3839,0.41459999999999997,7.5266,0,0,0,0.4825254764195001
111031234,0.12969999999999998,0.1406,0.10389999999999999,0,0,0,0,0,0.9823000000000001,0,3.7575,0,0,0,0.1920805631599531
111031235,0.6008,0.19519999999999998,0,0.1191,0,0,0,0,0.5477,0,2.0686,0,0.0203,0,0.15420784413097952
112011236,4.3628,0.3849,0.0557,0.9861,0,0,0,3.4642,10.4937,7.396599999999999,8.7995,0,0,0.1864,0.2904436491659263
112011237,0.0266,0.157,0,0.4701,0,0,0,71.1388,9.9873,307.8809,8.3506,0,0,8.5374,0.024566060597414282
112011238,0.0527,0.0145,0,0,0,0,0,2.3064,0.2971,176.8516,7.007,0,0,0,0.0015927792577359158
112011239,0,0.0567,0,0,0,0,0,5.8932,20.9651,22.6582,4.7378,0,0,0.1344,0.38506650699599965
112011240,1.1708,0.15,0.0791,0.4522,0,0,0,8.8524,5.929,16.5569,6.4754,0,0,0.1114,0.14905523767384332
112011241,0,0.2879,0,2.2236,0,0,0,180.8801,246.5245,61.0603,52.274300000000004,0,0,0.2855,0.45355672722442403
112011242,0.6484,0.1429,0,0,0,0,0,6.2004,11.5801,13.272300000000001,6.0018,0,0,0,0.3059803043394397
112011243,0.2963,0.0948,0.0459,0.13119999999999998,0,0,0,77.5951,43.1969,137.6478,9.0671,0,0,0,0.1611373081647643
112021244,0.1907,0.2615,0.0635,0.9550000000000001,0,0,0,2.0199,1.7104,117.27029999999999,16.4868,0,0,0,0.012308746305541025
112021245,0,0.1313,0.0216,0,0,0,0,995.5743,882.45,2058.0604,13.864799999999999,0,0,0,0.22339927187710376
112021246,0.0776,0.12439999999999998,0,0.4589,0,0,0,1.8667,0.35,12.7256,9.6237,0,0,0,0.01387407886026424
112021247,0.1014,0.1243,0.0541,0,0,0,0,213.5759,655.9027,1105.5687,4.4322,0,0,0,0.3313042651195022
112021248,1.5715,1.4669,0.1276,1.9003,0,0,0,0.3301,4.5706,41.0447,10.7563,0,1.5418,0,0.07219419426376326
112021249,0,0.1153,0,0,0,0,0,84.7585,100.2818,1031.1107,16.9758,0,0,0,0.08131558272297063
112031250,0.4806,0.4084,0,1.5729000000000002,0,0,0,0.3263,8.0574,21.1233,6.067,0,0,0.3996,0.20963432243628938
112031251,0.4411,0.532,0.039599999999999996,1.517,0,0,0,0.1948,1.906,13.842,5.2135,0,0,0.6008,0.07847884447518817
112031252,0.1405,0.07,0,0,0,0,0,230.3758,183.0679,474.7976,17.3345,0,0,2.474,0.2015588482729015
112031253,0.1286,0.0725,0.0114,0,0,0,0,54.3093,25.5672,101.2692,5.9535,0,0,2.1518,0.13494525330736526
112031254,0.2905,0.0637,0.0673,0.2576,0,0,0,40.429899999999996,2.3118,46.0288,6.8843,0,1.7731,2.1798,0.02305188718754612
112031550,0.046700000000000005,0.2318,0.0082,0,0,0,0,0,1.3455000000000001,0,7.6845,0,0,0.1257,0.1424955519783106
112031551,0,0.0285,0,0,0,0,0,2.6573,0.0937,22.1831,3.5681,0,0,0.494,0.0032282848746068003
112031552,0.8755999999999999,0.2034,0.0082,0.1245,0,0,0,1.3277,2.9867,0,2.8142,0,0.0599,0.055999999999999994,0.3531964712282113
113011256,2.6083,0.5747,0.1417,2.5364999999999998,0,0,0,0,10.3877,27.8276,12.2565,0,0,0,0.18439813253332862
113011257,2.233,0.4726,0.0185,4.5188,0,0,0,0,1092.1518,21832.4803,18.5138,0,0,69.8155,0.04744318450727216
113011258,0.2286,2.2923,0.058499999999999996,1.5296,0,0,0,0.06,1.4362,346.6507,21.6188,0,0,0,0.0038413939215464427
113011259,0.5076,0.3294,0.0419,0.3545,0,0,0,0,708.5424,4670.6196,23.8793,0,0,5.0018,0.1309865376635859
113021260,0.1365,0.1833,0.0515,0,0,0,0,46.5649,2895.9613,1569.3911,5.8866,0,0.4882,2.05,0.6405982958353432
113021261,0.0923,0.2024,0.0753,2.9923,0,0,0,0,3.5931,27.2129,6.1404,0,0,0,0.08913956540399467
113021262,0.2217,0.162,0.0159,0.683,0,0,0,260.0399,2492.5548,1782.8215,15.0303,0,0,62.2133,0.5402457666470498
113031263,1.2414,0.2304,0.13479999999999998,1.3348,0,0,0,0.3334,19.0824,1624.0704,9.3546,0,0.3401,0,0.011522337450561472
113031264,0.1915,0.1211,0,0.3005,0,0,0,3.2806,2.4977,2350.7202,5.4125,0,0,0,0.0010572167284981346
113031265,0.1603,0.1422,0.0731,0,0,0,0,0,35.556799999999996,1928.9151,6.0271,0,0,0,0.018041127527849816
113031266,4.3847,0.2032,0.0513,0.3678,0,0,0,3.8794,88.449700000000007,3330.2892,6.6367,0,0,0,0.02575508216903661
113031267,0.22669999999999998,0.621,0.0334,3.3026,0,0,0,4.1328000000000005,2.2343,17.601100000000002,24.6757,0,0,1.2153,0.04134308114479423
113031268,0,2.7872,0,0.9636,0,0,0,0.9358,0.653,41.7021,6.6359,0,0,0,0.012165223482420972
113031269,0.3238,1.0488,0.0806,0.2145,0,0,0,0.0384,3.0058000000000002,3.4846999999999997,21.2392,0,0,0,0.1021137526413415
113031270,0.876,0.1319,0.0933,1.5465,0,0,0,5.0411,6.8443,18.3936,22.0124,0,0,0,0.12457976195460065
113031271,2.9727,0.3831,0.0505,0.5571,0,0,0,0.0809,162.2917,9130.7253,23.4807,0,0,14.1455,0.017385873924542196
114011272,0.13369999999999999,0.0859,0,0.1193,0,0,0,316.7402,78.7731,134.6927,5.6486,0,0,0.8949,0.14666691740130672
114011273,0,0.0331,0,0,0,0,0,96.7375,64.3969,0,5.7414000000000005,0,0,0,0.38582064826980467
114011274,0.1276,0.0475,0,0.0157,0,0,0,15.2721,10.0702,44.7717,4.5641,0,0,1.5328,0.1318059676682587
114011275,0,0,0,0,0,0,0,212.4246,1780.0275,152.0097,0,0,0,0,0.8300579194276158
114011276,0.2331,0.2773,0,0.2239,0,0,0,13.9447,12.376100000000001,0,3.8452,0,0,0.107,0.3991350423932429
114011277,0.2694,0.3093,0.0298,0.6336,0,0,0,36.9125,8.3648,43.5841,9.6283,0,0,0,0.08387294724450979
114011278,0.9287,0.6563,0.05310000000000001,3.1377,0,0,0,25.8083,16.644099999999998,37.9968,16.4548,0,0,0,0.1636913133188696
114011279,0.3255,0.0588,0.1063,0,0,0,0,9.8538,16.8676,0,13.1812,0,0,36.5464,0.2192317090289006
114011280,0.082,0.0302,0,0,0,0,0,23.8029,5.0013,0,10.6397,0,0,0.2828,0.12553810471674667
114011281,0,0.014,0,0,0,0,0,294.2934,7.1623,46.2532,28.2532,0,0,0,0.01904988109616542
114011282,0.4701,0.3086,0,0.5157,0,0,0,6.7646999999999995,12.6431,14.6253,10.9054,0,0,0.5437,0.2702868528281235
114011283,0,0,0,0,0,0,0,165.4425,326.714,170.7688,11.2211,0,0,3.4684,0.4821529872133844
114021284,0.3576,0.7569,0.0499,0.459,0,0,0,9.273,2.4422,27.3111,14.9223,0,0,0,0.04394659180882459
114021285,0,0.0844,0,0,0,0,0,90.0517,70.7396,8.0245,5.475,0,0,0,0.4056746601580959
114021286,0.3307,0.6427999999999999,0,1.1034,0,0,0,1.4767000000000001,20.6971,38.6143,10.8917,0,0,0,0.2806131510764446
114021287,0.5563,0.9101,0,3.6134000000000004,0,0,0,4.7456,3.1478,95.5421,9.5998,0,0,0,0.0266502758749728
114021288,0.1333,0.0878,0,0,0,0,0,43.8924,196.3876,244.4759,2.9733,0,0,10.543800000000001,0.3939617339503116
114021289,0.08,0.1162,0.0487,0,0,0,0,379.2059,411.215,608.8957,10.1398,0,0,0,0.29170363962918955
115011290,0.1329,0.2413,0.0281,0,0,0,0,0,1.0749,0,6.6587,0,0.1722,0,0.129379761919091
115011291,1.7652,0.2668,0.1386,0,0,0,0,0.2402,1.5352999999999999,0,6.7514,0,0.212,0.0536,0.14004250622542894
115011294,0.0512,0.0836,0.0769,0,0,0,0,3.573,0.40049999999999997,0,3.0457,0,0,0,0.05538729618719661
115011296,0.2761,0,0,0,0,0,0,0,1.8646,0,5.6884,0,0,0,0.23816275178500723
115011553,0.0239,0.1585,0,1.4962,0,0,0,0,0.2839,0,2.1887,0,0,0,0.06838986317209482
115011554,0,0.22410000000000002,0,0,0,0,0,0,0.0876,0,1.7603,0,0,0,0.042277992277992275
115011555,0.1784,0.1985,0,0.1523,0,0,0,0,1.3878,0,4.8979,0,0,0,0.20364201969214515
115011556,0.0893,0.0519,0.0046,0,0,0,0,0,0.5158,0,3.4661,0,0,0,0.12496063182886354
115011557,0,0.1393,0,0,0,0,0,0,0.1013,0,1.3957,0,0,0,0.06190796308745341
115011558,0.0356,0.2339,0,0,0,0,0,0,2.3245,0,5.6574,0,0,0,0.2817097704631941
115011559,0.08109999999999999,0.3455,0,0,0,0,0,0,1.0145,0,9.1999,0,0,0,0.09533878394887699
115021297,0.5466,0.5425,0,0,0,0,0,284.552,77.2608,8.340399999999999,6.2973,0,0,0,0.20464290368480553
115021298,0.0212,0.2431,0,0,0,0,0,86.3352,103.1882,0,1.9113,0,0,0,0.5382824114888445
115031299,0,0.0336,0,0,0,0,0,293.8779,1856.8742,6.792300000000001,2.5821,0,0,0,0.8596002675912771
115031300,0,0.2965,0,0,0,0,0,172.3948,53.8796,95.6961,9.583,0,0,0,0.16236130781979807
115041301,0,0.2066,0,1.0025,0,0,0,37.2219,3.6373,35.4071,4.0762,0,0,0,0.04460120954095321
115041302,0.2717,0.25129999999999997,0,1.9388,0,0,0,7.12,2.0616,16.9496,8.0795,0,0,0,0.056216511009612107
116011303,0.6289,0.30210000000000004,0.1407,2.5653,0,0,0,0.023,0.4658,0,3.5916,0,0.2579,0,0.05840532644540016
116011304,0,0.2768,0,0,0,0,0,0,1.2623,0,5.3334,0,0.5104,0,0.17097617467390863
116011306,0.0932,0.2614,0,0,0,0,0,0.5789,3.3691999999999998,0,5.6079,0,0,0,0.3399592355659597
116011307,0.0494,0.3009,0,2.4715,0,0,0,0,1.3754,0,7.5707,0,0.0319,0,0.11656129764911267
116011308,2.3771,0.2409,0,0.4424,0,0,0,0,1.3982,0,6.7003,0,0.0444,0,0.12480251354511618
116011560,0,0.2235,0,0,0,0,0,0,0.2005,0,2.9354,0,0,0,0.0596832767756147
116011561,0.016,0.2446,0,0,0,0,0,0,0.3903,0,4.0244,0,0,0,0.08348127392894573
116021309,0,0.09509999999999999,0,0,0,0,0,0,1.045,0,3.4372,0,0.5413,0,0.20415738678544917
116021310,0.2341,0.1894,0,0,0,0,0,0,2.0138,0,7.3759,0,0,0,0.20521338605144093
116021312,1.1340999999999999,0.5738,0,2.085,0,0,0,11.5286,2.0797,54.7355,4.927,0,2.3573,0,0.0261857695068055
116021562,0.0253,0.0344,0,0,0,0,0,0,0.063,0,0.7938,0,0.0301,0,0.06655398267483625
116021563,0.0678,0.658,0,0,0,0,0,0,1.0442,0.4773,5.4624,0,0.0578,0,0.13443192790473124
116031313,0.0543,0.3389,0,0,0,0,0,0,0.6826,0,5.0192,0,0,0,0.11199343724364233
116031314,0,0.06520000000000001,0.0445,1.8186,0,0,0,0.3233,0.6993,0,1.9216,0,0.27,0,0.13598444336412252
116031315,0.1241,0.2068,0,0,0,0,0,0.0894,0.9765,0,4.8085,0,0,0,0.15736547789792596
116031316,0.0595,0.2995,0,0,0,0,0,0,5.5427,0,5.3655,0,0,0,0.49193233456404434
116031317,0.48569999999999997,0.4371,0.15059999999999998,0.5539,0,0,0,0,2.038,0,5.0202,0,0,0,0.2346439468078982
116031318,11.2626,0,0,7.0192000000000005,0,0,0,0,7.3636,0,0,0,0,5.0463,0.23992154230622612
116031319,1.7852,0.286,0.1072,2.6051,0,0,0,3.0905,1.2414,0,5.509,0,0,0,0.08488553376548781
117011320,0,0,0,2.5643,0,0,0,0,0.10830000000000001,0,0,0,0.6957,0,0.03215271798830271
117011321,0.0595,0.0261,0,0.7742,0,0,0,0,0.967,0,1.5063,0,0,0.0977,0.2818584586685321
117011322,0.298,0.1177,0,0.7949,0,0,0,0,1.9136,0,2.6825,0,0.1729,0.1854,0.310397404703974
117011323,0.1123,0.1115,0,0.3209,0,0,0,0,0.8557,0,1.7183,0,0,0,0.2743771443229551
117011324,0,0,0,2.3836,0,0,0,0,0.4208,0,0,0,0,0,0.1500499215518471
117011325,3.1508,0,0,0,0,0,0,0,0,0,0,0,5.6962,0.0636,0
117021326,0.1014,0.2243,0.0098,1.0007,0,0,0,0,0.764,0,3.5646,0,0.1479,0,0.1314363376744026
117021327,0.048100000000000004,0.2386,0.0014,0.022699999999999998,0,0,0,0,0.0804,0,2.6121,0,0,0,0.026770552392368394
117021328,0.2757,0.0777,0,1.0121,0,0,0,0,0.8912,0,1.3531,0,0.2441,0,0.23124627001219544
117031329,0.1877,0.0358,0,0,0,0,0,0,0,0,0.6104,0,0.023,0,0
117031330,0.5608,0.0545,0,1.7209,0,0,0,0,0.6105,0,1.3733,0,0,0,0.14131944444444444
117031331,0.2448,0.061,0,0,0,0,0,0,0.3595,0,1.6321,0,0.004399999999999999,0,0.156182118342167
117031332,0.3149,0.7823,0.0535,0.0445,0,0,0,0,0.19090000000000001,0,1.8951,0,0,0,0.058179934170425454
117031333,0.143,0.0322,0,0,0,0,0,0.2641,0.167,0,0.8528,0,0,0,0.11445411555068193
117031334,0.5803,0.0969,0,0,0,0,0,0,0,0,0.7778,0,0.0363,0,0
117031335,0.6153000000000001,0.0484,0,0,0,0,0,0,0.0572,0,1.3013,0,0.1409,0,0.02644353011881097
117031336,0.2359,0.0207,0,0,0,0,0,0,0.11499999999999999,0,0.9448,0,0,0,0.08735946520814342
117031337,2.5085,0.0448,0,0,0,0,0,0,0.9769,0,0.4226,0,0.3406,0,0.22753528671915033
117031338,0.5462,0.0496,0,0.4537,0,0,0,0,0.129,0,2.4024,0,0,0,0.036024463123795696
118011339,0.0047,0.0427,0,0,0,0,0,0,0.4687,0,1.9802,0,0,0,0.187757881664864
118011340,0.0218,0.026,0,0,0,0,0,0,0.4409,0,1.9718,0,0,0,0.17919122129648446
118011341,0.1506,0.12090000000000001,0.027,0,0,0,0,0,0.5255000000000001,0,1.6341,0,0.0653,0,0.20825077276690182
118011342,0,0,0,0,0,0,0,0,1.7625,0,0,0,0,0.21610000000000001,0.8907813605579703
118011343,0.1791,0.1674,0.0015,0,0,0,0,0,0.334,0,4.032,0,0,0,0.07085277895630038
118011344,0,0.036500000000000005,0,0,0,0,0,0,0.195,0,1.639,0,0,0,0.10425020048115477
118011345,0.7375999999999999,0.1094,0.0198,0,0,0,0,0,1.4453,0,1.3995,0,0.0061,0.0073,0.38800000000000007
118011346,0.0516,0.1659,0,0,0,0,0,0,2.004,0,2.9146,0,0,0,0.3901793189384942
118011347,0.013000000000000001,0.0201,0,0,0,0,0,0,0.08650000000000001,0,1.1609,0,0,0,0.06755173760249904
118021348,0.0043,0.0571,0,0,0,0,0,0,0.6592,0,3.1149999999999998,0,0,0,0.17186359370111587
118021350,0.0316,0.2163,0,0.347,0,0,0,0,5.7128,0,5.5177,0,0,0,0.4830957092360513
118021564,0.0151,0.4694,0,0,0,0,0,0,0.7038,0,1.4539,0,0,0,0.26636893497842706
118021565,0.0074,0.0081,0,0,0,0,0,0,0.005,0,1.9936,0,0,0,0.002482498386376049
118021566,0,0.0503,0,0,0,0,0,0,0.1425,0,1.6184,0,0,0,0.07867712014134275
118021567,0.031299999999999994,0.0752,0,0,0,0,0,0,0.37120000000000003,0,1.5873,0,0,0,0.17975786924939469
118021568,0.0126,0.0721,0,0,0,0,0,0,0.611,0,1.3248,0,0.0259,0,0.2985731039874902
118021569,0.0844,0.061700000000000005,0.0336,0,0,0,0,0,0.0512,0,1.7047,0,0,0,0.02645174622855962
118021570,0.9191,0.1955,0.1438,0,0,0,0,0,0.1534,0,1.928,0,0,0.0328,0.04548419616912768
119011354,0.0949,0.2694,0.0623,0,0,0,0,0,3.0212,0,5.4683,0,0,0,0.3388477024708112
119011355,0.1338,0,0,3.7098,0,0,0,0,0.0121,0,0.1944,0,0,0,0.002987580553566579
119011356,3.1062,0.0978,0,3.0925,0,0,0,0,1.0564,0,2.6507,0,0,0,0.10560198328601703
119011357,0.2527,0.1508,0.0089,0.7477,0,0,0,0,0.3192,0,5.5024,0,0,0,0.045719523898190985
119011358,0.1003,0.1706,0,0.5604,0,0,0,0,1.392,0,4.2858,0,0,0,0.2138544499239526
119011359,0.0639,0.6531,0,0,0,0,0,0,6.5383,0,7.1114,0,0.0242,0,0.4543357260491005
119011360,0.1456,0.2085,0.0085,0,0,0,0,0,0.6103,0,4.1196,0,0,0,0.11984290623465879
119011361,0.0781,0.1906,0,0.0305,0,0,0,0,0.6435,0,4.609,0,0.0079,0,0.11574573710338872
119011571,0.3614,0.1752,0.0064,0,0,0,0,0,0.0955,0,2.1021,0,0,0,0.03484638400350288
119011572,0.1513,0.1355,0.0547,1.2282,0,0,0,0,0.3429,0,2.5106,0,0,0,0.0775230602278893
119021362,0.1596,0.048999999999999995,0,0.1576,0,0,0,0,0.3338,0,3.8056,0,0.0079,0,0.07395591004763487
119021363,0.1942,0.0744,0.0402,0.2027,0,0,0,0,0.2686,0,3.9976,0,0,0,0.056219519852648774
119021364,0.043699999999999996,0.1258,0,0.7604,0,0,0,0,1.5617,0,5.687,0,0.023,0,0.19041406554818574
119021366,0.0938,0.1211,0,0.7056,0,0,0,0,0.5171,0,3.8082,0,0,0,0.0985740973731366
119021367,0.2583,0.0555,0.0067,0.0837,0,0,0,0,0.3495,0,2.8879,0,0.0045,0,0.09585584597240887
119021573,0.1353,0.0714,0.0172,0.1118,0,0,0,0,0.0779,0,1.773,0,0,0,0.03562608616116345
119021574,0.0148,0.0876,0,0,0,0,0,0,0.0868,0,1.2041,0,0,0,0.06229814110385416
119031368,0.3388,0.1206,0.013999999999999999,0,0,0,0,0,0.1178,0,3.0489,0,0,0,0.03236174830361803
119031369,0.0341,0.1129,0.011300000000000001,0,0,0,0,0,1.4597,0,4.4984,0,0,0,0.23865345628147275
119031370,0.1266,0.0954,0.008,0,0,0,0,0,0.3322,0,2.8152,0,0.0135,0,0.09796809106726828
119031371,0.040999999999999995,0.2064,0,0,0,0,0,0,0.5441,0,3.4921,0,0.0713,0,0.12493972307056421
119031372,0.0155,0.1785,0.0143,0.6862,0,0,0,0,1.182,0,5.3543,0,0,0,0.15906766431608976
119031373,0.0712,0.0813,0,0,0,0,0,0,0.7232,0,1.8976,0,0,0,0.2607723650524646
119031374,0.0764,0.1496,0.0054,0.0174,0,0,0,0,0.7961,0,5.1705,0,0.0252,0.0083,0.12739842212229352
119041375,0.177,0.0681,0,0.3862,0,0,0,0,1.4656,0,2.7065,0,0.1892,0,0.29355446060169055
119041376,0.1479,0.129,0,0,0,0,0,0,0.497,0,4.5039,0,0,0,0.09416802455568608
119041377,0.1188,0.1736,0,0.0136,0,0,0,0,0.3357,0,3.0749,0,0.07050000000000001,0,0.08864302500594123
119041378,0.139,0.2123,0.0813,0.1097,0,0,0,0,0.3472,0,1.3022,0,0.028,0,0.15641753390097762
119041379,0.0413,0.0217,0.015,0.12440000000000001,0,0,0,0,0.4911,0,2.7593,0,0.0505,0,0.1401821140067936
119041380,0.0623,0.075,0,0,0,0,0,0,0.9269999999999999,0,2.2395,0,0,0.0761,0.2742684694813456
119041381,0.2968,0.0448,0.0195,0.2536,0,0,0,0,0.5412,0,2.3338,0,0.0863,0,0.15134228187919463
119041382,0.07339999999999999,0.0638,0.0057,0,0,0,0,0,0.8967,0,3.5719,0,0,0,0.19444866095630492
120011383,0.030100000000000002,0.092,0.0022,0,0,0,0,0,1.8411,0,4.3538,0,0,0,0.29135017090770987
120011384,0.3342,0.24450000000000002,0.2215,0.10350000000000001,0,0,0,0,0.7734000000000001,0,3.2138,0,0.12840000000000001,0.0837,0.15155790711346268
120011385,0.1232,0.035699999999999996,0.013500000000000002,0,0,0,0,0,0.2942,0,3.2182,0,0.0199,0,0.0794126380003779
120011386,0.1243,0.1296,0.0041,0.142,0,0,0,0,0.6826,0,3.5238,0,0.0138,0,0.14774252196874596
120021387,0.0508,0.025,0.0216,0.0289,0,0,0,0,0.428,0,1.8438,0,0.1797,0.0037,0.16579508037962423
120021388,0.2228,0.1047,0,0.2456,0,0,0,0,0.3885,0,3.4865,0,0.0242,0,0.08686805446861792
120021389,0.1252,0.12340000000000001,0.6055,0.3302,0,0,0,0,0.2949,0,1.6437,0,0.48100000000000004,0,0.08182801964538416
120031390,0.1646,0.2265,0.0411,0,0,0,0,0,0.191,0,3.0041,0,0.0426,0,0.05204501485054089
120031391,0.3121,0.1664,0.0186,0,0,0,0,0,0.2283,0,3.6616,0,0.1055,0,0.050818030050083465
120031392,0.0768,0.0505,0,0.0175,0,0,0,0,0.7737,0,2.1048999999999998,0,0,0.0041,0.25555739058629234
120031393,0.0414,0.0528,0.0305,0,0,0,0,0,0.4478,0,3.3986,0,0,0,0.11276472513913022
120031394,0.0088,0.1443,0,0.0139,0,0,0,0,0.1311,0,2.3959,0,0.0076,0,0.048526798933965054
120031395,0.0841,0.0939,0.0265,0.0299,0,0,0,0,0.2857,0,2.8936,0,0.0609,0,0.08222529211995624
120031396,0.277,0.0531,0,1.0079,0,0,0,0,0.3867,0,1.6984,0,0.4203,0,0.10061403965239112
120031575,0.0586,0.419,0.0114,0,0,0,0,0,0.9476,0,4.8784,0,0.1365,0,0.1468805704099822
120031576,0.0332,0.0239,0,0.741,0,0,0,0,0.1199,0,0.6804,0,0.9128000000000001,0,0.04774609748327493
121011398,0.4459,0.054099999999999995,0,0.35219999999999996,0,0,0,0,0.3294,0,3.8265,0,0.0597,0,0.06499861873002093
121011399,0.0132,0.12229999999999999,0,0,0,0,0,0,1.3725,0,4.0292,0,0,0,0.24786895904067036
121011400,0.1589,0.4973,0.0446,0.6322,0,0,0,0,1.3423,0,6.3808,0,0,0,0.1482205364340058
121011401,0.167,0.07100000000000001,0.2157,0.9087000000000001,0,0,0,0,0.2516,0,1.134,0,0.013000000000000001,0,0.09112640347700107
121011402,0.0868,0.1807,0.0048,0,0,0,0,0,3.0023,0,7.4353,0,0.0187,0.0232,0.2792369649733068
121021403,0.036199999999999996,0.2372,0,0.9565,0,0,0,0,26.0588,0,7.3962,0,0,0,0.7513009984171787
121021404,0.0916,0.162,0,0,0,0,0,0,75.9634,0,5.2913,0,0.2465,0,0.9291613458781626
121021406,0.1757,0.2763,0.0099,0.2427,0,0,0,0,3.1635,0,6.1201,0,0,0,0.31672373400612724
121021577,0.21209999999999998,0.2014,0.077,0.5934,0,0,0,0,0.2059,0,1.2621,0,0.017,0,0.08015103740900775
121021578,0.1027,0.125,0.0428,0.026,0,0,0,0,2.4494,0,3.5327,0,0.0112,0,0.38942414703170214
121021579,0.0384,0.096,0,0.0794,0,0,0,0,0.0657,0,1.8328,0,0,0,0.03110353642948445
121031407,0.1685,0.1334,0.0251,0,0,0,0,0,3.6925,0,7.6519,0,0,0,0.31637164350463526
121031408,0.3744,0.3775,0.0082,0,0,0,0,0,2.6337,0,8.4828,0,0,0,0.2217553845376623
121031409,0.2417,0.382,0,0,0,0,0,0,2.537,0,7.0907,0,0,0,0.24747839319507578
121031410,0.0743,0.3654,0,0,0,0,0,0,9.2143,0,8.1236,0,0,0,0.518309558095581
121031411,0.1266,0.3388,0.0854,0,0,0,0,0,11.7422,0,8.3496,0,0,0,0.568833383391627
121031412,0.0335,0.4657,0.3842,0,0,0,0,0,4.0822,0,8.3614,0,0,0,0.306310497486306
121041413,0.026500000000000003,0.055799999999999995,0,0,0,0,0,0,0.5272,0,2.6296,0,0,0,0.16276126084406162
121041414,0.2331,0.031,0.0143,0,0,0,0,0,0.5165,0,2.0481,0,0.1182,0,0.1744225314061867
121041415,0.43620000000000003,0.0956,0.0082,0.0071,0,0,0,0,1.8678,0,6.2354,0,0,0,0.21592314717408645
121041416,0.1051,0.0495,0,0,0,0,0,0.0188,0.1611,0,1.8761,0,0,0,0.07287614222383063
121041417,0.2794,0.23729999999999998,0,0,0,0,0,0,0.2645,0,0.852,0,0.2812,0,0.13816339323025492
122011418,0.0106,0.1697,0,0.1265,0,0,0,0,1.9603,0,5.3433,0,0,0,0.25758173026384945
122011419,0.0545,0.2077,0.0722,0.161,0,0,0,0,3.0055,0,3.2342,0,0,0,0.44624430223753175
122021420,0.055099999999999996,0.0823,0,0,0,0,0,0,2.1172,0,6.3511,0,0,0,0.246022984765911
122021421,0.023,0.0563,0,0,0,0,0,4.6554,50.0871,0,9.7612,0,0,0,0.7755461963674651
122021422,0.011899999999999999,0.0514,0,0,0,0,0,0,0.943,0,4.7918,0,0,0,0.1626394853486487
122021423,0.832,0.4135,0.176,0.637,0,0,0,0.4266,2.5763,0,6.6013,0,0,0,0.22090082056470628
122031424,0,0.1001,0,0,0,0,0,0,0.5656,0,3.6749,0,0,0,0.13030456618900613
122031425,0,0.0921,0,0.46950000000000003,0,0,0,0,4.0358,0,2.8941,0,0,0,0.53871721284122
122031426,0.1269,0.16240000000000002,0.0191,0.0353,0,0,0,0,0.607,0,3.1225,0,0,0,0.1490228812727094
122031427,0.0318,0.1407,0,0,0,0,0,0,4.6562,0,4.1024,0,0,0,0.5213467545990975
122031428,1.2923,0.741,0.0641,0,0,0,0,4.8158,9.2896,0,13.9293,0,0,0,0.3082958041424262
122031429,0.4649,0.20479999999999998,0.016,1.0323,0,0,0,0,1.8947,0,3.5599,0,0,0.0112,0.2637462067429494
122031430,0.0378,0.1795,0.11359999999999999,0.0191,0,0,0,0,4.6021,0,4.115,0,0,0.287,0.491987470734758
122031431,0.0267,0.1073,0,0,0,0,0,0,1.6594,0,5.3688,0,0,0,0.23168858730557648
122031432,0.0357,0.1944,0,0,0,0,0,0,59.302699999999994,0,9.868,0,0,1.143,0.8406507729949336
123011433,0.2476,0.12259999999999999,0.0231,0.1086,0,0,0,0,3.9455,10.6277,11.1183,0,0,0,0.15062954790137972
123011434,1.0684,0.2288,0,0,0,0,0,0,5.465,4.9799,9.6525,0,0.0752,0.0716,0.25369753126537736
123011435,0.4913,0.6879,0,2.7657,0,0,0,0,6.4843,3.2233,12.4815,0,0,0,0.24811739496441418
123021436,0.081,0.5798,0,0,0,0,0,21.7274,8.6525,0,5.6073,0,0,0.0075,0.2360491604261298
123021437,1.2279,1.5201,0.239,2.3879,0,0,0,0.6054,2.5645000000000002,0,5.1728,0,0,0.03,0.18654165090634003
123021438,0.1219,1.9943,0,0,0,0,0,0,3.859,9.7613,6.4832,0,0.6971,0,0.16839174753892341
123021439,0,0,0,0,0,0,0,0,129.823,0,0,0,0,0,1
123021440,0.0998,0.15510000000000002,0,4.4857,0,0,0,3.6118,3.1807,7.9117,11.0524,0,0.4217,0,0.10287235315616014
123021441,0.0764,0.1869,0,0,0,0,0,10.0976,8.7509,0,4.5343,0,0,0,0.3700779409712384
123021442,0.1226,2.1121,0,0.548,0,0,0,0,4.5221,0,8.6307,0,0.0827,0,0.2823101222359566
123021443,0.2841,0.2891,0.0077,3.4456,0,0,0,0,1.4826,0,6.9042,0,0,0,0.11943641094632369
123021444,0.0328,0.4973,0,0,0,0,0,2.1758,4.6939,33.0586,7.5719,0,0,0.052399999999999995,0.09762138981379999
123031445,0.0867,0.0576,0,0,0,0,0,49.0402,1.6849999999999998,10.242799999999999,6.6582,0,0,0,0.02486332548822865
123031446,0,0.0692,0,0,0,0,0,104.0518,43.4684,126.93299999999999,15.4237,0,0,0,0.14991889871945166
123031447,0.1775,0.163,0,0.39930000000000004,0,0,0,44.2711,66.5209,64.0179,14.3587,0,0,0,0.35027887128742063
123031448,0.4364,0.0337,0,6.7651,0,0,0,86.9882,82.82430000000001,138.3181,7.3696,0,0,0,0.2566322132620097
124011449,0.1164,0.0316,0,0.1538,0,0,0,123.8207,5.6091,0,9.485,0,0,0,0.04029045386828869
124011450,0.07239999999999999,0.5212,0,0.0801,0,0,0,0,16.160800000000002,0,12.782,0,0,0.077,0.5442537929176419
124011451,0.4221,0,0,0,0,0,0,6.7721,587.2995999999999,0,0.5428000000000001,0,0,0,0.9869974384768936
124011452,0.2266,0.3341,0,1.2082,0,0,0,5.217,16.1612,0,17.7263,0,0,0,0.3953965170502087
124011453,0.048299999999999996,0.1388,0,0.3889,0,0,0,13.4127,10.3505,0,22.5481,0,0,0,0.2207527411473896
124011454,0.1368,2.6768,0,0.1734,0,0,0,30.081699999999998,13.6435,0,22.9525,0,0,0,0.19584524156423555
124011455,0.0251,0.2433,0,0,0,0,0,0,10.4014,0,10.2553,0,0,0.1107,0.49446182222687035
124021456,0,0,0,0,0,0,0,187.0342,2199.6971,0,0.3395,0,0,69.8385,0.8953106653143443
124031457,0.0239,0.1798,0,0,0,0,0,0,1.4942,0,4.8892,0,0,0,0.2268373032138574
124031458,0,0.2647,0,0,0,0,0,29.9025,10.636,19.2374,11.476799999999999,0,0,0,0.14871905298570695
124031459,0.058,0.3247,0,2.3242,0,0,0,1.5969,2.286,0,6.4783,0,0,0.7259,0.16572422792518485
124031460,0.0661,0.2548,0,0,0,0,0,0,1.6584,0.6855,6.4692,0,0,0.099,0.17961659265677463
124031461,0,0.2256,0,1.0201,0,0,0,0,1.4063,1.0614999999999999,5.3046,0,0,0,0.15594193898936584
124031462,0.0853,2.9894,0.2028,0.3209,0,0,0,0.6735,3.206,1.4471,5.0979,0,0,0,0.22862603313152058
124031463,0,0.22280000000000003,0,0,0,0,0,38.7824,16.8845,91.9201,10.5053,0,0.1054,0.2571,0.10640758367910781
124031464,1.0404,0.1256,0.069,3.1136,0,0,0,0,1.8153,0,4.2302,0,0,0,0.1746471555978873
124031465,0,0.0315,0,0,0,0,0,8.132,25.0973,26.296,4.0575,0,0,0,0.39452292959287455
124041466,2.3395,13.8866,0.0617,0.4684,0,0,0,8.7329,2.55,38.4243,8.2094,0,0,0,0.03414898061944911
124041467,0.3812,0.34149999999999997,0.0883,1.1851,0,0,0,1.609,6.2302,4.0613,8.8334,0,0,0,0.27409590849098114
124041468,0,0.0355,0,0,0,0,0,35.192,15.2258,25.9124,5.0702,0,0,0,0.18696668177057046
124051469,5.2192,0.0935,0,0,0,0,0,0.029,1.1157,0,1.937,0,0,0,0.13291003526160297
124051470,0.0422,0.2143,0,0,0,0,0,0,1.094,0,5.853,0,0,0,0.1518706184493649
124051580,0,0.17149999999999999,0,0.0211,0,0,0,0,1.1277,0,3.3171,0,0.0147,0,0.2424066550590056
124051581,0.8491,0.3237,0.0077,3.2129,0,0,0,0,4.1655,0,4.3057,0,0,0,0.3237955319248169
125011473,4.1894,0.0215,0,2.0962,0,0,0,0,3.3653,0,1.5176,0,0,0.0719,0.2988216908336959
125011475,0,0,0,0,0,0,0,0,3.015,0,0,0,0,0,1
125011582,0.099,0.061200000000000004,0.0641,0.7554000000000001,0,0,0,0,0.5276,0,2.1832,0,0.0421,0,0.14134919359159834
125011583,0.0304,0.0533,0,0.9409,0,0,0,0,0.038099999999999995,0,0.8969,0,0.137,0,0.018172278927787843
125011584,0,0.0297,0.005,0.5287,0,0,0,0,0.41450000000000004,0,1.4534,0,0,0,0.17048492575988156
125011585,0.0373,0.0274,0,0,0,0,0,0,0.5575,0,1.423,0,0.0413,0,0.26719386532470646
125011586,0.2922,0.4078,0.08020000000000001,1.5921,0,0,0,0,0.45740000000000003,0,3.3618,0,0.2122,0,0.07142745600199885
125011587,0.057300000000000004,0.0568,0,0.6053,0,0,0,0,0.1443,0,1.1688,0,0,0,0.07099630996309965
125021476,0.099,0.4973,0,0,0,0,0,0,1.0601,0,8.0893,0,0,0,0.10877617821192938
125021477,1.8816,0.5775,0.060899999999999996,0.1085,0,0,0,0,1.3048,0,5.6117,0,0,0.3204,0.13226022259614412
125021478,0.0144,0.16419999999999998,0.0049,0,0,0,0,0,1.2914,0,4.6014,0,0,0,0.21253065187696463
125031479,0.1112,0.3039,0,2.1309,0,0,0,0,0.30469999999999997,0,4.4043,0,0.0126,0,0.04192580769442456
125031480,0.1699,0.2094,0,1.087,0,0,0,0,0.5639,0,3.6813000000000002,0,0,0,0.09873063118270156
125031481,0.9121,0.1512,0,0.16920000000000002,0,0,0,0,0.4659,0,3.9099,0,0,0,0.08307330207014603
125031482,0.0667,0.35509999999999997,0,2.4972,0,0,0,0,2.4722,0,6.4575,0,0,0,0.20864736215787388
125031483,0.7602,0.1398,0,0,0,0,0,0,1.6697,0,4.2265,0,0,0,0.24568141019981754
125031484,0.0252,0.2772,0.007,0.3428,0,0,0,0,0.4087,0,4.3677,0,0.0368,0,0.0747795220843854
125031485,0.327,0.1283,0,0.133,0,0,0,0,0.4474,0,5.6468,0,0.0363,0,0.06658927189379056
125031486,0,0,0,3.9297,0,0,0,0,0.372,0,0,0,0,0,0.08647743915196317
125031487,0,0,0,2.0311,0,0,0,0,0.035,0,0,0,0.0126,0,0.016837446480973687
125041489,0.414,1.3401,0.43329999999999996,0,0,0,0,0,1.9449,0,2.9111,0,0.0174,0,0.2754503738953093
125041490,0.0572,0.2893,0,0.4913,0,0,0,0,1.7866,0,2.7128,0,0.039,0,0.332316506082363
125041491,0.5396000000000001,0.3361,0.6731999999999999,0.0749,0,0,0,0,0.8758,0,3.4336,0,0,0,0.14761005865300345
125041492,4.0252,0.1322,0,0.11380000000000001,0,0,0,0,1.7689,0,2.3325,0,0.1239,0,0.2081916083093038
125041493,0.4036,0.17880000000000001,0,0,0,0,0,0,0.8217,0,6.0754,0,0,0,0.10986028477839428
125041494,0.1009,0.0866,0,0.2419,0,0,0,0,0.5825,0,3.336,0,0,0,0.1339727224637181
125041588,0.0382,0.1327,0.049600000000000005,1.1277,0,0,0,0,0.1245,0,2.6613,0,0.3275,0,0.027905412977698083
125041589,0.1458,0.10060000000000001,0.023600000000000003,0,0,0,0,0,0.2426,0,3.1282,0,0.295,0,0.061639310940596576
126011495,0.1283,0.17679999999999998,0.0087,0,0,0,0,0,1.283,0,7.2372,0,0.0466,0,0.14447222034547216
126011496,0.2235,0.3761,0,0,0,0,0,0,4.6255,0,8.0686,0,0,0,0.34794677177911343
126021497,0.1187,0.1751,0.0968,0,0,0,0,0,0.6053,0,6.7688,0,0.055400000000000005,0,0.07740310226211941
126021498,0.155,0.0946,0,0.2786,0,0,0,0,0.5151,0,3.6167,0,0.0562,0,0.10921928671387983
126021499,0.020900000000000002,0.2753,0.0084,0,0,0,0,0,0.6172,0,3.1541,0,0.0753,0,0.1486798997880131
126021500,0.6587000000000001,1.5606,0,1.7937,0,0,0,0,2.6564,0,3.9234,0,0.0792,0,0.24891304347826088
126021501,0.4345,0.0966,0.4614,0,0,0,0,0,1.9239,0,3.3068,0,0,0,0.3091496336290011
126021503,0.1572,0.3162,0.005,0.18409999999999999,0,0,0,0,0.6961,0,3.3869,0,0.0413,0.0055,0.1452538447092211
126021590,0.0189,0.018,0,0,0,0,0,0,0.2371,0,1.2454,0,0,0,0.1560484401737528
126021591,0.0626,0.3602,0.1177,0.0408,0,0,0,0,1.0652,0,5.5738,0,0.0479,0,0.14655623125395556
127011504,0.0445,0.3817,0,0,0,0,0,0,0.9076,0,4.1292,0,0,0,0.16613582280798095
127011505,0,0.15610000000000002,0,0,0,0,0,0,17.0679,38.047000000000004,55.443600000000004,0,0,0,0.15416123980035154
127011506,0.0653,0.1426,0,0,0,0,0,4.0099,2.4625,76.2929,49.1643,0,0,0,0.01863589064421531
127011592,0,0,0,0,0,0,0,0,0,17.5774,0,0,0,0,0
127011593,0,0.0988,0,0,0,0,0,0,1.8153000000000001,0,1.8336999999999999,0,0,0,0.4843641603073804
127011594,0.0483,0.1546,0,0,0,0,0,0,0.388,0,2.6236,0,0,0,0.12070306424016176
127011595,0.7793000000000001,0.1379,0,0.1925,0,0,0,0,0.9015,0,3.2138,0,0,0,0.17253588516746413
127011596,0.1462,0.1847,0,0,0,0,0,0.256,0.5264,0,2.8821,0,0.131,0,0.12756882512601783
127011597,0.0078,0.2137,0,0.0107,0,0,0,0,0.7533,0,8.2771,0,0,0,0.08132705719776304
127021509,0.10830000000000001,0.2619,0,0.1259,0,0,0,0,0.7118,0,3.9808,0,0,0,0.13718272399637674
127021510,0,0.168,0,0,0,0,0,0,4.3504,0,4.9962,0,0,0,0.4572341454186198
127021511,0.2289,0.2082,0,0.7274999999999999,0,0,0,0,2.16,0,4.2718,0,0,0,0.28434521615502084
127021512,0,0.11019999999999999,0,0,0,0,0,0,0.7998,0,4.4329,0,0,0,0.14969398641187368
127021513,0.1174,0.1214,0,0,0,0,0,0,0.8593,0,4.318,0,0,0,0.15865659792101328
127021514,0,0.06470000000000001,0,0,0,0,0,0,0.4422,0,2.5886,0,0,0,0.14285252786302696
127021515,0.5335,0.2348,0,0,0,0,0,0,0.5269,0,2.9352,0,0,0,0.12455086989409987
127021516,0.0692,0.1875,0,0,0,0,0,0,0.42869999999999997,0,4.0061,0,0,0,0.09137802408611319
127021517,0.0183,0.1412,0.1576,0,0,0,0,0,1.1154,0,2.2042,0,0,0,0.30670662963675854
127021518,0,0.7263999999999999,0,2.3929,0,0,0,4.0766,5.7067,24.8536,18.5211,0,0,0,0.10140323007678051
127021519,0.1277,0.2259,0,0.4842,0,0,0,0,0.9351,0,4.8394,0,0,0,0.14141826595889478
127021520,0,0.1265,0,0,0,0,0,0,0.656,0,2.8286000000000002,0,0,0,0.1816620974218382
127021521,0,0,0,6.712,0,0,0,0,1.8446,0,0,0,0,0,0.21557628029824932
127031522,0.1512,0.1704,0,0,0,0,0,0.5809,1.7706,0,4.1133,0,0.2855,0,0.2503711873753871
127031523,0.39470000000000005,0.1913,0,3.3609999999999998,0,0,0,0,4.1627,0,5.6391,0,0,0.7414000000000001,0.2872769181929856
127031524,0.0351,0.2647,0,0.4611,0,0,0,0,10.1548,0,62.756100000000004,0,0.0283,0,0.13778543041325586
127031598,0.6787,0.2394,0.1485,0.0651,0,0,0,0,1.4378,0,3.749,0,0,0,0.22755400807153595
127031599,0,0.136,0,0,0,0,0,0,0.5814,0,2.7491,0,0,0,0.1677196019039377
127031600,0.1853,0.2266,0,2.2749,0,0,0,4.2688,0.26389999999999997,1.9033,4.7475,0,0.262,0,0.018673535093367673
127031601,0,0.0509,0,1.531,0,0,0,0,2.2194,0,0.8489,0,0,0,0.4772697948475334
128011529,0.0904,0.1925,0,0,0,0,0,0,0.2121,0,5.3028,0,0,0,0.03658284176756701
128011530,0.3554,0.1957,0,0.2485,0,0,0,0,0.4685,0,4.7287,0,0,0,0.078125
128011531,0.0996,0.14479999999999998,0,0.6295,0,0,0,0,0.5008,0,4.6978,0,0,0,0.08247015232606011
128011602,0.2106,0.326,0.1054,1.0549,0,0,0,0,0.0872,0,2.2117,0,0,0,0.02182291405976275
128011603,0,0.0532,0,0,0,0,0,0,0.1335,0,3.8832,0,0,0,0.03280178874173813
128011604,0.0755,0.1746,0,8.4515,0,0,0,0,10.9941,0,5.2832,0,0,0.1076,0.4382476630857234
128011605,0,0.0249,0,0,0,0,0,0,0.0448,0,1.2009,0,0,0,0.03525893278765937
128011606,0.0081,0.1474,0,0,0,0,0,0,0.7744,0,2.3983,0,0,0,0.23267832461991467
128021533,0.0359,0.12469999999999999,0,0.0582,0,0,0,0,25.1712,0,2.2262,0,0,0,0.9114650096682382
128021534,0.015,0.1807,0,0,0,0,0,0,3.0791,0,3.9175,0,0.1055,0,0.4219216750253501
128021535,0.321,0.3606,0,0,0,0,0,0,25.8289,0,6.6711,0,0.2231,0,0.7732115540627515
128021536,0.0804,0.2729,0,0,0,0,0,0,1.9333,0,6.6187,0,0,0,0.21709543754842622
128021537,0,0,0,0,0,0,0,0,139.33360000000002,0,0,0,0,0,1
128021538,0.0975,0.40040000000000003,0,0.7801,0,0,0,0,1.5554000000000001,0,4.9213000000000005,0,0,0,0.20057513507937122
128021607,0.2506,0.2402,0,0,0,0,0,0,3.9021,0,4.5609,0,0,0,0.43580379280305565
128021608,0,0.139,0,0,0,0,0,0,1.2796,0,2.425,0,0,0,0.33291705692579876
128021609,0,0,0,0,0,0,0,0,1.9811,0,1.1563,0,0,0,0.631446420603047
197979799,0,0,0,0,0,0,0,0,0,0,0,0,0,0,NaN
199999499,0,0,0,0,0,0,0,0,0,0,0,0,0,0,NaN
